/* SPDX-License-Identifier: GPL-3.0-only */
#include "toolbox_icons.h"

#ifndef LV_ATTRIBUTE_IMAGE_TOOLBOX_ICON
#define LV_ATTRIBUTE_IMAGE_TOOLBOX_ICON
#endif

const LV_ATTRIBUTE_MEM_ALIGN LV_ATTRIBUTE_LARGE_CONST LV_ATTRIBUTE_IMAGE_TOOLBOX_ICON uint8_t toolbox_icon_system_map[] = {
    0x00, 0x00, 0x00, 0x00, 0x00, 0x00, 0x00, 0x00, 0x00, 0x00, 0x00, 0x00, 0x00, 0x00, 0x00, 0x00,
    0x00, 0x00, 0x00, 0x00, 0x00, 0x00, 0x00, 0x00, 0x00, 0x00, 0x00, 0x00, 0x00, 0x00, 0x00, 0x00,
    0x00, 0x00, 0x00, 0x00, 0x00, 0x00, 0x00, 0x00, 0x00, 0x00, 0x00, 0x00, 0x00, 0x00, 0x00, 0x00,
    0x00, 0x00, 0x00, 0x00, 0x00, 0x00, 0x00, 0x00, 0x00, 0x00, 0x00, 0x00, 0x00, 0x00, 0x00, 0x00,
    0x00, 0x00, 0x00, 0x00, 0x00, 0x00, 0x00, 0x00, 0x00, 0x00, 0x00, 0x00, 0x00, 0x00, 0x00, 0x00,
    0x00, 0x00, 0x00, 0x00, 0x00, 0x00, 0x00, 0x00, 0x00, 0x00, 0x00, 0x00, 0x00, 0x00, 0x00, 0x00,
    0x00, 0x00, 0x00, 0x00, 0x00, 0x00, 0x00, 0x00, 0x00, 0x00, 0x00, 0x00, 0x00, 0x00, 0x00, 0x00,
    0x00, 0x00, 0x00, 0x00, 0x00, 0x00, 0x00, 0x00, 0x00, 0x00, 0x00, 0x00, 0x00, 0x00, 0x00, 0x00,
    0x00, 0x00, 0x00, 0x00, 0x00, 0x00, 0x00, 0x00, 0x00, 0x00, 0x00, 0x00, 0x00, 0x00, 0x00, 0x00,
    0x00, 0x00, 0x00, 0x00, 0x00, 0x00, 0x00, 0x00, 0x00, 0x00, 0x00, 0x00, 0x00, 0x00, 0x00, 0x00,
    0x00, 0x00, 0x00, 0x00, 0x00, 0x00, 0x00, 0x00, 0x00, 0x00, 0x00, 0x00, 0x00, 0x00, 0x00, 0x00,
    0x00, 0x00, 0x00, 0x00, 0x00, 0x00, 0x00, 0x00, 0x00, 0x00, 0x00, 0x00, 0x00, 0x00, 0x00, 0x00,
    0x00, 0x00, 0x00, 0x00, 0x00, 0x00, 0x00, 0x00, 0x00, 0x00, 0x00, 0x00, 0x00, 0x00, 0x00, 0x00,
    0x00, 0x00, 0x00, 0x00, 0x00, 0x00, 0x00, 0x00, 0x00, 0x00, 0x00, 0x00, 0x00, 0x00, 0x00, 0x00,
    0x00, 0x00, 0x00, 0x00, 0x00, 0x00, 0x00, 0x00, 0x00, 0x00, 0x00, 0x00, 0x00, 0x00, 0x00, 0x00,
    0x00, 0x00, 0x00, 0x00, 0x00, 0x00, 0x00, 0x00, 0x00, 0x00, 0x00, 0x00, 0x00, 0x00, 0x00, 0x00,
    0x00, 0x00, 0x00, 0x00, 0x00, 0x00, 0x00, 0x00, 0x00, 0x00, 0x00, 0x00, 0x00, 0x00, 0x00, 0x00,
    0x00, 0x00, 0x00, 0x00, 0x00, 0x00, 0x00, 0x00, 0x00, 0x00, 0x00, 0x00, 0x00, 0x00, 0x00, 0x00,
    0x00, 0x00, 0x00, 0x00, 0x00, 0x00, 0x00, 0x00, 0x00, 0x00, 0x00, 0x00, 0x00, 0x00, 0x00, 0x00,
    0x00, 0x00, 0x00, 0x00, 0x00, 0x00, 0x00, 0x00, 0x00, 0x00, 0x00, 0x00, 0x00, 0x00, 0x00, 0x00,
    0x00, 0x00, 0x00, 0x00, 0x00, 0x00, 0x00, 0x00, 0x00, 0x00, 0x00, 0x00, 0x00, 0x00, 0x00, 0x00,
    0x00, 0x00, 0x00, 0x00, 0x00, 0x00, 0x00, 0x00, 0x00, 0x00, 0x00, 0x00, 0x00, 0x00, 0x00, 0x00,
    0x00, 0x00, 0x00, 0x00, 0x00, 0x00, 0x00, 0x00, 0x00, 0x00, 0x00, 0x00, 0x00, 0x00, 0x00, 0x00,
    0x00, 0x00, 0x00, 0x00, 0x00, 0x00, 0x00, 0x00, 0x00, 0x00, 0x00, 0x00, 0x00, 0x00, 0x00, 0x00,
    0x00, 0x00, 0x00, 0x00, 0x00, 0x00, 0x00, 0x00, 0x00, 0x00, 0x00, 0x00, 0x00, 0x00, 0x00, 0x00,
    0x00, 0x00, 0x00, 0x00, 0x00, 0x00, 0x00, 0x00, 0x00, 0x00, 0x00, 0x00, 0x00, 0x00, 0x00, 0x00,
    0x00, 0x00, 0x00, 0x00, 0x00, 0x00, 0x00, 0x00, 0x00, 0x00, 0x00, 0x00, 0x00, 0x00, 0x00, 0x00,
    0xb6, 0x91, 0x91, 0x07, 0x8b, 0x8b, 0x73, 0x0b, 0x8b, 0x8b, 0x73, 0x0b, 0x8b, 0x8b, 0x73, 0x0b,
    0xa2, 0x8b, 0x73, 0x0b, 0x8b, 0x8b, 0x73, 0x0b, 0x8b, 0x8b, 0x73, 0x0b, 0x8b, 0x8b, 0x73, 0x0b,
    0x8b, 0x73, 0x73, 0x0b, 0x8b, 0x73, 0x73, 0x0b, 0x8b, 0x73, 0x73, 0x0b, 0x8b, 0x73, 0x73, 0x0b,
    0x8b, 0x73, 0x5c, 0x0b, 0x8b, 0x73, 0x5c, 0x0b, 0x8b, 0x73, 0x5c, 0x0b, 0x8b, 0x73, 0x5c, 0x0b,
    0x8b, 0x73, 0x5c, 0x0b, 0x8b, 0x73, 0x5c, 0x0b, 0x8b, 0x73, 0x5c, 0x0b, 0x8b, 0x73, 0x5c, 0x0b,
    0x73, 0x73, 0x5c, 0x0b, 0x73, 0x5c, 0x5c, 0x0b, 0x73, 0x5c, 0x5c, 0x0b, 0x91, 0x6d, 0x6d, 0x07,
    0x00, 0x00, 0x00, 0x00, 0x00, 0x00, 0x00, 0x00, 0x00, 0x00, 0x00, 0x00, 0x00, 0x00, 0x00, 0x00,
    0x00, 0x00, 0x00, 0x00, 0x00, 0x00, 0x00, 0x00, 0x00, 0x00, 0x00, 0x00, 0x00, 0x00, 0x00, 0x00,
    0x00, 0x00, 0x00, 0x00, 0x00, 0x00, 0x00, 0x00, 0x00, 0x00, 0x00, 0x00, 0x00, 0x00, 0x00, 0x00,
    0x00, 0x00, 0x00, 0x00, 0x00, 0x00, 0x00, 0x00, 0x00, 0x00, 0x00, 0x00, 0x00, 0x00, 0x00, 0x00,
    0x00, 0x00, 0x00, 0x00, 0x00, 0x00, 0x00, 0x00, 0x00, 0x00, 0x00, 0x00, 0x00, 0x00, 0x00, 0x00,
    0x6d, 0x6d, 0x5b, 0x0e, 0x7b, 0x6d, 0x62, 0x5b, 0x72, 0x65, 0x5a, 0xa1, 0x6a, 0x5f, 0x53, 0xcc,
    0x61, 0x55, 0x4b, 0xdf, 0x5b, 0x50, 0x46, 0xe4, 0x59, 0x4d, 0x45, 0xe5, 0x59, 0x4d, 0x43, 0xe5,
    0x57, 0x4c, 0x42, 0xe5, 0x56, 0x4c, 0x41, 0xe5, 0x56, 0x4b, 0x41, 0xe5, 0x55, 0x4b, 0x41, 0xe5,
    0x55, 0x4a, 0x40, 0xe5, 0x53, 0x49, 0x3f, 0xe5, 0x53, 0x48, 0x3f, 0xe5, 0x53, 0x48, 0x3f, 0xe5,
    0x51, 0x47, 0x3d, 0xe5, 0x50, 0x46, 0x3d, 0xe5, 0x51, 0x46, 0x3d, 0xe5, 0x4f, 0x45, 0x3c, 0xe4,
    0x4d, 0x43, 0x3b, 0xe5, 0x4c, 0x42, 0x39, 0xe5, 0x4c, 0x41, 0x39, 0xe4, 0x4c, 0x42, 0x39, 0xe5,
    0x4b, 0x40, 0x38, 0xe5, 0x4b, 0x41, 0x38, 0xe5, 0x4b, 0x41, 0x38, 0xe5, 0x4d, 0x42, 0x3a, 0xdf,
    0x50, 0x44, 0x3d, 0xcc, 0x51, 0x46, 0x3e, 0xa2, 0x52, 0x47, 0x3f, 0x5d, 0x44, 0x33, 0x33, 0x0f,
    0x00, 0x00, 0x00, 0x00, 0x00, 0x00, 0x00, 0x00, 0x00, 0x00, 0x00, 0x00, 0x00, 0x00, 0x00, 0x00,
    0x00, 0x00, 0x00, 0x00, 0x00, 0x00, 0x00, 0x00, 0x00, 0x00, 0x00, 0x00, 0x00, 0x00, 0x00, 0x00,
    0x00, 0x00, 0x00, 0x00, 0x00, 0x00, 0x00, 0x00, 0x00, 0x00, 0x00, 0x00, 0x00, 0x00, 0x00, 0x00,
    0x00, 0x00, 0x00, 0x00, 0x00, 0x00, 0x00, 0x00, 0x00, 0x00, 0x00, 0x00, 0x75, 0x69, 0x60, 0x6a,
    0x6d, 0x62, 0x56, 0xe2, 0x5f, 0x54, 0x4a, 0xff, 0x4e, 0x43, 0x3a, 0xff, 0x44, 0x3a, 0x32, 0xff,
    0x3d, 0x34, 0x2d, 0xff, 0x3c, 0x33, 0x2b, 0xff, 0x3c, 0x34, 0x2b, 0xff, 0x3c, 0x34, 0x2b, 0xff,
    0x3b, 0x32, 0x2b, 0xff, 0x3b, 0x32, 0x2b, 0xff, 0x3a, 0x31, 0x2b, 0xff, 0x39, 0x30, 0x2a, 0xff,
    0x3a, 0x31, 0x2a, 0xff, 0x3a, 0x32, 0x2a, 0xff, 0x39, 0x30, 0x29, 0xff, 0x38, 0x2f, 0x29, 0xff,
    0x38, 0x2f, 0x29, 0xff, 0x37, 0x2f, 0x28, 0xff, 0x38, 0x30, 0x28, 0xff, 0x36, 0x2d, 0x27, 0xff,
    0x36, 0x2e, 0x26, 0xff, 0x35, 0x2c, 0x26, 0xff, 0x34, 0x2c, 0x26, 0xff, 0x35, 0x2c, 0x25, 0xff,
    0x34, 0x2c, 0x25, 0xff, 0x34, 0x2c, 0x26, 0xff, 0x33, 0x2c, 0x25, 0xff, 0x34, 0x2c, 0x25, 0xff,
    0x38, 0x30, 0x28, 0xff, 0x3e, 0x35, 0x2d, 0xff, 0x46, 0x3d, 0x35, 0xff, 0x4a, 0x40, 0x38, 0xe3,
    0x48, 0x3f, 0x35, 0x6d, 0x00, 0x00, 0x00, 0x00, 0x00, 0x00, 0x00, 0x00, 0x00, 0x00, 0x00, 0x00,
    0x00, 0x00, 0x00, 0x00, 0x00, 0x00, 0x00, 0x00, 0x00, 0x00, 0x00, 0x00, 0x00, 0x00, 0x00, 0x00,
    0x00, 0x00, 0x00, 0x00, 0x00, 0x00, 0x00, 0x00, 0x00, 0x00, 0x00, 0x00, 0x00, 0x00, 0x00, 0x00,
    0x00, 0x00, 0x00, 0x00, 0x4c, 0x4c, 0x4c, 0x0a, 0x70, 0x63, 0x59, 0xae, 0x65, 0x59, 0x4e, 0xff,
    0x41, 0x38, 0x31, 0xff, 0x34, 0x2c, 0x26, 0xfc, 0x36, 0x2d, 0x28, 0xfc, 0x38, 0x2f, 0x29, 0xfc,
    0x3a, 0x31, 0x2a, 0xfd, 0x3a, 0x32, 0x2a, 0xfd, 0x3a, 0x31, 0x2a, 0xfd, 0x3a, 0x31, 0x2a, 0xfc,
    0x39, 0x30, 0x2a, 0xfc, 0x2e, 0x25, 0x2b, 0xfc, 0x2e, 0x25, 0x2b, 0xfc, 0x37, 0x2f, 0x28, 0xfc,
    0x37, 0x2f, 0x28, 0xfd, 0x39, 0x30, 0x28, 0xfd, 0x38, 0x2f, 0x29, 0xfd, 0x2b, 0x22, 0x29, 0xfc,
    0x2c, 0x24, 0x28, 0xfc, 0x36, 0x2e, 0x26, 0xfd, 0x35, 0x2d, 0x25, 0xfd, 0x35, 0x2c, 0x25, 0xfd,
    0x34, 0x2b, 0x25, 0xfd, 0x28, 0x1f, 0x26, 0xfc, 0x2a, 0x22, 0x25, 0xfc, 0x33, 0x2b, 0x24, 0xfd,
    0x31, 0x2a, 0x24, 0xfc, 0x31, 0x2a, 0x23, 0xfc, 0x31, 0x2a, 0x22, 0xfc, 0x31, 0x2a, 0x23, 0xfc,
    0x30, 0x29, 0x22, 0xfc, 0x2d, 0x27, 0x20, 0xfc, 0x2d, 0x26, 0x1f, 0xfd, 0x34, 0x2d, 0x26, 0xff,
    0x45, 0x3b, 0x33, 0xff, 0x44, 0x3a, 0x32, 0xaf, 0x38, 0x38, 0x1c, 0x09, 0x00, 0x00, 0x00, 0x00,
    0x00, 0x00, 0x00, 0x00, 0x00, 0x00, 0x00, 0x01, 0x00, 0x00, 0x00, 0x00, 0x00, 0x00, 0x00, 0x00,
    0x00, 0x00, 0x00, 0x00, 0x00, 0x00, 0x00, 0x00, 0x00, 0x00, 0x00, 0x00, 0x00, 0x00, 0x00, 0x00,
    0x3f, 0x3f, 0x3f, 0x04, 0x68, 0x5e, 0x53, 0xbb, 0x5b, 0x50, 0x46, 0xff, 0x36, 0x2d, 0x27, 0xfd,
    0x36, 0x2e, 0x28, 0xfc, 0x39, 0x30, 0x2a, 0xfc, 0x39, 0x30, 0x2a, 0xfc, 0x3a, 0x31, 0x29, 0xfd,
    0x3a, 0x32, 0x2a, 0xfd, 0x3a, 0x31, 0x29, 0xfd, 0x39, 0x30, 0x29, 0xfc, 0x39, 0x30, 0x29, 0xfd,
    0x32, 0x29, 0x2a, 0xfc, 0x5f, 0x57, 0x23, 0xfd, 0x5a, 0x53, 0x21, 0xfd, 0x30, 0x28, 0x28, 0xfd,
    0x37, 0x2e, 0x28, 0xfc, 0x37, 0x2e, 0x28, 0xfc, 0x31, 0x28, 0x27, 0xfd, 0x5f, 0x58, 0x20, 0xfd,
    0x56, 0x4e, 0x1e, 0xfd, 0x2f, 0x26, 0x25, 0xfd, 0x34, 0x2c, 0x25, 0xfd, 0x33, 0x2a, 0x25, 0xfc,
    0x30, 0x27, 0x25, 0xfc, 0x62, 0x5c, 0x1d, 0xfd, 0x4d, 0x45, 0x1d, 0xfd, 0x2b, 0x23, 0x23, 0xfc,
    0x31, 0x2a, 0x23, 0xfc, 0x31, 0x2a, 0x23, 0xfc, 0x30, 0x29, 0x22, 0xfc, 0x2f, 0x29, 0x22, 0xfc,
    0x30, 0x29, 0x22, 0xfd, 0x2f, 0x29, 0x21, 0xfc, 0x2e, 0x28, 0x21, 0xfc, 0x2c, 0x26, 0x1f, 0xfc,
    0x2d, 0x27, 0x20, 0xfd, 0x3d, 0x34, 0x2d, 0xff, 0x3e, 0x34, 0x2c, 0xb8, 0x00, 0x00, 0x00, 0x03,
    0x00, 0x00, 0x00, 0x00, 0x00, 0x00, 0x00, 0x00, 0x00, 0x00, 0x00, 0x01, 0x00, 0x00, 0x00, 0x00,
    0x00, 0x00, 0x00, 0x00, 0x00, 0x00, 0x00, 0x00, 0x00, 0x00, 0x00, 0x00, 0x00, 0x00, 0x00, 0x00,
    0x65, 0x59, 0x50, 0x8c, 0x5b, 0x50, 0x45, 0xff, 0x35, 0x2c, 0x26, 0xfd, 0x37, 0x2f, 0x29, 0xfc,
    0x3a, 0x31, 0x29, 0xfd, 0x3a, 0x31, 0x29, 0xfd, 0x39, 0x30, 0x29, 0xfc, 0x3a, 0x31, 0x29, 0xfd,
    0x3a, 0x31, 0x29, 0xfd, 0x39, 0x30, 0x29, 0xfc, 0x38, 0x2f, 0x28, 0xfc, 0x2e, 0x25, 0x29, 0xfd,
    0x5c, 0x54, 0x1d, 0xfd, 0xfe, 0xfa, 0x03, 0xfd, 0xf8, 0xf2, 0x01, 0xfd, 0x4e, 0x46, 0x19, 0xfd,
    0x2b, 0x23, 0x27, 0xfc, 0x29, 0x20, 0x28, 0xfc, 0x64, 0x5c, 0x1a, 0xfd, 0xfe, 0xf9, 0x01, 0xfd,
    0xed, 0xe4, 0x01, 0xfd, 0x45, 0x3d, 0x19, 0xfd, 0x2a, 0x23, 0x25, 0xfc, 0x24, 0x1c, 0x25, 0xfc,
    0x72, 0x6b, 0x16, 0xfd, 0xfe, 0xfe, 0x00, 0xfd, 0xde, 0xd5, 0x02, 0xfd, 0x37, 0x2f, 0x19, 0xfd,
    0x2b, 0x24, 0x23, 0xfc, 0x30, 0x29, 0x22, 0xfc, 0x30, 0x29, 0x21, 0xfc, 0x30, 0x28, 0x21, 0xfd,
    0x2e, 0x28, 0x21, 0xfc, 0x2e, 0x27, 0x20, 0xfc, 0x2d, 0x27, 0x20, 0xfc, 0x2d, 0x26, 0x1f, 0xfc,
    0x2c, 0x26, 0x1f, 0xfc, 0x2b, 0x25, 0x1f, 0xfc, 0x3c, 0x33, 0x2b, 0xff, 0x39, 0x2f, 0x27, 0x86,
    0x00, 0x00, 0x00, 0x00, 0x00, 0x00, 0x00, 0x00, 0x00, 0x00, 0x00, 0x00, 0x00, 0x00, 0x00, 0x00,
    0x00, 0x00, 0x00, 0x00, 0x00, 0x00, 0x00, 0x00, 0x00, 0x00, 0x00, 0x00, 0x64, 0x58, 0x4d, 0x2b,
    0x5b, 0x50, 0x45, 0xfd, 0x39, 0x30, 0x29, 0xfe, 0x38, 0x2f, 0x29, 0xfc, 0x39, 0x2f, 0x29, 0xfc,
    0x38, 0x2f, 0x28, 0xfd, 0x39, 0x30, 0x28, 0xfd, 0x39, 0x31, 0x29, 0xfd, 0x39, 0x30, 0x28, 0xfd,
    0x39, 0x30, 0x29, 0xfc, 0x39, 0x30, 0x28, 0xfd, 0x39, 0x30, 0x28, 0xfd, 0x27, 0x1e, 0x29, 0xfc,
    0x76, 0x6f, 0x14, 0xfd, 0xfe, 0xfb, 0x00, 0xfc, 0xfe, 0xf6, 0x00, 0xfc, 0x60, 0x59, 0x0d, 0xfd,
    0x23, 0x1b, 0x23, 0xfc, 0x23, 0x1b, 0x26, 0xfc, 0x83, 0x7a, 0x11, 0xfd, 0xfe, 0xf6, 0x00, 0xfc,
    0xf4, 0xea, 0x00, 0xfd, 0x53, 0x4b, 0x0c, 0xfd, 0x22, 0x1c, 0x22, 0xfc, 0x1e, 0x17, 0x23, 0xfc,
    0x92, 0x8b, 0x0c, 0xfd, 0xfe, 0xf5, 0x00, 0xfc, 0xeb, 0xe0, 0x00, 0xfc, 0x42, 0x3a, 0x0e, 0xfd,
    0x24, 0x1e, 0x21, 0xfc, 0x30, 0x29, 0x21, 0xfc, 0x31, 0x28, 0x21, 0xfd, 0x30, 0x28, 0x21, 0xfd,
    0x2d, 0x27, 0x20, 0xfc, 0x2e, 0x27, 0x1f, 0xfc, 0x2d, 0x26, 0x1f, 0xfc, 0x2c, 0x25, 0x1e, 0xfc,
    0x2c, 0x25, 0x1e, 0xfc, 0x2b, 0x25, 0x1e, 0xfc, 0x2d, 0x27, 0x20, 0xfe, 0x37, 0x2e, 0x27, 0xfc,
    0x34, 0x2d, 0x20, 0x27, 0x00, 0x00, 0x00, 0x00, 0x00, 0x00, 0x00, 0x00, 0x00, 0x00, 0x00, 0x00,
    0x00, 0x00, 0x00, 0x00, 0x00, 0x00, 0x00, 0x00, 0x00, 0x00, 0x00, 0x00, 0x5d, 0x51, 0x47, 0x99,
    0x4c, 0x42, 0x39, 0xff, 0x35, 0x2c, 0x26, 0xfc, 0x39, 0x30, 0x29, 0xfc, 0x38, 0x30, 0x29, 0xfc,
    0x38, 0x2f, 0x28, 0xfd, 0x39, 0x30, 0x28, 0xfd, 0x3a, 0x31, 0x29, 0xfd, 0x39, 0x30, 0x28, 0xfd,
    0x39, 0x30, 0x28, 0xfd, 0x38, 0x2f, 0x27, 0xfc, 0x36, 0x2e, 0x27, 0xfc, 0x25, 0x1c, 0x28, 0xfc,
    0x72, 0x6a, 0x14, 0xfd, 0xfe, 0xf8, 0x00, 0xfc, 0xfb, 0xf1, 0x00, 0xfc, 0x5a, 0x52, 0x0b, 0xfc,
    0x1f, 0x19, 0x21, 0xfc, 0x21, 0x1a, 0x25, 0xfc, 0x7b, 0x74, 0x10, 0xfd, 0xfc, 0xf2, 0x00, 0xfc,
    0xf1, 0xe6, 0x00, 0xfc, 0x4c, 0x44, 0x0b, 0xfd, 0x20, 0x1a, 0x20, 0xfc, 0x1d, 0x16, 0x23, 0xfc,
    0x8c, 0x83, 0x0c, 0xfd, 0xfd, 0xf2, 0x00, 0xfc, 0xe6, 0xdb, 0x00, 0xfc, 0x3c, 0x34, 0x0c, 0xfd,
    0x22, 0x1b, 0x1f, 0xfc, 0x2f, 0x29, 0x21, 0xfc, 0x31, 0x29, 0x21, 0xfd, 0x30, 0x28, 0x20, 0xfd,
    0x2e, 0x26, 0x1f, 0xfd, 0x2e, 0x27, 0x1f, 0xfc, 0x2d, 0x26, 0x1f, 0xfc, 0x2b, 0x25, 0x1e, 0xfc,
    0x2b, 0x25, 0x1e, 0xfc, 0x2a, 0x24, 0x1d, 0xfc, 0x29, 0x23, 0x1c, 0xfc, 0x35, 0x2d, 0x25, 0xff,
    0x36, 0x2b, 0x24, 0x92, 0x00, 0x00, 0x00, 0x00, 0x00, 0x00, 0x00, 0x00, 0x00, 0x00, 0x00, 0x00,
    0x00, 0x00, 0x00, 0x00, 0x00, 0x00, 0x00, 0x00, 0x66, 0x4c, 0x4c, 0x0a, 0x53, 0x48, 0x3f, 0xe6,
    0x3c, 0x33, 0x2c, 0xff, 0x38, 0x2f, 0x29, 0xfc, 0x38, 0x30, 0x29, 0xfc, 0x38, 0x2f, 0x28, 0xfc,
    0x38, 0x2f, 0x28, 0xfc, 0x37, 0x2f, 0x28, 0xfc, 0x38, 0x2f, 0x27, 0xfd, 0x37, 0x2e, 0x26, 0xfd,
    0x36, 0x2d, 0x27, 0xfc, 0x2b, 0x22, 0x25, 0xfc, 0x28, 0x1f, 0x25, 0xfd, 0x1c, 0x14, 0x26, 0xfd,
    0x65, 0x5d, 0x12, 0xfd, 0xf1, 0xe6, 0x00, 0xfd, 0xed, 0xe2, 0x01, 0xfc, 0x4e, 0x47, 0x0b, 0xfd,
    0x16, 0x0f, 0x1f, 0xfd, 0x17, 0x0f, 0x22, 0xfd, 0x6e, 0x65, 0x0f, 0xfd, 0xec, 0xe0, 0x00, 0xfc,
    0xe2, 0xd6, 0x00, 0xfd, 0x42, 0x3a, 0x0b, 0xfd, 0x17, 0x10, 0x1d, 0xfd, 0x13, 0x0d, 0x20, 0xfc,
    0x7d, 0x73, 0x0c, 0xfd, 0xed, 0xe0, 0x01, 0xfd, 0xd9, 0xce, 0x01, 0xfd, 0x32, 0x2b, 0x0c, 0xfd,
    0x18, 0x11, 0x1c, 0xfd, 0x1d, 0x16, 0x1f, 0xfc, 0x24, 0x1d, 0x20, 0xfc, 0x30, 0x28, 0x20, 0xfd,
    0x2e, 0x27, 0x1f, 0xfc, 0x2c, 0x26, 0x1e, 0xfc, 0x2b, 0x25, 0x1d, 0xfc, 0x2a, 0x24, 0x1d, 0xfc,
    0x2a, 0x24, 0x1d, 0xfc, 0x2a, 0x23, 0x1c, 0xfc, 0x2a, 0x23, 0x1d, 0xfc, 0x2e, 0x27, 0x20, 0xff,
    0x32, 0x2a, 0x23, 0xdf, 0x2a, 0x2a, 0x00, 0x06, 0x00, 0x00, 0x00, 0x00, 0x00, 0x00, 0x00, 0x00,
    0x00, 0x00, 0x00, 0x00, 0x00, 0x00, 0x00, 0x00, 0x56, 0x4c, 0x42, 0x32, 0x4d, 0x42, 0x39, 0xff,
    0x36, 0x2e, 0x28, 0xfe, 0x37, 0x2f, 0x28, 0xfc, 0x38, 0x2f, 0x28, 0xfc, 0x36, 0x2d, 0x27, 0xfc,
    0x37, 0x2e, 0x27, 0xfc, 0x37, 0x2f, 0x27, 0xfd, 0x36, 0x2d, 0x26, 0xfc, 0x36, 0x2d, 0x26, 0xfc,
    0x26, 0x1c, 0x23, 0xfc, 0x5d, 0x56, 0x28, 0xfd, 0xb2, 0xaf, 0x2a, 0xfd, 0xc6, 0xc4, 0x25, 0xfd,
    0xd5, 0xd1, 0x21, 0xfd, 0xf1, 0xed, 0x1f, 0xfd, 0xf1, 0xec, 0x1e, 0xfd, 0xd0, 0xcc, 0x1e, 0xfd,
    0xc4, 0xc0, 0x22, 0xfd, 0xc3, 0xc0, 0x21, 0xfd, 0xd6, 0xd1, 0x1d, 0xfd, 0xef, 0xea, 0x1b, 0xfd,
    0xed, 0xe8, 0x1b, 0xfd, 0xcc, 0xc8, 0x1c, 0xfd, 0xc3, 0xbf, 0x1e, 0xfd, 0xc2, 0xbe, 0x1f, 0xfd,
    0xd7, 0xd2, 0x1d, 0xfd, 0xee, 0xe8, 0x1a, 0xfd, 0xeb, 0xe5, 0x18, 0xfd, 0xc8, 0xc4, 0x1b, 0xfd,
    0xc2, 0xbe, 0x1d, 0xfd, 0xa8, 0xa4, 0x18, 0xfd, 0x48, 0x41, 0x18, 0xfc, 0x1e, 0x18, 0x1f, 0xfc,
    0x2e, 0x27, 0x1f, 0xfc, 0x2c, 0x25, 0x1e, 0xfc, 0x2a, 0x25, 0x1d, 0xfc, 0x2a, 0x24, 0x1d, 0xfc,
    0x2a, 0x24, 0x1d, 0xfc, 0x2a, 0x23, 0x1d, 0xfc, 0x2a, 0x24, 0x1c, 0xfc, 0x2a, 0x23, 0x1c, 0xff,
    0x30, 0x28, 0x21, 0xfd, 0x2c, 0x26, 0x1f, 0x28, 0x00, 0x00, 0x00, 0x00, 0x00, 0x00, 0x00, 0x00,
    0x00, 0x00, 0x00, 0x00, 0x00, 0x00, 0x00, 0x00, 0x51, 0x48, 0x3e, 0x51, 0x4a, 0x3f, 0x37, 0xff,
    0x36, 0x2d, 0x27, 0xfd, 0x37, 0x2e, 0x28, 0xfc, 0x36, 0x2e, 0x27, 0xfc, 0x36, 0x2d, 0x27, 0xfc,
    0x36, 0x2d, 0x27, 0xfc, 0x36, 0x2d, 0x26, 0xfc, 0x35, 0x2c, 0x26, 0xfc, 0x26, 0x1d, 0x24, 0xfc,
    0x71, 0x6a, 0x26, 0xfd, 0xfd, 0xfc, 0x1f, 0xfd, 0xfe, 0xfe, 0x06, 0xfd, 0xfe, 0xfe, 0x00, 0xfd,
    0xfe, 0xfe, 0x01, 0xfd, 0xfe, 0xfe, 0x01, 0xfc, 0xfe, 0xfe, 0x01, 0xfc, 0xfe, 0xfe, 0x01, 0xfc,
    0xfe, 0xfe, 0x00, 0xfc, 0xfe, 0xfe, 0x00, 0xfc, 0xfe, 0xfe, 0x01, 0xfc, 0xfe, 0xfc, 0x02, 0xfc,
    0xfe, 0xfb, 0x02, 0xfc, 0xfe, 0xfe, 0x02, 0xfc, 0xfe, 0xfe, 0x01, 0xfc, 0xfe, 0xfe, 0x00, 0xfc,
    0xfe, 0xfc, 0x01, 0xfc, 0xfe, 0xf6, 0x02, 0xfc, 0xfe, 0xf7, 0x02, 0xfc, 0xfe, 0xfe, 0x01, 0xfc,
    0xfe, 0xfe, 0x01, 0xfd, 0xfe, 0xfe, 0x04, 0xfd, 0xf2, 0xec, 0x07, 0xfd, 0x53, 0x4b, 0x13, 0xfd,
    0x1e, 0x17, 0x1e, 0xfc, 0x2b, 0x25, 0x1e, 0xfc, 0x2a, 0x24, 0x1d, 0xfc, 0x2a, 0x24, 0x1d, 0xfc,
    0x2a, 0x23, 0x1c, 0xfc, 0x2a, 0x23, 0x1c, 0xfc, 0x2a, 0x23, 0x1c, 0xfc, 0x2a, 0x22, 0x1b, 0xfd,
    0x30, 0x28, 0x22, 0xff, 0x2d, 0x25, 0x21, 0x44, 0x00, 0x00, 0x00, 0x00, 0x00, 0x00, 0x00, 0x00,
    0x00, 0x00, 0x00, 0x00, 0x00, 0x00, 0x00, 0x00, 0x4e, 0x44, 0x3c, 0x61, 0x48, 0x3e, 0x35, 0xff,
    0x36, 0x2d, 0x27, 0xfd, 0x36, 0x2d, 0x27, 0xfc, 0x35, 0x2d, 0x26, 0xfc, 0x36, 0x2d, 0x27, 0xfc,
    0x37, 0x2e, 0x27, 0xfc, 0x36, 0x2d, 0x26, 0xfc, 0x2e, 0x26, 0x25, 0xfc, 0x39, 0x32, 0x21, 0xfc,
    0xed, 0xeb, 0x19, 0xfd, 0xfe, 0xfe, 0x00, 0xfd, 0xea, 0xe5, 0x00, 0xfd, 0x81, 0x78, 0x04, 0xfd,
    0x66, 0x5e, 0x0a, 0xfd, 0x6b, 0x63, 0x09, 0xfd, 0x6c, 0x63, 0x09, 0xfd, 0x6b, 0x63, 0x09, 0xfd,
    0x6a, 0x62, 0x09, 0xfd, 0x6a, 0x61, 0x08, 0xfd, 0x6a, 0x61, 0x09, 0xfd, 0x6a, 0x61, 0x09, 0xfd,
    0x69, 0x60, 0x09, 0xfd, 0x68, 0x5f, 0x09, 0xfd, 0x68, 0x5f, 0x08, 0xfd, 0x67, 0x5e, 0x08, 0xfd,
    0x66, 0x5d, 0x08, 0xfd, 0x66, 0x5d, 0x07, 0xfd, 0x65, 0x5c, 0x08, 0xfd, 0x5d, 0x55, 0x08, 0xfd,
    0x83, 0x78, 0x04, 0xfd, 0xe8, 0xde, 0x01, 0xfc, 0xfe, 0xf8, 0x01, 0xfc, 0xc9, 0xc0, 0x04, 0xfd,
    0x21, 0x19, 0x16, 0xfd, 0x2a, 0x22, 0x1d, 0xfd, 0x2b, 0x24, 0x1d, 0xfc, 0x2a, 0x24, 0x1d, 0xfc,
    0x2a, 0x23, 0x1c, 0xfc, 0x2a, 0x23, 0x1c, 0xfc, 0x2a, 0x22, 0x1b, 0xfc, 0x2a, 0x22, 0x1b, 0xfd,
    0x2f, 0x27, 0x20, 0xff, 0x2c, 0x25, 0x1f, 0x51, 0x00, 0x00, 0x00, 0x00, 0x00, 0x00, 0x00, 0x00,
    0x00, 0x00, 0x00, 0x00, 0x00, 0x00, 0x00, 0x00, 0x4c, 0x42, 0x3b, 0x67, 0x47, 0x3d, 0x34, 0xff,
    0x37, 0x2e, 0x26, 0xfd, 0x37, 0x2e, 0x27, 0xfd, 0x36, 0x2d, 0x26, 0xfc, 0x36, 0x2d, 0x26, 0xfc,
    0x35, 0x2c, 0x26, 0xfd, 0x33, 0x2a, 0x25, 0xfc, 0x25, 0x1c, 0x25, 0xfc, 0x61, 0x5b, 0x1b, 0xfd,
    0xfe, 0xfe, 0x05, 0xfc, 0xf9, 0xf6, 0x00, 0xfc, 0x59, 0x50, 0x09, 0xfd, 0x27, 0x1a, 0x28, 0xfd,
    0x40, 0x32, 0x30, 0xfd, 0x3b, 0x2e, 0x2c, 0xfd, 0x3c, 0x2e, 0x2b, 0xfd, 0x3d, 0x2e, 0x29, 0xfc,
    0x3d, 0x30, 0x2a, 0xfc, 0x3c, 0x2e, 0x2a, 0xfc, 0x3b, 0x2d, 0x2a, 0xfd, 0x3a, 0x2c, 0x29, 0xfc,
    0x39, 0x2b, 0x28, 0xfd, 0x38, 0x2b, 0x27, 0xfd, 0x36, 0x29, 0x26, 0xfd, 0x35, 0x28, 0x25, 0xfd,
    0x34, 0x27, 0x24, 0xfd, 0x33, 0x27, 0x24, 0xfc, 0x31, 0x25, 0x24, 0xfd, 0x33, 0x28, 0x25, 0xfd,
    0x18, 0x0d, 0x1b, 0xfd, 0x64, 0x5a, 0x07, 0xfd, 0xf7, 0xed, 0x00, 0xfc, 0xec, 0xe2, 0x01, 0xfc,
    0x3a, 0x32, 0x0d, 0xfd, 0x20, 0x18, 0x1c, 0xfd, 0x29, 0x23, 0x1d, 0xfc, 0x29, 0x23, 0x1d, 0xfc,
    0x2b, 0x24, 0x1c, 0xfd, 0x2a, 0x23, 0x1c, 0xfd, 0x2a, 0x22, 0x1c, 0xfc, 0x2a, 0x22, 0x1b, 0xfc,
    0x2f, 0x27, 0x20, 0xff, 0x2e, 0x24, 0x1e, 0x53, 0x00, 0x00, 0x00, 0x00, 0x00, 0x00, 0x00, 0x00,
    0x00, 0x00, 0x00, 0x00, 0x00, 0x00, 0x00, 0x00, 0x4a, 0x40, 0x36, 0x67, 0x44, 0x3a, 0x32, 0xff,
    0x35, 0x2c, 0x25, 0xfc, 0x36, 0x2d, 0x26, 0xfc, 0x36, 0x2d, 0x25, 0xfc, 0x2a, 0x21, 0x26, 0xfc,
    0x2a, 0x21, 0x25, 0xfd, 0x2a, 0x22, 0x24, 0xfc, 0x1a, 0x13, 0x23, 0xfc, 0x5f, 0x5a, 0x15, 0xfd,
    0xfe, 0xfe, 0x02, 0xfc, 0xdc, 0xd6, 0x00, 0xfc, 0x2a, 0x1f, 0x1a, 0xfd, 0x75, 0x68, 0x2e, 0xfd,
    0xea, 0xe5, 0x0d, 0xfd, 0x5d, 0x50, 0x24, 0xfd, 0x4b, 0x3c, 0x2d, 0xfc, 0x50, 0x41, 0x2b, 0xfc,
    0x4f, 0x40, 0x2d, 0xfc, 0x47, 0x36, 0x2b, 0xfc, 0x40, 0x2f, 0x25, 0xfc, 0x3f, 0x2e, 0x21, 0xfc,
    0x3d, 0x2e, 0x20, 0xfd, 0x3c, 0x2c, 0x21, 0xfd, 0x41, 0x2f, 0x25, 0xfc, 0x47, 0x38, 0x28, 0xfd,
    0x46, 0x39, 0x26, 0xfc, 0x3c, 0x2e, 0x25, 0xfc, 0x63, 0x58, 0x20, 0xfd, 0xe5, 0xdd, 0x09, 0xfd,
    0x4f, 0x44, 0x1d, 0xfd, 0x2b, 0x21, 0x10, 0xfd, 0xe0, 0xd6, 0x01, 0xfc, 0xef, 0xe5, 0x01, 0xfc,
    0x36, 0x30, 0x09, 0xfd, 0x17, 0x10, 0x18, 0xfd, 0x25, 0x1e, 0x1b, 0xfc, 0x21, 0x1a, 0x1b, 0xfd,
    0x21, 0x19, 0x1c, 0xfd, 0x2b, 0x23, 0x1b, 0xfc, 0x2a, 0x22, 0x1b, 0xfc, 0x29, 0x21, 0x1a, 0xfd,
    0x2e, 0x27, 0x20, 0xff, 0x2e, 0x24, 0x1e, 0x53, 0x00, 0x00, 0x00, 0x00, 0x00, 0x00, 0x00, 0x00,
    0x00, 0x00, 0x00, 0x00, 0x00, 0x00, 0x00, 0x00, 0x48, 0x3e, 0x37, 0x66, 0x42, 0x38, 0x31, 0xff,
    0x33, 0x2a, 0x25, 0xfc, 0x34, 0x2b, 0x24, 0xfc, 0x2a, 0x21, 0x25, 0xfc, 0x74, 0x6d, 0x1a, 0xfd,
    0xc8, 0xc5, 0x0c, 0xfd, 0xc6, 0xc1, 0x09, 0xfd, 0xbf, 0xb9, 0x09, 0xfd, 0xc2, 0xbb, 0x07, 0xfd,
    0xfe, 0xfd, 0x03, 0xfc, 0xd9, 0xd2, 0x00, 0xfc, 0x35, 0x2a, 0x19, 0xfd, 0x5c, 0x4e, 0x2b, 0xfc,
    0x86, 0x7b, 0x13, 0xfd, 0x4f, 0x43, 0x25, 0xfd, 0x4c, 0x3d, 0x2d, 0xfc, 0x49, 0x3a, 0x2a, 0xfc,
    0x44, 0x39, 0x1c, 0xfc, 0x5d, 0x61, 0x13, 0xfd, 0x79, 0x91, 0x10, 0xfd, 0x87, 0xaa, 0x0e, 0xfd,
    0x86, 0xab, 0x0f, 0xfc, 0x74, 0x93, 0x0f, 0xfd, 0x5a, 0x66, 0x11, 0xfd, 0x3d, 0x34, 0x16, 0xfd,
    0x41, 0x31, 0x1f, 0xfc, 0x41, 0x33, 0x23, 0xfc, 0x4d, 0x41, 0x20, 0xfc, 0x7b, 0x71, 0x0f, 0xfd,
    0x3f, 0x33, 0x1d, 0xfd, 0x34, 0x2a, 0x10, 0xfd, 0xdc, 0xd1, 0x01, 0xfd, 0xe9, 0xde, 0x02, 0xfc,
    0x8e, 0x83, 0x03, 0xfd, 0xb6, 0xad, 0x06, 0xfd, 0xc3, 0xbe, 0x06, 0xfd, 0xc3, 0xbd, 0x06, 0xfd,
    0x5c, 0x55, 0x11, 0xfd, 0x20, 0x18, 0x1b, 0xfc, 0x2a, 0x22, 0x1b, 0xfc, 0x29, 0x21, 0x1a, 0xfd,
    0x2e, 0x26, 0x1f, 0xff, 0x2e, 0x24, 0x1e, 0x53, 0x00, 0x00, 0x00, 0x00, 0x00, 0x00, 0x00, 0x00,
    0x00, 0x00, 0x00, 0x00, 0x00, 0x00, 0x00, 0x00, 0x46, 0x3c, 0x34, 0x66, 0x41, 0x37, 0x30, 0xff,
    0x34, 0x2b, 0x24, 0xfd, 0x31, 0x29, 0x24, 0xfc, 0x2b, 0x24, 0x21, 0xfc, 0xe4, 0xde, 0x05, 0xfd,
    0xfe, 0xfe, 0x00, 0xfc, 0xfe, 0xf8, 0x00, 0xfc, 0xfc, 0xf2, 0x00, 0xfd, 0xe2, 0xd9, 0x03, 0xfd,
    0xfe, 0xfc, 0x03, 0xfc, 0xd8, 0xd1, 0x00, 0xfc, 0x38, 0x2d, 0x17, 0xfc, 0x4a, 0x3c, 0x2d, 0xfc,
    0x42, 0x34, 0x2d, 0xfc, 0x4c, 0x3e, 0x2d, 0xfc, 0x41, 0x34, 0x22, 0xfd, 0x41, 0x37, 0x0d, 0xfd,
    0x97, 0xbb, 0x0a, 0xfd, 0xc4, 0xfe, 0x0a, 0xfc, 0xc4, 0xfe, 0x09, 0xfc, 0xbf, 0xfe, 0x08, 0xfc,
    0xba, 0xfe, 0x09, 0xfb, 0xb5, 0xfe, 0x0b, 0xfb, 0xaf, 0xfd, 0x0e, 0xfc, 0x92, 0xd1, 0x0b, 0xfd,
    0x3b, 0x38, 0x0e, 0xfd, 0x38, 0x25, 0x1a, 0xfd, 0x40, 0x30, 0x21, 0xfc, 0x35, 0x29, 0x26, 0xfd,
    0x3a, 0x2d, 0x24, 0xfc, 0x36, 0x2c, 0x0f, 0xfc, 0xdc, 0xd1, 0x01, 0xfc, 0xe7, 0xdb, 0x02, 0xfc,
    0xaa, 0x9c, 0x03, 0xfd, 0xe6, 0xd9, 0x01, 0xfd, 0xf5, 0xe9, 0x00, 0xfc, 0xfe, 0xfb, 0x00, 0xfc,
    0xbb, 0xb2, 0x01, 0xfd, 0x14, 0x0d, 0x14, 0xfc, 0x29, 0x21, 0x1b, 0xfc, 0x28, 0x20, 0x1a, 0xfc,
    0x2d, 0x25, 0x1e, 0xff, 0x2e, 0x24, 0x1e, 0x53, 0x00, 0x00, 0x00, 0x00, 0x00, 0x00, 0x00, 0x00,
    0x00, 0x00, 0x00, 0x00, 0x00, 0x00, 0x00, 0x00, 0x45, 0x3b, 0x33, 0x67, 0x40, 0x36, 0x2f, 0xff,
    0x33, 0x2a, 0x23, 0xfd, 0x32, 0x2a, 0x24, 0xfc, 0x24, 0x1d, 0x20, 0xfc, 0x82, 0x7a, 0x08, 0xfd,
    0xde, 0xd7, 0x00, 0xfd, 0xd9, 0xd1, 0x00, 0xfd, 0xd3, 0xcb, 0x00, 0xfd, 0xc8, 0xc1, 0x02, 0xfd,
    0xfe, 0xfb, 0x02, 0xfc, 0xd7, 0xd0, 0x00, 0xfc, 0x37, 0x2d, 0x16, 0xfd, 0x4d, 0x3e, 0x2d, 0xfc,
    0x4d, 0x3e, 0x2c, 0xfc, 0x3c, 0x2f, 0x20, 0xfd, 0x98, 0x91, 0x0a, 0xfd, 0xd0, 0xca, 0x04, 0xfd,
    0x8f, 0xae, 0x03, 0xfd, 0xc8, 0xfe, 0x05, 0xfc, 0xb2, 0xef, 0x05, 0xfc, 0x9c, 0xd7, 0x03, 0xfc,
    0x96, 0xd5, 0x04, 0xfc, 0x9f, 0xe9, 0x07, 0xfc, 0xb1, 0xfe, 0x06, 0xfc, 0x83, 0xbb, 0x02, 0xfc,
    0x2e, 0x95, 0xab, 0xfd, 0x28, 0x7d, 0x9e, 0xfd, 0x35, 0x23, 0x1b, 0xfd, 0x41, 0x32, 0x21, 0xfc,
    0x38, 0x2c, 0x24, 0xfc, 0x35, 0x2b, 0x0e, 0xfd, 0xdc, 0xd1, 0x01, 0xfc, 0xe7, 0xdd, 0x02, 0xfc,
    0x92, 0x87, 0x02, 0xfd, 0xbb, 0xb1, 0x01, 0xfd, 0xcc, 0xc3, 0x00, 0xfc, 0xcc, 0xc3, 0x00, 0xfd,
    0x58, 0x51, 0x02, 0xfd, 0x13, 0x0c, 0x11, 0xfc, 0x29, 0x21, 0x1a, 0xfc, 0x28, 0x20, 0x1a, 0xfc,
    0x2d, 0x26, 0x1e, 0xff, 0x2a, 0x24, 0x1e, 0x54, 0x00, 0x00, 0x00, 0x00, 0x00, 0x00, 0x00, 0x00,
    0x00, 0x00, 0x00, 0x00, 0x00, 0x00, 0x00, 0x00, 0x42, 0x3b, 0x31, 0x67, 0x3f, 0x35, 0x2e, 0xff,
    0x31, 0x29, 0x23, 0xfc, 0x31, 0x2a, 0x23, 0xfc, 0x2f, 0x28, 0x21, 0xfc, 0x1b, 0x14, 0x17, 0xfc,
    0x1d, 0x17, 0x0a, 0xfd, 0x1e, 0x18, 0x08, 0xfd, 0x10, 0x0c, 0x08, 0xfd, 0x55, 0x51, 0x05, 0xfd,
    0xfe, 0xfe, 0x01, 0xfc, 0xd7, 0xcf, 0x00, 0xfc, 0x38, 0x2d, 0x17, 0xfd, 0x4d, 0x3f, 0x2e, 0xfc,
    0x3c, 0x2f, 0x23, 0xfd, 0x88, 0x81, 0x0a, 0xfd, 0xfe, 0xfe, 0x05, 0xfd, 0xfe, 0xfe, 0x02, 0xfc,
    0xa0, 0xa0, 0x01, 0xfd, 0x54, 0x6c, 0x01, 0xfd, 0x3d, 0x44, 0x05, 0xfd, 0x2f, 0x2d, 0x09, 0xfd,
    0x2f, 0x2d, 0x09, 0xfd, 0x38, 0x41, 0x06, 0xfd, 0x5a, 0x73, 0x00, 0xfd, 0x37, 0x78, 0x64, 0xfd,
    0x1d, 0xcd, 0xfe, 0xfd, 0x1e, 0xd5, 0xfe, 0xfd, 0x20, 0x65, 0x89, 0xfd, 0x37, 0x22, 0x19, 0xfc,
    0x38, 0x2b, 0x23, 0xfc, 0x34, 0x2a, 0x0e, 0xfc, 0xdb, 0xd1, 0x01, 0xfd, 0xec, 0xe1, 0x02, 0xfc,
    0x30, 0x2b, 0x02, 0xfd, 0x0b, 0x08, 0x06, 0xfc, 0x18, 0x13, 0x07, 0xfc, 0x13, 0x0e, 0x08, 0xfd,
    0x0f, 0x09, 0x0d, 0xfc, 0x25, 0x1d, 0x16, 0xfc, 0x29, 0x20, 0x1a, 0xfc, 0x28, 0x20, 0x19, 0xfc,
    0x2d, 0x25, 0x1e, 0xff, 0x2b, 0x24, 0x1e, 0x53, 0x00, 0x00, 0x00, 0x00, 0x00, 0x00, 0x00, 0x00,
    0x00, 0x00, 0x00, 0x00, 0x00, 0x00, 0x00, 0x00, 0x40, 0x36, 0x2f, 0x67, 0x3d, 0x34, 0x2c, 0xff,
    0x30, 0x29, 0x22, 0xfc, 0x30, 0x29, 0x21, 0xfc, 0x30, 0x29, 0x21, 0xfc, 0x26, 0x1f, 0x20, 0xfc,
    0x15, 0x0d, 0x1e, 0xfd, 0x12, 0x0a, 0x1b, 0xfc, 0x03, 0x00, 0x1b, 0xfd, 0x4e, 0x48, 0x0e, 0xfd,
    0xfe, 0xfe, 0x00, 0xfc, 0xd7, 0xcf, 0x00, 0xfc, 0x37, 0x2c, 0x16, 0xfd, 0x43, 0x35, 0x2c, 0xfc,
    0x59, 0x50, 0x0f, 0xfd, 0xf5, 0xf2, 0x03, 0xfd, 0xfe, 0xfe, 0x01, 0xfc, 0xe3, 0xdf, 0x01, 0xfd,
    0x51, 0x4a, 0x02, 0xfd, 0x22, 0x15, 0x10, 0xfd, 0x35, 0x27, 0x19, 0xfd, 0x3a, 0x2c, 0x1b, 0xfd,
    0x39, 0x2b, 0x1c, 0xfc, 0x34, 0x26, 0x1a, 0xfd, 0x29, 0x0e, 0x08, 0xfd, 0x1b, 0x2f, 0x48, 0xfd,
    0x16, 0xbf, 0xf7, 0xfd, 0x0a, 0xb1, 0xfe, 0xfd, 0x13, 0xb5, 0xf9, 0xfd, 0x24, 0x39, 0x4e, 0xfd,
    0x37, 0x25, 0x1b, 0xfc, 0x33, 0x29, 0x0e, 0xfd, 0xdb, 0xd0, 0x00, 0xfc, 0xea, 0xdf, 0x01, 0xfc,
    0x28, 0x22, 0x06, 0xfd, 0x00, 0x00, 0x13, 0xfd, 0x0f, 0x07, 0x17, 0xfd, 0x10, 0x08, 0x17, 0xfd,
    0x21, 0x19, 0x18, 0xfc, 0x29, 0x21, 0x19, 0xfc, 0x29, 0x20, 0x1a, 0xfc, 0x28, 0x1f, 0x19, 0xfc,
    0x2d, 0x25, 0x1e, 0xff, 0x2b, 0x24, 0x1e, 0x53, 0x00, 0x00, 0x00, 0x00, 0x00, 0x00, 0x00, 0x00,
    0x00, 0x00, 0x00, 0x00, 0x00, 0x00, 0x00, 0x00, 0x3f, 0x35, 0x2e, 0x68, 0x3b, 0x32, 0x2b, 0xff,
    0x2f, 0x28, 0x21, 0xfc, 0x30, 0x28, 0x21, 0xfd, 0x29, 0x22, 0x21, 0xfc, 0x47, 0x40, 0x1d, 0xfc,
    0x87, 0x82, 0x13, 0xfd, 0x89, 0x84, 0x11, 0xfd, 0x7d, 0x77, 0x10, 0xfd, 0x99, 0x92, 0x08, 0xfd,
    0xfe, 0xfb, 0x01, 0xfc, 0xd5, 0xcd, 0x00, 0xfc, 0x37, 0x2c, 0x17, 0xfd, 0x39, 0x2c, 0x22, 0xfd,
    0xae, 0xa8, 0x04, 0xfd, 0xfe, 0xfe, 0x02, 0xfc, 0xf7, 0xf3, 0x01, 0xfc, 0x58, 0x51, 0x02, 0xfd,
    0x25, 0x1b, 0x13, 0xfd, 0x3d, 0x31, 0x1d, 0xfd, 0x3c, 0x30, 0x1d, 0xfd, 0x3a, 0x2e, 0x1c, 0xfc,
    0x39, 0x2d, 0x1c, 0xfc, 0x36, 0x1e, 0x0c, 0xfc, 0x36, 0x2e, 0x24, 0xfd, 0x29, 0x98, 0xac, 0xfd,
    0x0d, 0x96, 0xdb, 0xfd, 0x02, 0x88, 0xf2, 0xfd, 0x0f, 0xc5, 0xfe, 0xfd, 0x13, 0x73, 0xab, 0xfd,
    0x2e, 0x1b, 0x1b, 0xfd, 0x34, 0x29, 0x0c, 0xfd, 0xda, 0xcf, 0x01, 0xfc, 0xe6, 0xdb, 0x01, 0xfc,
    0x65, 0x5d, 0x04, 0xfd, 0x71, 0x6a, 0x0b, 0xfd, 0x84, 0x7d, 0x0d, 0xfd, 0x7e, 0x78, 0x0d, 0xfd,
    0x37, 0x30, 0x15, 0xfd, 0x23, 0x1a, 0x19, 0xfc, 0x28, 0x20, 0x19, 0xfc, 0x27, 0x1f, 0x18, 0xfc,
    0x2c, 0x24, 0x1d, 0xff, 0x2b, 0x21, 0x1e, 0x53, 0x00, 0x00, 0x00, 0x00, 0x00, 0x00, 0x00, 0x00,
    0x00, 0x00, 0x00, 0x00, 0x00, 0x00, 0x00, 0x00, 0x40, 0x36, 0x2f, 0x67, 0x3b, 0x32, 0x2b, 0xff,
    0x2e, 0x27, 0x20, 0xfc, 0x2c, 0x25, 0x20, 0xfc, 0x27, 0x1f, 0x1e, 0xfc, 0xce, 0xc8, 0x08, 0xfd,
    0xfe, 0xfe, 0x00, 0xfc, 0xfc, 0xf4, 0x00, 0xfc, 0xf7, 0xee, 0x00, 0xfc, 0xdf, 0xd5, 0x00, 0xfd,
    0xfd, 0xf5, 0x01, 0xfc, 0xd4, 0xcb, 0x00, 0xfc, 0x32, 0x27, 0x17, 0xfd, 0x47, 0x3d, 0x17, 0xfd,
    0xe4, 0xdf, 0x00, 0xfd, 0xfe, 0xfe, 0x02, 0xfc, 0xac, 0xa5, 0x00, 0xfd, 0x22, 0x18, 0x0d, 0xfd,
    0x3c, 0x30, 0x1d, 0xfd, 0x3b, 0x2f, 0x1d, 0xfd, 0x3a, 0x2e, 0x1d, 0xfc, 0x37, 0x2a, 0x1a, 0xfc,
    0x34, 0x1b, 0x08, 0xfc, 0x39, 0x4f, 0x4c, 0xfd, 0x30, 0xc9, 0xe3, 0xfd, 0x0f, 0xa8, 0xe6, 0xfd,
    0x10, 0x10, 0x2c, 0xfd, 0x09, 0x78, 0xbb, 0xfd, 0x09, 0xbd, 0xfe, 0xfc, 0x07, 0x98, 0xe5, 0xfd,
    0x20, 0x22, 0x34, 0xfd, 0x35, 0x28, 0x09, 0xfd, 0xd8, 0xcd, 0x01, 0xfc, 0xe3, 0xd8, 0x02, 0xfc,
    0xa3, 0x96, 0x02, 0xfd, 0xde, 0xd3, 0x01, 0xfd, 0xf0, 0xe8, 0x00, 0xfc, 0xfe, 0xf6, 0x00, 0xfc,
    0xa7, 0x9f, 0x04, 0xfd, 0x16, 0x0e, 0x15, 0xfc, 0x27, 0x1f, 0x19, 0xfc, 0x26, 0x1e, 0x17, 0xfc,
    0x2b, 0x23, 0x1c, 0xff, 0x2b, 0x21, 0x1b, 0x53, 0x00, 0x00, 0x00, 0x00, 0x00, 0x00, 0x00, 0x00,
    0x00, 0x00, 0x00, 0x00, 0x00, 0x00, 0x00, 0x00, 0x3d, 0x33, 0x2f, 0x67, 0x3a, 0x32, 0x2a, 0xff,
    0x2d, 0x27, 0x1f, 0xfc, 0x2c, 0x25, 0x1f, 0xfc, 0x22, 0x1b, 0x1c, 0xfc, 0xab, 0xa4, 0x05, 0xfd,
    0xfb, 0xf2, 0x00, 0xfc, 0xf1, 0xe7, 0x00, 0xfc, 0xeb, 0xe1, 0x00, 0xfc, 0xd6, 0xcc, 0x01, 0xfd,
    0xfd, 0xf5, 0x01, 0xfc, 0xd4, 0xcb, 0x00, 0xfc, 0x2b, 0x21, 0x16, 0xfd, 0x60, 0x57, 0x0f, 0xfd,
    0xf9, 0xf3, 0x00, 0xfd, 0xfe, 0xfa, 0x01, 0xfc, 0x69, 0x61, 0x02, 0xfd, 0x29, 0x1e, 0x16, 0xfd,
    0x3b, 0x2e, 0x1d, 0xfc, 0x3a, 0x2e, 0x1c, 0xfc, 0x32, 0x25, 0x1b, 0xfd, 0x25, 0x17, 0x1a, 0xfd,
    0x36, 0x7e, 0x8e, 0xfd, 0x2f, 0xe2, 0xfe, 0xfd, 0x0a, 0xaa, 0xed, 0xfd, 0x16, 0x1d, 0x2d, 0xfd,
    0x2d, 0x12, 0x04, 0xfd, 0x0e, 0x50, 0x86, 0xfd, 0x02, 0xaf, 0xfe, 0xfc, 0x01, 0xa1, 0xfc, 0xfc,
    0x15, 0x2e, 0x51, 0xfd, 0x34, 0x24, 0x06, 0xfd, 0xd7, 0xcc, 0x00, 0xfd, 0xe2, 0xd6, 0x02, 0xfd,
    0x9a, 0x8d, 0x02, 0xfd, 0xd1, 0xc5, 0x02, 0xfd, 0xe5, 0xdb, 0x00, 0xfc, 0xed, 0xe2, 0x00, 0xfc,
    0x82, 0x78, 0x00, 0xfd, 0x10, 0x09, 0x10, 0xfc, 0x27, 0x1e, 0x18, 0xfc, 0x26, 0x1e, 0x17, 0xfc,
    0x2b, 0x23, 0x1c, 0xff, 0x2b, 0x21, 0x1b, 0x53, 0x00, 0x00, 0x00, 0x00, 0x00, 0x00, 0x00, 0x00,
    0x00, 0x00, 0x00, 0x00, 0x00, 0x00, 0x00, 0x00, 0x3d, 0x33, 0x2c, 0x67, 0x39, 0x30, 0x29, 0xff,
    0x2c, 0x26, 0x1f, 0xfc, 0x2d, 0x26, 0x1f, 0xfc, 0x28, 0x21, 0x1e, 0xfc, 0x23, 0x1c, 0x12, 0xfd,
    0x45, 0x3f, 0x05, 0xfd, 0x45, 0x40, 0x04, 0xfd, 0x39, 0x35, 0x04, 0xfd, 0x6d, 0x68, 0x03, 0xfd,
    0xfd, 0xfb, 0x01, 0xfd, 0xd3, 0xca, 0x00, 0xfc, 0x27, 0x1c, 0x15, 0xfd, 0x6c, 0x63, 0x0c, 0xfd,
    0xfe, 0xfe, 0x00, 0xfd, 0xfe, 0xfe, 0x01, 0xfc, 0x55, 0x4c, 0x05, 0xfd, 0x2d, 0x22, 0x1a, 0xfc,
    0x38, 0x2c, 0x1d, 0xfc, 0x30, 0x25, 0x1b, 0xfc, 0x3f, 0x34, 0x1a, 0xfd, 0x76, 0x6b, 0x0d, 0xfd,
    0x36, 0x7d, 0x7e, 0xfd, 0x05, 0xa2, 0xe9, 0xfd, 0x13, 0x28, 0x3c, 0xfd, 0x2d, 0x18, 0x06, 0xfd,
    0x32, 0x21, 0x13, 0xfc, 0x11, 0x41, 0x6d, 0xfd, 0x00, 0xad, 0xfe, 0xfc, 0x00, 0xa5, 0xfe, 0xfc,
    0x0f, 0x31, 0x5e, 0xfd, 0x33, 0x22, 0x05, 0xfd, 0xd8, 0xcc, 0x00, 0xfd, 0xe6, 0xda, 0x01, 0xfc,
    0x43, 0x3d, 0x01, 0xfd, 0x31, 0x2d, 0x03, 0xfd, 0x41, 0x3b, 0x03, 0xfd, 0x3b, 0x35, 0x04, 0xfd,
    0x13, 0x0d, 0x09, 0xfd, 0x1e, 0x17, 0x13, 0xfc, 0x27, 0x1f, 0x18, 0xfc, 0x27, 0x1e, 0x18, 0xfc,
    0x2b, 0x23, 0x1c, 0xff, 0x27, 0x21, 0x1b, 0x53, 0x00, 0x00, 0x00, 0x00, 0x00, 0x00, 0x00, 0x00,
    0x00, 0x00, 0x00, 0x00, 0x00, 0x00, 0x00, 0x00, 0x3d, 0x33, 0x2c, 0x68, 0x38, 0x30, 0x29, 0xff,
    0x2c, 0x25, 0x1e, 0xfc, 0x2c, 0x25, 0x1e, 0xfc, 0x2d, 0x26, 0x1e, 0xfc, 0x24, 0x1c, 0x1d, 0xfc,
    0x0b, 0x03, 0x19, 0xfd, 0x09, 0x01, 0x17, 0xfc, 0x00, 0x00, 0x16, 0xfc, 0x48, 0x42, 0x0b, 0xfd,
    0xfe, 0xfe, 0x00, 0xfc, 0xd2, 0xc9, 0x01, 0xfc, 0x2c, 0x21, 0x15, 0xfc, 0x4c, 0x42, 0x10, 0xfd,
    0xbd, 0xb6, 0x00, 0xfd, 0xba, 0xb2, 0x00, 0xfd, 0x40, 0x37, 0x07, 0xfd, 0x31, 0x25, 0x1b, 0xfc,
    0x35, 0x2a, 0x1b, 0xfc, 0x1d, 0x13, 0x1a, 0xfd, 0x9c, 0x94, 0x0b, 0xfd, 0xfe, 0xfe, 0x00, 0xfd,
    0xa1, 0x93, 0x00, 0xfd, 0x09, 0x0e, 0x29, 0xfd, 0x25, 0x16, 0x09, 0xfc, 0x32, 0x29, 0x1b, 0xfc,
    0x33, 0x24, 0x14, 0xfc, 0x1a, 0x31, 0x4b, 0xfd, 0x01, 0x75, 0xc8, 0xfd, 0x01, 0x6b, 0xc1, 0xfd,
    0x18, 0x23, 0x3e, 0xfd, 0x33, 0x26, 0x08, 0xfc, 0xd7, 0xcb, 0x00, 0xfd, 0xe5, 0xda, 0x01, 0xfc,
    0x23, 0x1d, 0x04, 0xfd, 0x00, 0x00, 0x0f, 0xfc, 0x05, 0x00, 0x13, 0xfc, 0x08, 0x00, 0x14, 0xfc,
    0x1f, 0x17, 0x15, 0xfc, 0x28, 0x20, 0x18, 0xfc, 0x27, 0x1f, 0x18, 0xfc, 0x26, 0x1e, 0x17, 0xfc,
    0x2a, 0x22, 0x1b, 0xff, 0x27, 0x21, 0x1b, 0x53, 0x00, 0x00, 0x00, 0x00, 0x00, 0x00, 0x00, 0x00,
    0x00, 0x00, 0x00, 0x00, 0x00, 0x00, 0x00, 0x00, 0x3b, 0x31, 0x2a, 0x67, 0x38, 0x2f, 0x28, 0xff,
    0x2c, 0x25, 0x1d, 0xfc, 0x2c, 0x25, 0x1e, 0xfc, 0x28, 0x21, 0x1e, 0xfc, 0x33, 0x2c, 0x1c, 0xfc,
    0x64, 0x5e, 0x14, 0xfd, 0x67, 0x61, 0x13, 0xfd, 0x5b, 0x54, 0x12, 0xfd, 0x82, 0x7a, 0x09, 0xfd,
    0xfc, 0xf8, 0x01, 0xfc, 0xd0, 0xc7, 0x01, 0xfc, 0x31, 0x27, 0x14, 0xfc, 0x37, 0x2a, 0x20, 0xfc,
    0x28, 0x1e, 0x11, 0xfd, 0x24, 0x1b, 0x0e, 0xfc, 0x30, 0x25, 0x14, 0xfd, 0x38, 0x2c, 0x1c, 0xfc,
    0x35, 0x2a, 0x1b, 0xfc, 0x1d, 0x14, 0x15, 0xfd, 0x65, 0x5c, 0x0e, 0xfd, 0xcf, 0xcb, 0x02, 0xfd,
    0x6b, 0x61, 0x08, 0xfd, 0x15, 0x07, 0x06, 0xfd, 0x2b, 0x22, 0x15, 0xfd, 0x33, 0x29, 0x1a, 0xfc,
    0x32, 0x29, 0x1a, 0xfc, 0x31, 0x24, 0x19, 0xfd, 0x27, 0x1a, 0x18, 0xfd, 0x28, 0x1b, 0x18, 0xfd,
    0x2d, 0x21, 0x1b, 0xfd, 0x32, 0x29, 0x0d, 0xfd, 0xd6, 0xcb, 0x01, 0xfc, 0xe2, 0xd7, 0x01, 0xfc,
    0x52, 0x4a, 0x04, 0xfd, 0x50, 0x49, 0x0d, 0xfd, 0x61, 0x5b, 0x0f, 0xfd, 0x5d, 0x56, 0x11, 0xfc,
    0x29, 0x21, 0x16, 0xfc, 0x25, 0x1d, 0x18, 0xfc, 0x27, 0x1f, 0x18, 0xfc, 0x26, 0x1e, 0x17, 0xfc,
    0x2b, 0x22, 0x1b, 0xff, 0x27, 0x21, 0x1b, 0x53, 0x00, 0x00, 0x00, 0x00, 0x00, 0x00, 0x00, 0x00,
    0x00, 0x00, 0x00, 0x00, 0x00, 0x00, 0x00, 0x00, 0x38, 0x2e, 0x29, 0x68, 0x36, 0x2e, 0x27, 0xff,
    0x2b, 0x24, 0x1d, 0xfc, 0x29, 0x22, 0x1d, 0xfc, 0x23, 0x1b, 0x1c, 0xfc, 0xb8, 0xb2, 0x09, 0xfd,
    0xfe, 0xf8, 0x00, 0xfc, 0xf5, 0xed, 0x01, 0xfc, 0xee, 0xe6, 0x01, 0xfc, 0xd8, 0xce, 0x00, 0xfd,
    0xf8, 0xef, 0x01, 0xfc, 0xce, 0xc5, 0x00, 0xfd, 0x30, 0x26, 0x13, 0xfd, 0x3b, 0x2e, 0x23, 0xfc,
    0x35, 0x28, 0x21, 0xfc, 0x38, 0x2c, 0x1e, 0xfc, 0x37, 0x2b, 0x1d, 0xfc, 0x37, 0x2b, 0x1c, 0xfc,
    0x37, 0x2b, 0x1c, 0xfc, 0x2d, 0x23, 0x15, 0xfd, 0x19, 0x10, 0x0f, 0xfd, 0x1a, 0x11, 0x0e, 0xfd,
    0x14, 0x0c, 0x0c, 0xfd, 0x20, 0x18, 0x0d, 0xfd, 0x31, 0x27, 0x18, 0xfc, 0x33, 0x29, 0x1a, 0xfc,
    0x32, 0x29, 0x19, 0xfc, 0x33, 0x29, 0x18, 0xfc, 0x36, 0x2a, 0x18, 0xfd, 0x32, 0x26, 0x19, 0xfd,
    0x30, 0x24, 0x1b, 0xfd, 0x31, 0x28, 0x0c, 0xfd, 0xd3, 0xc9, 0x01, 0xfd, 0xdd, 0xd3, 0x02, 0xfc,
    0x9f, 0x92, 0x03, 0xfd, 0xd9, 0xce, 0x02, 0xfd, 0xeb, 0xe3, 0x00, 0xfc, 0xf5, 0xed, 0x00, 0xfd,
    0x94, 0x8c, 0x07, 0xfd, 0x16, 0x0e, 0x15, 0xfc, 0x27, 0x1e, 0x18, 0xfc, 0x26, 0x1e, 0x17, 0xfc,
    0x2a, 0x22, 0x1b, 0xff, 0x27, 0x1e, 0x1b, 0x53, 0x00, 0x00, 0x00, 0x00, 0x00, 0x00, 0x00, 0x00,
    0x00, 0x00, 0x00, 0x00, 0x00, 0x00, 0x00, 0x00, 0x38, 0x2f, 0x27, 0x67, 0x36, 0x2d, 0x26, 0xff,
    0x2a, 0x24, 0x1d, 0xfc, 0x29, 0x22, 0x1c, 0xfc, 0x22, 0x1a, 0x19, 0xfc, 0xc3, 0xbb, 0x03, 0xfd,
    0xfe, 0xf8, 0x00, 0xfc, 0xf6, 0xec, 0x02, 0xfc, 0xef, 0xe4, 0x02, 0xfc, 0xd5, 0xca, 0x01, 0xfd,
    0xf7, 0xee, 0x01, 0xfc, 0xce, 0xc5, 0x00, 0xfc, 0x2e, 0x23, 0x12, 0xfc, 0x3d, 0x30, 0x23, 0xfc,
    0x4a, 0x3e, 0x1f, 0xfd, 0x39, 0x2d, 0x1d, 0xfc, 0x38, 0x2b, 0x1d, 0xfc, 0x38, 0x2c, 0x1d, 0xfc,
    0x37, 0x2b, 0x1b, 0xfc, 0x36, 0x2b, 0x1b, 0xfd, 0x2c, 0x22, 0x14, 0xfd, 0x20, 0x17, 0x0f, 0xfd,
    0x25, 0x1b, 0x10, 0xfd, 0x30, 0x26, 0x17, 0xfc, 0x34, 0x2a, 0x1a, 0xfc, 0x33, 0x29, 0x19, 0xfc,
    0x32, 0x29, 0x19, 0xfc, 0x32, 0x29, 0x19, 0xfc, 0x35, 0x2b, 0x1a, 0xfd, 0x43, 0x39, 0x1a, 0xfd,
    0x30, 0x25, 0x1b, 0xfd, 0x32, 0x28, 0x0c, 0xfd, 0xd3, 0xc9, 0x01, 0xfd, 0xdc, 0xd2, 0x02, 0xfc,
    0x9e, 0x91, 0x03, 0xfd, 0xd9, 0xcc, 0x03, 0xfd, 0xe9, 0xde, 0x01, 0xfd, 0xf6, 0xea, 0x00, 0xfd,
    0x98, 0x90, 0x00, 0xfd, 0x0e, 0x08, 0x0f, 0xfd, 0x26, 0x1e, 0x18, 0xfc, 0x26, 0x1e, 0x17, 0xfc,
    0x2a, 0x22, 0x1b, 0xff, 0x27, 0x21, 0x1b, 0x53, 0x00, 0x00, 0x00, 0x00, 0x00, 0x00, 0x00, 0x00,
    0x00, 0x00, 0x00, 0x00, 0x00, 0x00, 0x00, 0x00, 0x36, 0x2f, 0x27, 0x67, 0x34, 0x2c, 0x25, 0xff,
    0x2a, 0x22, 0x1b, 0xfc, 0x2b, 0x23, 0x1c, 0xfc, 0x23, 0x1b, 0x1b, 0xfc, 0x33, 0x2b, 0x0d, 0xfd,
    0x6d, 0x67, 0x02, 0xfd, 0x6d, 0x67, 0x02, 0xfd, 0x63, 0x5e, 0x02, 0xfd, 0x84, 0x7c, 0x01, 0xfd,
    0xfc, 0xf5, 0x01, 0xfc, 0xcb, 0xc2, 0x00, 0xfc, 0x20, 0x16, 0x13, 0xfd, 0x63, 0x58, 0x1d, 0xfd,
    0xea, 0xe4, 0x04, 0xfd, 0x4b, 0x3f, 0x17, 0xfd, 0x34, 0x27, 0x1e, 0xfd, 0x37, 0x2b, 0x1c, 0xfc,
    0x37, 0x2b, 0x1b, 0xfd, 0x37, 0x2b, 0x1b, 0xfd, 0x37, 0x2b, 0x1b, 0xfc, 0x37, 0x2b, 0x1b, 0xfd,
    0x36, 0x2b, 0x1a, 0xfd, 0x35, 0x2a, 0x1a, 0xfd, 0x33, 0x2a, 0x1a, 0xfc, 0x33, 0x29, 0x1a, 0xfc,
    0x33, 0x2a, 0x1a, 0xfc, 0x2b, 0x21, 0x1b, 0xfc, 0x58, 0x4d, 0x16, 0xfd, 0xe5, 0xdd, 0x03, 0xfd,
    0x46, 0x3b, 0x15, 0xfd, 0x28, 0x1e, 0x0e, 0xfd, 0xd3, 0xc9, 0x01, 0xfc, 0xde, 0xd4, 0x02, 0xfd,
    0x59, 0x52, 0x01, 0xfd, 0x5a, 0x55, 0x02, 0xfd, 0x69, 0x62, 0x01, 0xfd, 0x62, 0x5b, 0x01, 0xfd,
    0x1d, 0x17, 0x05, 0xfd, 0x19, 0x12, 0x11, 0xfc, 0x26, 0x1e, 0x17, 0xfc, 0x26, 0x1e, 0x17, 0xfc,
    0x2a, 0x22, 0x1b, 0xff, 0x27, 0x21, 0x1b, 0x54, 0x00, 0x00, 0x00, 0x00, 0x00, 0x00, 0x00, 0x00,
    0x00, 0x00, 0x00, 0x00, 0x00, 0x00, 0x00, 0x00, 0x35, 0x2c, 0x27, 0x68, 0x33, 0x2b, 0x25, 0xff,
    0x29, 0x22, 0x1b, 0xfc, 0x2a, 0x23, 0x1b, 0xfc, 0x2b, 0x23, 0x1b, 0xfc, 0x1f, 0x17, 0x18, 0xfc,
    0x0b, 0x04, 0x11, 0xfc, 0x09, 0x02, 0x0f, 0xfc, 0x00, 0x00, 0x0f, 0xfc, 0x4b, 0x45, 0x07, 0xfd,
    0xfd, 0xf5, 0x00, 0xfd, 0xe2, 0xd9, 0x01, 0xfd, 0x34, 0x2a, 0x0c, 0xfd, 0x2d, 0x21, 0x1a, 0xfd,
    0x5f, 0x54, 0x10, 0xfd, 0x34, 0x28, 0x18, 0xfd, 0x32, 0x25, 0x1d, 0xfd, 0x32, 0x25, 0x1b, 0xfc,
    0x31, 0x25, 0x1a, 0xfd, 0x32, 0x25, 0x1b, 0xfd, 0x31, 0x25, 0x1a, 0xfd, 0x2f, 0x24, 0x1a, 0xfc,
    0x2f, 0x24, 0x1a, 0xfd, 0x30, 0x24, 0x1a, 0xfd, 0x2e, 0x24, 0x19, 0xfc, 0x2e, 0x23, 0x1a, 0xfc,
    0x2d, 0x23, 0x1a, 0xfc, 0x2c, 0x21, 0x1a, 0xfd, 0x37, 0x2b, 0x18, 0xfd, 0x5a, 0x50, 0x0f, 0xfd,
    0x1c, 0x11, 0x14, 0xfd, 0x44, 0x3a, 0x08, 0xfd, 0xe5, 0xda, 0x01, 0xfd, 0xe0, 0xd5, 0x01, 0xfd,
    0x24, 0x20, 0x03, 0xfd, 0x00, 0x00, 0x0a, 0xfc, 0x07, 0x00, 0x0d, 0xfc, 0x07, 0x01, 0x0d, 0xfd,
    0x19, 0x11, 0x11, 0xfc, 0x25, 0x1d, 0x16, 0xfc, 0x26, 0x1e, 0x17, 0xfc, 0x25, 0x1d, 0x16, 0xfc,
    0x2a, 0x22, 0x1b, 0xff, 0x27, 0x1e, 0x1b, 0x53, 0x00, 0x00, 0x00, 0x00, 0x00, 0x00, 0x00, 0x00,
    0x00, 0x00, 0x00, 0x00, 0x00, 0x00, 0x00, 0x00, 0x33, 0x2c, 0x25, 0x67, 0x33, 0x2b, 0x24, 0xff,
    0x29, 0x23, 0x1b, 0xfc, 0x2a, 0x23, 0x1b, 0xfc, 0x2a, 0x21, 0x1a, 0xfc, 0x2a, 0x21, 0x1a, 0xfc,
    0x29, 0x21, 0x1a, 0xfc, 0x28, 0x20, 0x19, 0xfc, 0x1e, 0x15, 0x19, 0xfc, 0x47, 0x3f, 0x0e, 0xfd,
    0xf3, 0xea, 0x00, 0xfd, 0xf4, 0xea, 0x02, 0xfc, 0xb9, 0xb1, 0x02, 0xfd, 0x3e, 0x36, 0x09, 0xfd,
    0x29, 0x1f, 0x0f, 0xfd, 0x35, 0x2c, 0x0d, 0xfd, 0x36, 0x2d, 0x0c, 0xfd, 0x36, 0x2c, 0x0c, 0xfd,
    0x35, 0x2c, 0x0c, 0xfd, 0x35, 0x2c, 0x0c, 0xfd, 0x34, 0x2b, 0x0c, 0xfd, 0x34, 0x2c, 0x0c, 0xfd,
    0x34, 0x2b, 0x0c, 0xfd, 0x34, 0x2b, 0x0c, 0xfd, 0x33, 0x2b, 0x0b, 0xfd, 0x34, 0x2b, 0x0b, 0xfd,
    0x34, 0x2b, 0x0b, 0xfd, 0x34, 0x2b, 0x0b, 0xfd, 0x32, 0x29, 0x0c, 0xfd, 0x27, 0x1e, 0x0e, 0xfd,
    0x47, 0x3f, 0x09, 0xfd, 0xc3, 0xba, 0x03, 0xfd, 0xea, 0xdf, 0x02, 0xfd, 0xd0, 0xc5, 0x00, 0xfd,
    0x20, 0x1a, 0x06, 0xfd, 0x1a, 0x12, 0x12, 0xfc, 0x25, 0x1d, 0x16, 0xfc, 0x25, 0x1d, 0x16, 0xfc,
    0x25, 0x1d, 0x16, 0xfc, 0x26, 0x1e, 0x17, 0xfc, 0x26, 0x1e, 0x17, 0xfc, 0x25, 0x1d, 0x16, 0xfc,
    0x29, 0x21, 0x1b, 0xff, 0x27, 0x1e, 0x18, 0x53, 0x00, 0x00, 0x00, 0x00, 0x00, 0x00, 0x00, 0x00,
    0x00, 0x00, 0x00, 0x00, 0x00, 0x00, 0x00, 0x00, 0x33, 0x29, 0x24, 0x68, 0x33, 0x2b, 0x24, 0xff,
    0x29, 0x22, 0x1b, 0xfc, 0x2a, 0x21, 0x1b, 0xfc, 0x29, 0x21, 0x1a, 0xfc, 0x29, 0x21, 0x1a, 0xfc,
    0x29, 0x21, 0x1a, 0xfc, 0x29, 0x20, 0x1a, 0xfc, 0x28, 0x1f, 0x19, 0xfc, 0x19, 0x11, 0x14, 0xfd,
    0xad, 0xa4, 0x03, 0xfd, 0xfe, 0xf5, 0x02, 0xfc, 0xf3, 0xea, 0x01, 0xfc, 0xea, 0xe2, 0x01, 0xfc,
    0xdb, 0xd3, 0x02, 0xfc, 0xdb, 0xd2, 0x02, 0xfc, 0xda, 0xd2, 0x02, 0xfc, 0xda, 0xd1, 0x01, 0xfc,
    0xd9, 0xd0, 0x02, 0xfc, 0xd8, 0xcf, 0x01, 0xfd, 0xd8, 0xcf, 0x01, 0xfc, 0xd7, 0xcf, 0x02, 0xfc,
    0xd7, 0xcf, 0x02, 0xfc, 0xd6, 0xce, 0x02, 0xfc, 0xd6, 0xce, 0x02, 0xfc, 0xd6, 0xce, 0x02, 0xfc,
    0xd5, 0xcd, 0x01, 0xfc, 0xd4, 0xcc, 0x01, 0xfc, 0xd4, 0xcc, 0x02, 0xfc, 0xd3, 0xcc, 0x01, 0xfc,
    0xe4, 0xdc, 0x01, 0xfc, 0xe7, 0xdc, 0x02, 0xfd, 0xf0, 0xe4, 0x02, 0xfd, 0x7d, 0x75, 0x01, 0xfd,
    0x07, 0x01, 0x0a, 0xfd, 0x21, 0x1a, 0x14, 0xfc, 0x25, 0x1d, 0x16, 0xfc, 0x25, 0x1d, 0x16, 0xfc,
    0x25, 0x1d, 0x16, 0xfc, 0x25, 0x1d, 0x16, 0xfc, 0x24, 0x1d, 0x16, 0xfc, 0x24, 0x1c, 0x16, 0xfc,
    0x29, 0x20, 0x1a, 0xff, 0x24, 0x1e, 0x18, 0x53, 0x00, 0x00, 0x00, 0x00, 0x00, 0x00, 0x00, 0x00,
    0x00, 0x00, 0x00, 0x00, 0x00, 0x00, 0x00, 0x00, 0x31, 0x27, 0x21, 0x62, 0x32, 0x29, 0x22, 0xff,
    0x29, 0x21, 0x1a, 0xfc, 0x29, 0x21, 0x1a, 0xfc, 0x29, 0x20, 0x1a, 0xfc, 0x28, 0x20, 0x1a, 0xfb,
    0x28, 0x20, 0x19, 0xfc, 0x28, 0x20, 0x19, 0xfc, 0x28, 0x20, 0x19, 0xfc, 0x1e, 0x16, 0x18, 0xfc,
    0x23, 0x1c, 0x0c, 0xfd, 0xa8, 0xa0, 0x02, 0xfd, 0xea, 0xe1, 0x02, 0xfd, 0xf2, 0xe8, 0x02, 0xfc,
    0xed, 0xe3, 0x02, 0xfc, 0xe4, 0xda, 0x02, 0xfc, 0xe4, 0xd9, 0x02, 0xfc, 0xec, 0xe1, 0x02, 0xfc,
    0xef, 0xe4, 0x02, 0xfc, 0xee, 0xe3, 0x02, 0xfc, 0xe8, 0xdd, 0x02, 0xfc, 0xe0, 0xd6, 0x02, 0xfc,
    0xe0, 0xd6, 0x02, 0xfc, 0xe8, 0xde, 0x02, 0xfc, 0xeb, 0xe1, 0x02, 0xfc, 0xea, 0xe0, 0x02, 0xfc,
    0xe2, 0xd9, 0x02, 0xfc, 0xdb, 0xd2, 0x02, 0xfc, 0xdd, 0xd3, 0x02, 0xfc, 0xe6, 0xdd, 0x02, 0xfc,
    0xe5, 0xda, 0x02, 0xfd, 0xda, 0xd0, 0x01, 0xfd, 0x87, 0x7e, 0x01, 0xfd, 0x0d, 0x09, 0x05, 0xfd,
    0x18, 0x11, 0x10, 0xfc, 0x24, 0x1c, 0x15, 0xfc, 0x24, 0x1d, 0x16, 0xfc, 0x25, 0x1d, 0x16, 0xfc,
    0x25, 0x1d, 0x16, 0xfc, 0x24, 0x1c, 0x16, 0xfc, 0x24, 0x1c, 0x16, 0xfc, 0x24, 0x1c, 0x16, 0xfd,
    0x28, 0x20, 0x1a, 0xff, 0x21, 0x1a, 0x17, 0x4c, 0x00, 0x00, 0x00, 0x00, 0x00, 0x00, 0x00, 0x00,
    0x00, 0x00, 0x00, 0x00, 0x00, 0x00, 0x00, 0x00, 0x2e, 0x24, 0x1e, 0x53, 0x30, 0x28, 0x22, 0xff,
    0x29, 0x21, 0x1a, 0xfc, 0x2a, 0x22, 0x1a, 0xfc, 0x29, 0x20, 0x19, 0xfc, 0x28, 0x20, 0x19, 0xfc,
    0x28, 0x20, 0x19, 0xfc, 0x27, 0x1f, 0x18, 0xfc, 0x27, 0x1f, 0x18, 0xfc, 0x28, 0x20, 0x19, 0xfc,
    0x1d, 0x15, 0x16, 0xfc, 0x10, 0x09, 0x0d, 0xfc, 0x36, 0x30, 0x05, 0xfd, 0x41, 0x3e, 0x03, 0xfd,
    0x67, 0x60, 0x01, 0xfd, 0xa8, 0x9c, 0x01, 0xfd, 0xa3, 0x97, 0x02, 0xfd, 0x5c, 0x56, 0x02, 0xfd,
    0x3e, 0x3b, 0x02, 0xfd, 0x3d, 0x3a, 0x03, 0xfd, 0x69, 0x62, 0x01, 0xfd, 0xa6, 0x9b, 0x01, 0xfd,
    0x9d, 0x92, 0x01, 0xfd, 0x56, 0x4f, 0x01, 0xfd, 0x3d, 0x39, 0x02, 0xfd, 0x3b, 0x39, 0x02, 0xfd,
    0x71, 0x69, 0x02, 0xfd, 0xa5, 0x99, 0x02, 0xfd, 0x9c, 0x91, 0x02, 0xfd, 0x50, 0x4a, 0x01, 0xfd,
    0x3e, 0x3a, 0x02, 0xfd, 0x2a, 0x25, 0x03, 0xfd, 0x05, 0x00, 0x06, 0xfd, 0x17, 0x10, 0x0f, 0xfc,
    0x23, 0x1c, 0x14, 0xfc, 0x25, 0x1c, 0x16, 0xfc, 0x25, 0x1d, 0x16, 0xfc, 0x25, 0x1d, 0x16, 0xfc,
    0x25, 0x1d, 0x16, 0xfc, 0x24, 0x1d, 0x16, 0xfc, 0x25, 0x1d, 0x16, 0xfc, 0x25, 0x1d, 0x16, 0xfe,
    0x28, 0x20, 0x19, 0xff, 0x1e, 0x1a, 0x11, 0x3a, 0x00, 0x00, 0x00, 0x00, 0x00, 0x00, 0x00, 0x00,
    0x00, 0x00, 0x00, 0x00, 0x00, 0x00, 0x00, 0x00, 0x23, 0x1e, 0x19, 0x32, 0x2d, 0x26, 0x20, 0xff,
    0x2a, 0x22, 0x1b, 0xfe, 0x29, 0x21, 0x1a, 0xfc, 0x29, 0x20, 0x19, 0xfc, 0x28, 0x1f, 0x18, 0xfc,
    0x27, 0x1f, 0x18, 0xfc, 0x28, 0x20, 0x19, 0xfc, 0x28, 0x20, 0x19, 0xfc, 0x27, 0x1f, 0x18, 0xfc,
    0x27, 0x1f, 0x17, 0xfc, 0x24, 0x1c, 0x17, 0xfc, 0x16, 0x0e, 0x13, 0xfc, 0x00, 0x00, 0x0f, 0xfd,
    0x53, 0x4c, 0x06, 0xfd, 0xe5, 0xdd, 0x01, 0xfc, 0xdc, 0xd2, 0x01, 0xfd, 0x3d, 0x38, 0x04, 0xfc,
    0x00, 0x00, 0x0d, 0xfc, 0x00, 0x00, 0x0e, 0xfd, 0x5f, 0x59, 0x05, 0xfd, 0xe4, 0xda, 0x00, 0xfd,
    0xd4, 0xca, 0x01, 0xfd, 0x30, 0x2a, 0x03, 0xfd, 0x00, 0x00, 0x0b, 0xfc, 0x00, 0x00, 0x0c, 0xfc,
    0x71, 0x6b, 0x05, 0xfd, 0xe4, 0xdb, 0x02, 0xfd, 0xcc, 0xc3, 0x01, 0xfd, 0x21, 0x1c, 0x04, 0xfd,
    0x01, 0x00, 0x0c, 0xfc, 0x12, 0x0b, 0x0f, 0xfc, 0x1f, 0x17, 0x12, 0xfc, 0x24, 0x1c, 0x15, 0xfc,
    0x25, 0x1d, 0x16, 0xfc, 0x25, 0x1d, 0x16, 0xfc, 0x24, 0x1c, 0x16, 0xfc, 0x25, 0x1d, 0x16, 0xfc,
    0x24, 0x1d, 0x16, 0xfc, 0x25, 0x1d, 0x16, 0xfc, 0x24, 0x1c, 0x15, 0xfc, 0x25, 0x1d, 0x16, 0xff,
    0x26, 0x1e, 0x17, 0xf6, 0x13, 0x13, 0x09, 0x1a, 0x00, 0x00, 0x00, 0x00, 0x00, 0x00, 0x00, 0x00,
    0x00, 0x00, 0x00, 0x00, 0x00, 0x00, 0x00, 0x00, 0x19, 0x19, 0x00, 0x0a, 0x29, 0x23, 0x1c, 0xe7,
    0x2c, 0x24, 0x1c, 0xff, 0x28, 0x20, 0x19, 0xfc, 0x29, 0x20, 0x19, 0xfc, 0x28, 0x20, 0x19, 0xfc,
    0x27, 0x1f, 0x18, 0xfc, 0x28, 0x1f, 0x18, 0xfc, 0x28, 0x20, 0x19, 0xfc, 0x27, 0x1e, 0x17, 0xfc,
    0x26, 0x1e, 0x17, 0xfc, 0x26, 0x1e, 0x17, 0xfc, 0x27, 0x1e, 0x17, 0xfc, 0x16, 0x0e, 0x17, 0xfc,
    0x67, 0x60, 0x0b, 0xfd, 0xf7, 0xee, 0x00, 0xfc, 0xee, 0xe6, 0x01, 0xfc, 0x50, 0x4a, 0x06, 0xfc,
    0x14, 0x0d, 0x14, 0xfc, 0x14, 0x0c, 0x16, 0xfc, 0x73, 0x6c, 0x09, 0xfd, 0xf3, 0xeb, 0x00, 0xfd,
    0xe6, 0xdd, 0x00, 0xfd, 0x43, 0x3d, 0x06, 0xfd, 0x15, 0x0e, 0x13, 0xfc, 0x11, 0x09, 0x15, 0xfc,
    0x85, 0x7e, 0x07, 0xfd, 0xf4, 0xec, 0x00, 0xfc, 0xdb, 0xd2, 0x00, 0xfd, 0x34, 0x2e, 0x07, 0xfd,
    0x19, 0x11, 0x14, 0xfc, 0x24, 0x1d, 0x16, 0xfc, 0x25, 0x1d, 0x16, 0xfc, 0x25, 0x1d, 0x16, 0xfc,
    0x25, 0x1d, 0x16, 0xfc, 0x24, 0x1d, 0x16, 0xfc, 0x24, 0x1d, 0x16, 0xfc, 0x25, 0x1d, 0x16, 0xfc,
    0x25, 0x1c, 0x16, 0xfc, 0x25, 0x1d, 0x16, 0xfc, 0x24, 0x1c, 0x15, 0xfc, 0x28, 0x20, 0x18, 0xff,
    0x22, 0x1b, 0x15, 0xce, 0x00, 0x00, 0x00, 0x00, 0x00, 0x00, 0x00, 0x00, 0x00, 0x00, 0x00, 0x00,
    0x00, 0x00, 0x00, 0x00, 0x00, 0x00, 0x00, 0x00, 0x00, 0x00, 0x00, 0x00, 0x23, 0x1d, 0x18, 0x9c,
    0x2e, 0x25, 0x1e, 0xff, 0x28, 0x1f, 0x19, 0xfc, 0x28, 0x20, 0x18, 0xfc, 0x28, 0x20, 0x19, 0xfc,
    0x27, 0x1f, 0x18, 0xfc, 0x27, 0x1f, 0x17, 0xfc, 0x27, 0x1f, 0x17, 0xfc, 0x27, 0x1f, 0x17, 0xfc,
    0x26, 0x1e, 0x17, 0xfc, 0x26, 0x1e, 0x17, 0xfc, 0x26, 0x1e, 0x17, 0xfd, 0x15, 0x0d, 0x17, 0xfc,
    0x6b, 0x64, 0x0b, 0xfd, 0xfa, 0xf1, 0x00, 0xfc, 0xf2, 0xe9, 0x00, 0xfc, 0x52, 0x4c, 0x06, 0xfc,
    0x14, 0x0c, 0x14, 0xfc, 0x14, 0x0c, 0x17, 0xfc, 0x77, 0x70, 0x0a, 0xfd, 0xf6, 0xed, 0x00, 0xfc,
    0xe9, 0xe0, 0x00, 0xfd, 0x45, 0x3e, 0x06, 0xfd, 0x16, 0x0e, 0x14, 0xfc, 0x12, 0x0a, 0x16, 0xfc,
    0x8a, 0x83, 0x07, 0xfd, 0xf4, 0xec, 0x00, 0xfd, 0xe1, 0xd9, 0x01, 0xfc, 0x35, 0x2f, 0x07, 0xfc,
    0x19, 0x11, 0x14, 0xfc, 0x25, 0x1d, 0x16, 0xfc, 0x25, 0x1d, 0x16, 0xfc, 0x25, 0x1d, 0x16, 0xfc,
    0x25, 0x1d, 0x16, 0xfc, 0x24, 0x1d, 0x16, 0xfc, 0x24, 0x1c, 0x16, 0xfc, 0x24, 0x1c, 0x15, 0xfc,
    0x25, 0x1d, 0x16, 0xfc, 0x24, 0x1c, 0x15, 0xfc, 0x25, 0x1d, 0x16, 0xfc, 0x29, 0x20, 0x19, 0xff,
    0x1b, 0x15, 0x0e, 0x79, 0x00, 0x00, 0x00, 0x00, 0x00, 0x00, 0x00, 0x00, 0x00, 0x00, 0x00, 0x00,
    0x00, 0x00, 0x00, 0x00, 0x00, 0x00, 0x00, 0x00, 0x00, 0x00, 0x00, 0x00, 0x18, 0x12, 0x0c, 0x2a,
    0x26, 0x1e, 0x18, 0xfd, 0x2a, 0x22, 0x1b, 0xfe, 0x27, 0x1f, 0x18, 0xfc, 0x27, 0x1f, 0x18, 0xfd,
    0x27, 0x1f, 0x17, 0xfc, 0x26, 0x1e, 0x17, 0xfc, 0x26, 0x1e, 0x17, 0xfc, 0x26, 0x1f, 0x17, 0xfc,
    0x26, 0x1e, 0x17, 0xfc, 0x26, 0x1e, 0x16, 0xfc, 0x26, 0x1e, 0x16, 0xfd, 0x1d, 0x15, 0x17, 0xfc,
    0x3f, 0x38, 0x0e, 0xfd, 0xdd, 0xd6, 0x00, 0xfd, 0xd0, 0xc8, 0x00, 0xfd, 0x2a, 0x25, 0x07, 0xfd,
    0x1c, 0x14, 0x15, 0xfc, 0x1c, 0x14, 0x17, 0xfc, 0x46, 0x3f, 0x0c, 0xfc, 0xdf, 0xd7, 0x00, 0xfd,
    0xc4, 0xbc, 0x00, 0xfd, 0x23, 0x1d, 0x07, 0xfc, 0x1d, 0x15, 0x14, 0xfc, 0x19, 0x11, 0x16, 0xfc,
    0x54, 0x4d, 0x0b, 0xfd, 0xe6, 0xdd, 0x00, 0xfd, 0xb3, 0xac, 0x00, 0xfd, 0x19, 0x13, 0x08, 0xfc,
    0x1e, 0x17, 0x14, 0xfc, 0x25, 0x1d, 0x16, 0xfc, 0x25, 0x1d, 0x16, 0xfc, 0x25, 0x1d, 0x16, 0xfc,
    0x25, 0x1d, 0x16, 0xfc, 0x24, 0x1c, 0x15, 0xfc, 0x24, 0x1c, 0x15, 0xfc, 0x24, 0x1c, 0x15, 0xfc,
    0x24, 0x1c, 0x15, 0xfc, 0x24, 0x1c, 0x15, 0xfc, 0x29, 0x20, 0x19, 0xff, 0x20, 0x18, 0x12, 0xee,
    0x0c, 0x00, 0x00, 0x15, 0x00, 0x00, 0x00, 0x00, 0x00, 0x00, 0x00, 0x00, 0x00, 0x00, 0x00, 0x00,
    0x00, 0x00, 0x00, 0x00, 0x00, 0x00, 0x00, 0x00, 0x00, 0x00, 0x00, 0x00, 0x00, 0x00, 0x00, 0x00,
    0x1b, 0x15, 0x0f, 0x84, 0x2a, 0x22, 0x1b, 0xff, 0x29, 0x21, 0x1a, 0xfd, 0x27, 0x1f, 0x18, 0xfc,
    0x27, 0x1f, 0x17, 0xfd, 0x26, 0x1e, 0x17, 0xfc, 0x26, 0x1e, 0x17, 0xfc, 0x27, 0x1e, 0x17, 0xfc,
    0x26, 0x1e, 0x16, 0xfc, 0x26, 0x1e, 0x16, 0xfc, 0x26, 0x1e, 0x16, 0xfc, 0x28, 0x1f, 0x17, 0xfc,
    0x1b, 0x14, 0x15, 0xfc, 0x28, 0x21, 0x09, 0xfd, 0x20, 0x1b, 0x05, 0xfd, 0x14, 0x0d, 0x0e, 0xfc,
    0x25, 0x1e, 0x16, 0xfc, 0x27, 0x1f, 0x17, 0xfc, 0x1a, 0x12, 0x13, 0xfc, 0x28, 0x22, 0x08, 0xfd,
    0x1c, 0x17, 0x05, 0xfd, 0x14, 0x0d, 0x0e, 0xfc, 0x25, 0x1d, 0x15, 0xfc, 0x26, 0x1e, 0x17, 0xfc,
    0x19, 0x11, 0x12, 0xfc, 0x29, 0x23, 0x07, 0xfd, 0x18, 0x13, 0x05, 0xfd, 0x15, 0x0f, 0x0e, 0xfc,
    0x24, 0x1c, 0x15, 0xfc, 0x25, 0x1d, 0x15, 0xfc, 0x24, 0x1c, 0x15, 0xfc, 0x25, 0x1d, 0x16, 0xfc,
    0x24, 0x1d, 0x16, 0xfc, 0x23, 0x1b, 0x14, 0xfc, 0x24, 0x1c, 0x15, 0xfc, 0x24, 0x1c, 0x15, 0xfc,
    0x24, 0x1c, 0x15, 0xfc, 0x27, 0x1f, 0x18, 0xfe, 0x24, 0x1b, 0x15, 0xff, 0x15, 0x0d, 0x0a, 0x61,
    0x00, 0x00, 0x00, 0x00, 0x00, 0x00, 0x00, 0x00, 0x00, 0x00, 0x00, 0x00, 0x00, 0x00, 0x00, 0x00,
    0x00, 0x00, 0x00, 0x00, 0x00, 0x00, 0x00, 0x00, 0x00, 0x00, 0x00, 0x00, 0x00, 0x00, 0x00, 0x00,
    0x00, 0x00, 0x00, 0x01, 0x1b, 0x14, 0x10, 0xaf, 0x28, 0x20, 0x19, 0xff, 0x29, 0x21, 0x1a, 0xfe,
    0x27, 0x1f, 0x17, 0xfc, 0x27, 0x1f, 0x17, 0xfc, 0x27, 0x1f, 0x17, 0xfc, 0x27, 0x1e, 0x17, 0xfd,
    0x26, 0x1e, 0x16, 0xfc, 0x26, 0x1e, 0x16, 0xfc, 0x26, 0x1e, 0x16, 0xfd, 0x26, 0x1e, 0x16, 0xfd,
    0x27, 0x1f, 0x17, 0xfc, 0x1d, 0x15, 0x15, 0xfc, 0x1b, 0x14, 0x13, 0xfc, 0x24, 0x1c, 0x15, 0xfc,
    0x26, 0x1e, 0x16, 0xfc, 0x26, 0x1e, 0x17, 0xfc, 0x26, 0x1e, 0x16, 0xfc, 0x1b, 0x14, 0x14, 0xfd,
    0x1b, 0x13, 0x12, 0xfc, 0x24, 0x1c, 0x14, 0xfc, 0x26, 0x1d, 0x16, 0xfc, 0x26, 0x1e, 0x16, 0xfc,
    0x25, 0x1d, 0x16, 0xfc, 0x1a, 0x12, 0x13, 0xfc, 0x1b, 0x14, 0x12, 0xfc, 0x23, 0x1b, 0x14, 0xfc,
    0x25, 0x1c, 0x15, 0xfc, 0x24, 0x1c, 0x15, 0xfc, 0x24, 0x1c, 0x15, 0xfc, 0x24, 0x1c, 0x15, 0xfc,
    0x23, 0x1b, 0x14, 0xfc, 0x23, 0x1b, 0x15, 0xfc, 0x23, 0x1c, 0x15, 0xfc, 0x25, 0x1d, 0x15, 0xfc,
    0x27, 0x1e, 0x17, 0xff, 0x22, 0x1a, 0x13, 0xff, 0x15, 0x0e, 0x0a, 0x90, 0x00, 0x00, 0x00, 0x00,
    0x00, 0x00, 0x00, 0x00, 0x00, 0x00, 0x00, 0x00, 0x00, 0x00, 0x00, 0x00, 0x00, 0x00, 0x00, 0x00,
    0x00, 0x00, 0x00, 0x00, 0x00, 0x00, 0x00, 0x00, 0x00, 0x00, 0x00, 0x00, 0x00, 0x00, 0x00, 0x00,
    0x00, 0x00, 0x00, 0x00, 0x00, 0x00, 0x00, 0x04, 0x17, 0x11, 0x0c, 0xa1, 0x23, 0x1b, 0x15, 0xff,
    0x28, 0x20, 0x19, 0xff, 0x28, 0x20, 0x18, 0xfd, 0x28, 0x20, 0x18, 0xfc, 0x28, 0x1f, 0x18, 0xfc,
    0x26, 0x1e, 0x17, 0xfc, 0x26, 0x1e, 0x16, 0xfc, 0x26, 0x1e, 0x16, 0xfd, 0x26, 0x1e, 0x16, 0xfd,
    0x27, 0x1f, 0x17, 0xfc, 0x27, 0x1f, 0x17, 0xfc, 0x27, 0x1f, 0x18, 0xfc, 0x27, 0x1f, 0x17, 0xfc,
    0x27, 0x1e, 0x17, 0xfc, 0x27, 0x1e, 0x17, 0xfc, 0x26, 0x1e, 0x16, 0xfc, 0x26, 0x1e, 0x16, 0xfc,
    0x26, 0x1e, 0x16, 0xfc, 0x26, 0x1e, 0x16, 0xfc, 0x26, 0x1d, 0x15, 0xfc, 0x25, 0x1d, 0x15, 0xfc,
    0x26, 0x1d, 0x16, 0xfc, 0x26, 0x1e, 0x16, 0xfc, 0x25, 0x1d, 0x16, 0xfc, 0x25, 0x1d, 0x15, 0xfc,
    0x25, 0x1c, 0x15, 0xfc, 0x25, 0x1c, 0x15, 0xfc, 0x25, 0x1d, 0x15, 0xfc, 0x24, 0x1c, 0x15, 0xfc,
    0x24, 0x1c, 0x15, 0xfc, 0x24, 0x1c, 0x15, 0xfc, 0x24, 0x1c, 0x16, 0xfe, 0x25, 0x1c, 0x15, 0xff,
    0x1d, 0x15, 0x10, 0xff, 0x13, 0x0d, 0x07, 0x82, 0x00, 0x00, 0x00, 0x00, 0x00, 0x00, 0x00, 0x00,
    0x00, 0x00, 0x00, 0x00, 0x00, 0x00, 0x00, 0x00, 0x00, 0x00, 0x00, 0x00, 0x00, 0x00, 0x00, 0x00,
    0x00, 0x00, 0x00, 0x00, 0x00, 0x00, 0x00, 0x00, 0x00, 0x00, 0x00, 0x00, 0x00, 0x00, 0x00, 0x00,
    0x00, 0x00, 0x00, 0x00, 0x00, 0x00, 0x00, 0x00, 0x00, 0x00, 0x00, 0x00, 0x13, 0x0b, 0x08, 0x5b,
    0x19, 0x12, 0x0d, 0xd3, 0x1f, 0x18, 0x12, 0xff, 0x25, 0x1c, 0x16, 0xff, 0x27, 0x1e, 0x17, 0xff,
    0x26, 0x1e, 0x17, 0xff, 0x26, 0x1e, 0x17, 0xff, 0x26, 0x1e, 0x16, 0xff, 0x26, 0x1e, 0x16, 0xff,
    0x27, 0x1e, 0x17, 0xff, 0x28, 0x1f, 0x17, 0xff, 0x27, 0x1e, 0x17, 0xff, 0x27, 0x1f, 0x17, 0xff,
    0x27, 0x1e, 0x17, 0xff, 0x27, 0x1e, 0x17, 0xff, 0x27, 0x1e, 0x16, 0xff, 0x26, 0x1e, 0x16, 0xff,
    0x26, 0x1d, 0x16, 0xff, 0x26, 0x1d, 0x16, 0xff, 0x26, 0x1d, 0x15, 0xff, 0x26, 0x1d, 0x15, 0xff,
    0x26, 0x1d, 0x15, 0xff, 0x26, 0x1d, 0x15, 0xff, 0x26, 0x1d, 0x15, 0xff, 0x24, 0x1c, 0x15, 0xff,
    0x25, 0x1d, 0x15, 0xff, 0x25, 0x1d, 0x15, 0xff, 0x25, 0x1d, 0x16, 0xff, 0x25, 0x1c, 0x15, 0xff,
    0x24, 0x1b, 0x14, 0xff, 0x21, 0x19, 0x13, 0xff, 0x1c, 0x14, 0x0f, 0xff, 0x16, 0x0f, 0x0a, 0xc1,
    0x0f, 0x07, 0x03, 0x43, 0x00, 0x00, 0x00, 0x00, 0x00, 0x00, 0x00, 0x00, 0x00, 0x00, 0x00, 0x00,
    0x00, 0x00, 0x00, 0x00, 0x00, 0x00, 0x00, 0x00, 0x00, 0x00, 0x00, 0x00, 0x00, 0x00, 0x00, 0x00,
    0x00, 0x00, 0x00, 0x00, 0x00, 0x00, 0x00, 0x00, 0x00, 0x00, 0x00, 0x00, 0x00, 0x00, 0x00, 0x00,
    0x00, 0x00, 0x00, 0x00, 0x00, 0x00, 0x00, 0x00, 0x00, 0x00, 0x00, 0x00, 0x00, 0x00, 0x00, 0x00,
    0x00, 0x00, 0x00, 0x03, 0x0f, 0x0b, 0x07, 0x44, 0x13, 0x0d, 0x09, 0x83, 0x16, 0x0e, 0x0a, 0xab,
    0x16, 0x10, 0x0a, 0xbd, 0x17, 0x11, 0x0b, 0xc2, 0x17, 0x0f, 0x0b, 0xc1, 0x17, 0x11, 0x0b, 0xc1,
    0x17, 0x11, 0x0b, 0xc2, 0x17, 0x10, 0x0b, 0xc3, 0x17, 0x11, 0x0b, 0xc2, 0x17, 0x10, 0x0b, 0xc3,
    0x17, 0x11, 0x0b, 0xc2, 0x17, 0x11, 0x0b, 0xc2, 0x17, 0x10, 0x0b, 0xc3, 0x17, 0x0f, 0x0b, 0xc2,
    0x17, 0x0f, 0x0b, 0xc2, 0x17, 0x0f, 0x0b, 0xc2, 0x17, 0x0f, 0x0b, 0xc2, 0x17, 0x11, 0x0b, 0xc2,
    0x17, 0x0f, 0x0b, 0xc2, 0x17, 0x0f, 0x0b, 0xc2, 0x17, 0x0f, 0x0a, 0xc2, 0x16, 0x0f, 0x0a, 0xc2,
    0x16, 0x0f, 0x0a, 0xc3, 0x16, 0x0f, 0x0b, 0xc3, 0x16, 0x0f, 0x0b, 0xc2, 0x17, 0x10, 0x0a, 0xbc,
    0x15, 0x0d, 0x09, 0xa5, 0x13, 0x0c, 0x08, 0x78, 0x0e, 0x09, 0x04, 0x35, 0x00, 0x00, 0x00, 0x00,
    0x00, 0x00, 0x00, 0x00, 0x00, 0x00, 0x00, 0x00, 0x00, 0x00, 0x00, 0x00, 0x00, 0x00, 0x00, 0x00,
    0x00, 0x00, 0x00, 0x00, 0x00, 0x00, 0x00, 0x00, 0x00, 0x00, 0x00, 0x00, 0x00, 0x00, 0x00, 0x00,
    0x00, 0x00, 0x00, 0x00, 0x00, 0x00, 0x00, 0x00, 0x00, 0x00, 0x00, 0x00, 0x00, 0x00, 0x00, 0x00,
    0x00, 0x00, 0x00, 0x00, 0x00, 0x00, 0x00, 0x00, 0x00, 0x00, 0x00, 0x00, 0x00, 0x00, 0x00, 0x00,
    0x00, 0x00, 0x00, 0x00, 0x00, 0x00, 0x00, 0x00, 0x00, 0x00, 0x00, 0x00, 0x00, 0x00, 0x00, 0x00,
    0x00, 0x00, 0x00, 0x00, 0x00, 0x00, 0x00, 0x00, 0x00, 0x00, 0x00, 0x00, 0x00, 0x00, 0x00, 0x00,
    0x00, 0x00, 0x00, 0x00, 0x00, 0x00, 0x00, 0x00, 0x00, 0x00, 0x00, 0x00, 0x00, 0x00, 0x00, 0x00,
    0x00, 0x00, 0x00, 0x00, 0x00, 0x00, 0x00, 0x00, 0x00, 0x00, 0x00, 0x00, 0x00, 0x00, 0x00, 0x00,
    0x00, 0x00, 0x00, 0x00, 0x00, 0x00, 0x00, 0x00, 0x00, 0x00, 0x00, 0x00, 0x00, 0x00, 0x00, 0x00,
    0x00, 0x00, 0x00, 0x00, 0x00, 0x00, 0x00, 0x00, 0x00, 0x00, 0x00, 0x00, 0x00, 0x00, 0x00, 0x00,
    0x00, 0x00, 0x00, 0x00, 0x00, 0x00, 0x00, 0x00, 0x00, 0x00, 0x00, 0x00, 0x00, 0x00, 0x00, 0x00,
    0x00, 0x00, 0x00, 0x00, 0x00, 0x00, 0x00, 0x00, 0x00, 0x00, 0x00, 0x00, 0x00, 0x00, 0x00, 0x00,
    0x00, 0x00, 0x00, 0x00, 0x00, 0x00, 0x00, 0x00, 0x00, 0x00, 0x00, 0x00, 0x00, 0x00, 0x00, 0x00,
    0x00, 0x00, 0x00, 0x00, 0x00, 0x00, 0x00, 0x00, 0x00, 0x00, 0x00, 0x00, 0x00, 0x00, 0x00, 0x00,
    0x00, 0x00, 0x00, 0x00, 0x00, 0x00, 0x00, 0x00, 0x00, 0x00, 0x00, 0x00, 0x00, 0x00, 0x00, 0x00,
    0x00, 0x00, 0x00, 0x00, 0x00, 0x00, 0x00, 0x00, 0x00, 0x00, 0x00, 0x00, 0x00, 0x00, 0x00, 0x00,
    0x00, 0x00, 0x00, 0x00, 0x00, 0x00, 0x00, 0x00, 0x00, 0x00, 0x00, 0x00, 0x00, 0x00, 0x00, 0x00,
    0x00, 0x00, 0x00, 0x00, 0x00, 0x00, 0x00, 0x00, 0x00, 0x00, 0x00, 0x00, 0x00, 0x00, 0x00, 0x00,
    0x00, 0x00, 0x00, 0x00, 0x00, 0x00, 0x00, 0x00, 0x00, 0x00, 0x00, 0x00, 0x00, 0x00, 0x00, 0x00,
    0x00, 0x00, 0x00, 0x00, 0x00, 0x00, 0x00, 0x00, 0x00, 0x00, 0x00, 0x00, 0x00, 0x00, 0x00, 0x00,
    0x00, 0x00, 0x00, 0x00, 0x00, 0x00, 0x00, 0x00, 0x00, 0x00, 0x00, 0x00, 0x00, 0x00, 0x00, 0x00,
    0x00, 0x00, 0x00, 0x00, 0x00, 0x00, 0x00, 0x00, 0x00, 0x00, 0x00, 0x00, 0x00, 0x00, 0x00, 0x00,
    0x00, 0x00, 0x00, 0x00, 0x00, 0x00, 0x00, 0x00, 0x00, 0x00, 0x00, 0x00, 0x00, 0x00, 0x00, 0x00,
    0x00, 0x00, 0x00, 0x00, 0x00, 0x00, 0x00, 0x00, 0x00, 0x00, 0x00, 0x00, 0x00, 0x00, 0x00, 0x00,
    0x00, 0x00, 0x00, 0x00, 0x00, 0x00, 0x00, 0x00, 0x00, 0x00, 0x00, 0x00, 0x00, 0x00, 0x00, 0x00,
    0x00, 0x00, 0x00, 0x00, 0x00, 0x00, 0x00, 0x00, 0x00, 0x00, 0x00, 0x00, 0x00, 0x00, 0x00, 0x00,
    0x00, 0x00, 0x00, 0x00, 0x00, 0x00, 0x00, 0x00, 0x00, 0x00, 0x00, 0x00, 0x00, 0x00, 0x00, 0x00,
    0x00, 0x00, 0x00, 0x00, 0x00, 0x00, 0x00, 0x00, 0x00, 0x00, 0x00, 0x00, 0x00, 0x00, 0x00, 0x00,
    0x00, 0x00, 0x00, 0x00, 0x00, 0x00, 0x00, 0x00, 0x00, 0x00, 0x00, 0x00, 0x00, 0x00, 0x00, 0x00,
    0x00, 0x00, 0x00, 0x00, 0x00, 0x00, 0x00, 0x00, 0x00, 0x00, 0x00, 0x01, 0x00, 0x00, 0x00, 0x00,
    0x00, 0x00, 0x00, 0x00, 0x00, 0x00, 0x00, 0x00, 0x00, 0x00, 0x00, 0x00, 0x00, 0x00, 0x00, 0x00,
    0x00, 0x00, 0x00, 0x00, 0x00, 0x00, 0x00, 0x00, 0x00, 0x00, 0x00, 0x00, 0x00, 0x00, 0x00, 0x00,
    0x00, 0x00, 0x00, 0x00, 0x00, 0x00, 0x00, 0x00, 0x00, 0x00, 0x00, 0x00, 0x00, 0x00, 0x00, 0x00,
    0x00, 0x00, 0x00, 0x00, 0x00, 0x00, 0x00, 0x00, 0x00, 0x00, 0x00, 0x00, 0x00, 0x00, 0x00, 0x00,
    0x00, 0x00, 0x00, 0x00, 0x00, 0x00, 0x00, 0x00, 0x00, 0x00, 0x00, 0x00, 0x00, 0x00, 0x00, 0x01,
    0x00, 0x00, 0x00, 0x00, 0x00, 0x00, 0x00, 0x00, 0x00, 0x00, 0x00, 0x00, 0x00, 0x00, 0x00, 0x00,
    0x00, 0x00, 0x00, 0x00, 0x00, 0x00, 0x00, 0x00, 0x00, 0x00, 0x00, 0x00, 0x00, 0x00, 0x00, 0x00,
    0x00, 0x00, 0x00, 0x00, 0x00, 0x00, 0x00, 0x00, 0x00, 0x00, 0x00, 0x00, 0x00, 0x00, 0x00, 0x00,
    0x00, 0x00, 0x00, 0x00, 0x00, 0x00, 0x00, 0x00, 0x00, 0x00, 0x00, 0x00, 0x00, 0x00, 0x00, 0x00,
    0x00, 0x00, 0x00, 0x00, 0x00, 0x00, 0x00, 0x00, 0x00, 0x00, 0x00, 0x00, 0x00, 0x00, 0x00, 0x00,
    0x00, 0x00, 0x00, 0x00, 0x00, 0x00, 0x00, 0x00, 0x00, 0x00, 0x00, 0x00, 0x00, 0x00, 0x00, 0x00,
    0x00, 0x00, 0x00, 0x00, 0x00, 0x00, 0x00, 0x00, 0x00, 0x00, 0x00, 0x00, 0x00, 0x00, 0x00, 0x00,
    0x00, 0x00, 0x00, 0x00, 0x00, 0x00, 0x00, 0x00, 0x00, 0x00, 0x00, 0x00, 0x00, 0x00, 0x00, 0x00,
    0x00, 0x00, 0x00, 0x00, 0x00, 0x00, 0x00, 0x00, 0x00, 0x00, 0x00, 0x00, 0x00, 0x00, 0x00, 0x00,
    0x00, 0x00, 0x00, 0x00, 0x00, 0x00, 0x00, 0x00, 0x00, 0x00, 0x00, 0x00, 0x00, 0x00, 0x00, 0x00,
    0x00, 0x00, 0x00, 0x00, 0x00, 0x00, 0x00, 0x00, 0x00, 0x00, 0x00, 0x00, 0x00, 0x00, 0x00, 0x00,
    0x00, 0x00, 0x00, 0x00, 0x00, 0x00, 0x00, 0x00, 0x00, 0x00, 0x00, 0x00, 0x00, 0x00, 0x00, 0x00,
    0x00, 0x00, 0x00, 0x00, 0x00, 0x00, 0x00, 0x00, 0x00, 0x00, 0x00, 0x00, 0x00, 0x00, 0x00, 0x00,
    0x00, 0x00, 0x00, 0x00, 0x00, 0x00, 0x00, 0x00, 0x00, 0x00, 0x00, 0x00, 0x00, 0x00, 0x00, 0x00,
    0x00, 0x00, 0x00, 0x00, 0x00, 0x00, 0x00, 0x00, 0x00, 0x00, 0x00, 0x00, 0x00, 0x00, 0x00, 0x00,
};

const lv_image_dsc_t toolbox_icon_system = {
    .header.cf = LV_COLOR_FORMAT_ARGB8888,
    .header.magic = LV_IMAGE_HEADER_MAGIC,
    .header.w = 48,
    .header.h = 48,
    .data_size = sizeof(toolbox_icon_system_map),
    .data = toolbox_icon_system_map,
};

const LV_ATTRIBUTE_MEM_ALIGN LV_ATTRIBUTE_LARGE_CONST LV_ATTRIBUTE_IMAGE_TOOLBOX_ICON uint8_t toolbox_icon_i2c_scanner_map[] = {
    0x00, 0x00, 0x00, 0x00, 0x00, 0x00, 0x00, 0x00, 0x00, 0x00, 0x00, 0x00, 0x00, 0x00, 0x00, 0x00,
    0x00, 0x00, 0x00, 0x00, 0x00, 0x00, 0x00, 0x00, 0x00, 0x00, 0x00, 0x00, 0x00, 0x00, 0x00, 0x00,
    0x00, 0x00, 0x00, 0x00, 0x00, 0x00, 0x00, 0x00, 0x00, 0x00, 0x00, 0x00, 0x00, 0x00, 0x00, 0x00,
    0x00, 0x00, 0x00, 0x00, 0x00, 0x00, 0x00, 0x00, 0x00, 0x00, 0x00, 0x00, 0x00, 0x00, 0x00, 0x00,
    0x00, 0x00, 0x00, 0x00, 0x00, 0x00, 0x00, 0x00, 0x00, 0x00, 0x00, 0x00, 0x00, 0x00, 0x00, 0x00,
    0x00, 0x00, 0x00, 0x00, 0x00, 0x00, 0x00, 0x00, 0x00, 0x00, 0x00, 0x00, 0x00, 0x00, 0x00, 0x00,
    0x00, 0x00, 0x00, 0x00, 0x00, 0x00, 0x00, 0x00, 0x00, 0x00, 0x00, 0x00, 0x00, 0x00, 0x00, 0x00,
    0x00, 0x00, 0x00, 0x00, 0x00, 0x00, 0x00, 0x00, 0x00, 0x00, 0x00, 0x00, 0x00, 0x00, 0x00, 0x00,
    0x00, 0x00, 0x00, 0x00, 0x00, 0x00, 0x00, 0x00, 0x00, 0x00, 0x00, 0x00, 0x00, 0x00, 0x00, 0x00,
    0x00, 0x00, 0x00, 0x00, 0x00, 0x00, 0x00, 0x00, 0x00, 0x00, 0x00, 0x00, 0x00, 0x00, 0x00, 0x00,
    0x00, 0x00, 0x00, 0x00, 0x00, 0x00, 0x00, 0x00, 0x00, 0x00, 0x00, 0x00, 0x00, 0x00, 0x00, 0x00,
    0x00, 0x00, 0x00, 0x00, 0x00, 0x00, 0x00, 0x00, 0x00, 0x00, 0x00, 0x00, 0x00, 0x00, 0x00, 0x00,
    0x00, 0x00, 0x00, 0x00, 0x00, 0x00, 0x00, 0x00, 0x00, 0x00, 0x00, 0x00, 0x00, 0x00, 0x00, 0x00,
    0x00, 0x00, 0x00, 0x00, 0x00, 0x00, 0x00, 0x00, 0x00, 0x00, 0x00, 0x00, 0x00, 0x00, 0x00, 0x00,
    0x00, 0x00, 0x00, 0x00, 0x00, 0x00, 0x00, 0x00, 0x00, 0x00, 0x00, 0x00, 0x00, 0x00, 0x00, 0x00,
    0x00, 0x00, 0x00, 0x00, 0x00, 0x00, 0x00, 0x00, 0x00, 0x00, 0x00, 0x00, 0x00, 0x00, 0x00, 0x00,
    0x00, 0x00, 0x00, 0x00, 0x00, 0x00, 0x00, 0x00, 0x00, 0x00, 0x00, 0x00, 0x00, 0x00, 0x00, 0x00,
    0x00, 0x00, 0x00, 0x00, 0x00, 0x00, 0x00, 0x00, 0x00, 0x00, 0x00, 0x00, 0x00, 0x00, 0x00, 0x00,
    0x00, 0x00, 0x00, 0x00, 0x00, 0x00, 0x00, 0x00, 0x00, 0x00, 0x00, 0x00, 0x00, 0x00, 0x00, 0x00,
    0x00, 0x00, 0x00, 0x00, 0x00, 0x00, 0x00, 0x00, 0x00, 0x00, 0x00, 0x00, 0x00, 0x00, 0x00, 0x00,
    0x00, 0x00, 0x00, 0x00, 0x00, 0x00, 0x00, 0x00, 0x00, 0x00, 0x00, 0x00, 0x00, 0x00, 0x00, 0x00,
    0x00, 0x00, 0x00, 0x00, 0x00, 0x00, 0x00, 0x00, 0x00, 0x00, 0x00, 0x00, 0x00, 0x00, 0x00, 0x00,
    0x00, 0x00, 0x00, 0x00, 0x00, 0x00, 0x00, 0x00, 0x00, 0x00, 0x00, 0x00, 0x00, 0x00, 0x00, 0x00,
    0x00, 0x00, 0x00, 0x00, 0x00, 0x00, 0x00, 0x00, 0x00, 0x00, 0x00, 0x00, 0x00, 0x00, 0x00, 0x00,
    0x00, 0x00, 0x00, 0x00, 0x00, 0x00, 0x00, 0x00, 0x00, 0x00, 0x00, 0x00, 0x00, 0x00, 0x00, 0x00,
    0x00, 0x00, 0x00, 0x00, 0x00, 0x00, 0x00, 0x00, 0x00, 0x00, 0x00, 0x00, 0x00, 0x00, 0x00, 0x00,
    0x00, 0x00, 0x00, 0x00, 0x00, 0x00, 0x00, 0x00, 0x00, 0x00, 0x00, 0x00, 0x00, 0x00, 0x00, 0x00,
    0x00, 0x00, 0x00, 0x00, 0x00, 0x00, 0x00, 0x00, 0x00, 0x00, 0x00, 0x00, 0x00, 0x00, 0x00, 0x00,
    0x00, 0x00, 0x00, 0x00, 0x00, 0x00, 0x00, 0x00, 0x00, 0x00, 0x00, 0x00, 0x00, 0x00, 0x00, 0x00,
    0x00, 0x00, 0x00, 0x00, 0x00, 0x00, 0x00, 0x00, 0x00, 0x00, 0x00, 0x00, 0x00, 0x00, 0x00, 0x00,
    0x00, 0x00, 0x00, 0x00, 0x00, 0x00, 0x00, 0x00, 0x00, 0x00, 0x00, 0x00, 0x00, 0x00, 0x00, 0x00,
    0x00, 0x00, 0x00, 0x00, 0x00, 0x00, 0x00, 0x00, 0x00, 0x00, 0x00, 0x00, 0x00, 0x00, 0x00, 0x00,
    0x00, 0x00, 0x00, 0x00, 0x00, 0x00, 0x00, 0x00, 0x00, 0x00, 0x00, 0x00, 0x00, 0x00, 0x00, 0x00,
    0x00, 0x00, 0x00, 0x00, 0x00, 0x00, 0x00, 0x00, 0x00, 0x00, 0x00, 0x00, 0x00, 0x00, 0x00, 0x00,
    0x00, 0x00, 0x00, 0x00, 0x00, 0x00, 0x00, 0x00, 0x00, 0x00, 0x00, 0x00, 0x00, 0x00, 0x00, 0x00,
    0x00, 0x00, 0x00, 0x00, 0x00, 0x00, 0x00, 0x00, 0x00, 0x00, 0x00, 0x00, 0x00, 0x00, 0x00, 0x00,
    0x00, 0x00, 0x00, 0x00, 0x00, 0x00, 0x00, 0x00, 0x00, 0x00, 0x00, 0x00, 0x00, 0x00, 0x00, 0x00,
    0x00, 0x00, 0x00, 0x00, 0x00, 0x00, 0x00, 0x00, 0x00, 0x00, 0x00, 0x00, 0x00, 0x00, 0x00, 0x00,
    0x00, 0x00, 0x00, 0x00, 0x4a, 0x3d, 0x30, 0x3a, 0x68, 0x57, 0x47, 0x7d, 0x6e, 0x5e, 0x4e, 0xa8,
    0x6e, 0x5d, 0x4e, 0xb9, 0x6c, 0x5b, 0x4c, 0xba, 0x6b, 0x5b, 0x4c, 0xbb, 0x6b, 0x5b, 0x4c, 0xbb,
    0x6c, 0x5b, 0x4c, 0xba, 0x6c, 0x5a, 0x4c, 0xba, 0x6a, 0x5a, 0x4b, 0xba, 0x6a, 0x59, 0x4b, 0xba,
    0x69, 0x59, 0x4b, 0xba, 0x69, 0x57, 0x4a, 0xba, 0x69, 0x57, 0x4a, 0xba, 0x69, 0x57, 0x4a, 0xba,
    0x69, 0x57, 0x4a, 0xba, 0x68, 0x57, 0x48, 0xba, 0x68, 0x56, 0x48, 0xba, 0x67, 0x56, 0x47, 0xb9,
    0x65, 0x54, 0x47, 0xba, 0x64, 0x53, 0x47, 0xba, 0x63, 0x52, 0x46, 0xb9, 0x65, 0x54, 0x47, 0xba,
    0x63, 0x53, 0x45, 0xbb, 0x65, 0x53, 0x47, 0xba, 0x63, 0x52, 0x45, 0xbc, 0x62, 0x51, 0x42, 0xbb,
    0x62, 0x51, 0x42, 0xad, 0x64, 0x51, 0x3e, 0x87, 0x5d, 0x4b, 0x38, 0x44, 0x00, 0x00, 0xff, 0x01,
    0x00, 0x00, 0x00, 0x00, 0x00, 0x00, 0x00, 0x00, 0x00, 0x00, 0x00, 0x00, 0x00, 0x00, 0x00, 0x00,
    0x00, 0x00, 0x00, 0x00, 0x00, 0x00, 0x00, 0x00, 0x00, 0x00, 0x00, 0x00, 0x00, 0x00, 0x00, 0x00,
    0x00, 0x00, 0x00, 0x00, 0x00, 0x00, 0x00, 0x00, 0x00, 0x00, 0x00, 0x00, 0x00, 0x00, 0x00, 0x00,
    0x00, 0x00, 0x00, 0x00, 0x00, 0x00, 0x00, 0x00, 0x00, 0x00, 0x00, 0x00, 0x3f, 0x31, 0x2a, 0x48,
    0x6a, 0x5a, 0x4b, 0xc5, 0x78, 0x66, 0x56, 0xff, 0x78, 0x65, 0x56, 0xff, 0x6e, 0x5d, 0x50, 0xff,
    0x67, 0x56, 0x4b, 0xff, 0x65, 0x54, 0x49, 0xff, 0x63, 0x53, 0x48, 0xff, 0x63, 0x53, 0x48, 0xff,
    0x62, 0x52, 0x47, 0xff, 0x61, 0x51, 0x46, 0xff, 0x60, 0x50, 0x45, 0xff, 0x5f, 0x4f, 0x44, 0xff,
    0x5d, 0x4e, 0x43, 0xff, 0x5d, 0x4e, 0x43, 0xff, 0x5b, 0x4c, 0x41, 0xff, 0x5b, 0x4c, 0x41, 0xff,
    0x5b, 0x4c, 0x41, 0xff, 0x58, 0x4a, 0x3f, 0xff, 0x57, 0x49, 0x3e, 0xff, 0x57, 0x49, 0x3e, 0xff,
    0x55, 0x47, 0x3d, 0xff, 0x53, 0x46, 0x3c, 0xff, 0x53, 0x46, 0x3c, 0xff, 0x54, 0x47, 0x3c, 0xff,
    0x54, 0x46, 0x3b, 0xff, 0x53, 0x45, 0x3b, 0xff, 0x52, 0x44, 0x3a, 0xff, 0x51, 0x43, 0x39, 0xff,
    0x54, 0x46, 0x3b, 0xff, 0x5d, 0x4d, 0x3d, 0xff, 0x6b, 0x56, 0x39, 0xff, 0x74, 0x5b, 0x2d, 0xd0,
    0x57, 0x42, 0x27, 0x55, 0x00, 0x00, 0x00, 0x00, 0x00, 0x00, 0x00, 0x00, 0x00, 0x00, 0x00, 0x00,
    0x00, 0x00, 0x00, 0x00, 0x00, 0x00, 0x00, 0x00, 0x00, 0x00, 0x00, 0x00, 0x00, 0x00, 0x00, 0x00,
    0x00, 0x00, 0x00, 0x00, 0x00, 0x00, 0x00, 0x00, 0x00, 0x00, 0x00, 0x00, 0x00, 0x00, 0x00, 0x00,
    0x00, 0x00, 0x00, 0x00, 0x00, 0x00, 0x00, 0x00, 0x50, 0x41, 0x36, 0x8c, 0x7a, 0x68, 0x58, 0xff,
    0x77, 0x66, 0x58, 0xff, 0x58, 0x4a, 0x42, 0xff, 0x4d, 0x3f, 0x39, 0xfd, 0x4c, 0x3e, 0x38, 0xfd,
    0x4a, 0x3e, 0x37, 0xfd, 0x48, 0x3c, 0x35, 0xfe, 0x47, 0x3c, 0x34, 0xfd, 0x46, 0x3b, 0x34, 0xfd,
    0x45, 0x3a, 0x33, 0xfd, 0x44, 0x39, 0x32, 0xfd, 0x44, 0x3a, 0x32, 0xfd, 0x42, 0x38, 0x31, 0xfd,
    0x43, 0x39, 0x31, 0xfd, 0x42, 0x38, 0x30, 0xfd, 0x41, 0x37, 0x30, 0xfd, 0x40, 0x37, 0x2f, 0xfd,
    0x40, 0x36, 0x2f, 0xfd, 0x3e, 0x35, 0x2d, 0xfd, 0x3e, 0x34, 0x2c, 0xfd, 0x3d, 0x33, 0x2c, 0xfd,
    0x3d, 0x33, 0x2c, 0xfd, 0x3d, 0x32, 0x2c, 0xfd, 0x3d, 0x31, 0x2a, 0xfd, 0x3c, 0x31, 0x2a, 0xfd,
    0x3c, 0x31, 0x2b, 0xfd, 0x3c, 0x31, 0x2a, 0xfd, 0x3c, 0x30, 0x2a, 0xfd, 0x3c, 0x31, 0x2a, 0xfd,
    0x3c, 0x31, 0x2a, 0xfd, 0x3a, 0x2f, 0x29, 0xfd, 0x3f, 0x32, 0x2c, 0xfe, 0x5d, 0x4c, 0x2d, 0xff,
    0x83, 0x69, 0x23, 0xff, 0x68, 0x50, 0x1f, 0x92, 0x00, 0x00, 0x00, 0x00, 0x00, 0x00, 0x00, 0x00,
    0x00, 0x00, 0x00, 0x00, 0x00, 0x00, 0x00, 0x00, 0x00, 0x00, 0x00, 0x00, 0x00, 0x00, 0x00, 0x00,
    0x00, 0x00, 0x00, 0x00, 0x00, 0x00, 0x00, 0x00, 0x00, 0x00, 0x00, 0x00, 0x00, 0x00, 0x00, 0x00,
    0x00, 0x00, 0x00, 0x00, 0x4e, 0x41, 0x34, 0x9b, 0x81, 0x6f, 0x5e, 0xff, 0x61, 0x53, 0x49, 0xff,
    0x48, 0x3c, 0x36, 0xfd, 0x4b, 0x3f, 0x39, 0xfd, 0x4b, 0x3f, 0x38, 0xfd, 0x49, 0x3e, 0x36, 0xfd,
    0x48, 0x3d, 0x35, 0xfd, 0x47, 0x3c, 0x34, 0xfd, 0x45, 0x3a, 0x33, 0xfd, 0x44, 0x3a, 0x32, 0xfd,
    0x43, 0x38, 0x31, 0xfd, 0x42, 0x38, 0x30, 0xfd, 0x43, 0x38, 0x30, 0xfd, 0x41, 0x37, 0x2f, 0xfd,
    0x41, 0x37, 0x2f, 0xfd, 0x42, 0x38, 0x30, 0xfd, 0x3e, 0x34, 0x2e, 0xfd, 0x3b, 0x31, 0x2d, 0xfd,
    0x3a, 0x2f, 0x2c, 0xfd, 0x3a, 0x2e, 0x2c, 0xfd, 0x3c, 0x30, 0x2c, 0xfd, 0x3d, 0x32, 0x2b, 0xfd,
    0x3d, 0x32, 0x2b, 0xfd, 0x3d, 0x31, 0x2a, 0xfd, 0x3d, 0x31, 0x29, 0xfd, 0x3d, 0x30, 0x29, 0xfd,
    0x3c, 0x30, 0x29, 0xfd, 0x3c, 0x31, 0x29, 0xfd, 0x3b, 0x30, 0x28, 0xfd, 0x3c, 0x30, 0x28, 0xfd,
    0x3c, 0x30, 0x29, 0xfd, 0x3b, 0x2f, 0x28, 0xfd, 0x39, 0x2e, 0x27, 0xfd, 0x33, 0x28, 0x28, 0xfd,
    0x47, 0x3a, 0x29, 0xff, 0x88, 0x6d, 0x1d, 0xff, 0x63, 0x4c, 0x1a, 0x99, 0x00, 0x00, 0x00, 0x00,
    0x00, 0x00, 0x00, 0x00, 0x00, 0x00, 0x00, 0x00, 0x00, 0x00, 0x00, 0x00, 0x00, 0x00, 0x00, 0x00,
    0x00, 0x00, 0x00, 0x00, 0x00, 0x00, 0x00, 0x00, 0x00, 0x00, 0x00, 0x00, 0x00, 0x00, 0x00, 0x00,
    0x3f, 0x33, 0x29, 0x68, 0x79, 0x68, 0x57, 0xff, 0x5c, 0x4e, 0x45, 0xfe, 0x46, 0x3b, 0x34, 0xfd,
    0x4a, 0x3e, 0x36, 0xfd, 0x48, 0x3d, 0x35, 0xfd, 0x46, 0x3c, 0x34, 0xfd, 0x44, 0x3a, 0x32, 0xfd,
    0x44, 0x39, 0x31, 0xfd, 0x43, 0x38, 0x30, 0xfd, 0x41, 0x37, 0x2f, 0xfd, 0x40, 0x35, 0x2e, 0xfd,
    0x40, 0x34, 0x2d, 0xfd, 0x40, 0x35, 0x2d, 0xfe, 0x42, 0x36, 0x2e, 0xfe, 0x3f, 0x35, 0x2d, 0xfd,
    0x36, 0x2b, 0x27, 0xfd, 0x32, 0x27, 0x23, 0xfd, 0x3b, 0x31, 0x27, 0xfd, 0x4a, 0x42, 0x2d, 0xfd,
    0x51, 0x48, 0x2c, 0xfd, 0x4d, 0x43, 0x27, 0xfd, 0x3f, 0x33, 0x21, 0xfd, 0x2d, 0x20, 0x20, 0xfd,
    0x2d, 0x20, 0x25, 0xfd, 0x39, 0x2d, 0x28, 0xfd, 0x3a, 0x2e, 0x27, 0xfd, 0x3a, 0x2e, 0x27, 0xfd,
    0x3a, 0x2e, 0x27, 0xfd, 0x39, 0x2d, 0x26, 0xfd, 0x38, 0x2d, 0x26, 0xfd, 0x39, 0x2d, 0x26, 0xfd,
    0x39, 0x2e, 0x26, 0xfd, 0x39, 0x2e, 0x26, 0xfd, 0x39, 0x2d, 0x26, 0xfd, 0x39, 0x2d, 0x26, 0xfd,
    0x34, 0x29, 0x27, 0xfd, 0x44, 0x37, 0x27, 0xfe, 0x84, 0x68, 0x18, 0xff, 0x50, 0x3b, 0x1a, 0x62,
    0x00, 0x00, 0x00, 0x00, 0x00, 0x00, 0x00, 0x00, 0x00, 0x00, 0x00, 0x00, 0x00, 0x00, 0x00, 0x00,
    0x00, 0x00, 0x00, 0x00, 0x00, 0x00, 0x00, 0x00, 0x00, 0x00, 0x00, 0x00, 0x0c, 0x0c, 0x00, 0x15,
    0x60, 0x51, 0x44, 0xf0, 0x66, 0x58, 0x4c, 0xff, 0x44, 0x39, 0x33, 0xfd, 0x47, 0x3d, 0x35, 0xfd,
    0x44, 0x3a, 0x33, 0xfd, 0x43, 0x39, 0x31, 0xfd, 0x42, 0x39, 0x31, 0xfd, 0x41, 0x37, 0x30, 0xfd,
    0x41, 0x37, 0x2f, 0xfd, 0x40, 0x35, 0x2e, 0xfd, 0x3f, 0x34, 0x2c, 0xfd, 0x3f, 0x33, 0x2b, 0xfd,
    0x3f, 0x33, 0x2b, 0xfd, 0x40, 0x34, 0x2c, 0xfd, 0x37, 0x2c, 0x26, 0xfd, 0x36, 0x2b, 0x20, 0xfd,
    0x69, 0x62, 0x3b, 0xfd, 0xac, 0xa9, 0x4f, 0xfd, 0xdc, 0xda, 0x4a, 0xfd, 0xf8, 0xf2, 0x38, 0xfd,
    0xfe, 0xf8, 0x2a, 0xfd, 0xfc, 0xf6, 0x25, 0xfd, 0xe6, 0xe3, 0x25, 0xfd, 0xb8, 0xb3, 0x1e, 0xfd,
    0x6e, 0x65, 0x15, 0xfd, 0x2f, 0x21, 0x18, 0xfd, 0x2d, 0x20, 0x21, 0xfd, 0x38, 0x2c, 0x24, 0xfd,
    0x37, 0x2b, 0x24, 0xfd, 0x36, 0x2b, 0x23, 0xfd, 0x35, 0x2a, 0x23, 0xfd, 0x36, 0x2b, 0x24, 0xfd,
    0x37, 0x2c, 0x25, 0xfd, 0x37, 0x2c, 0x25, 0xfd, 0x37, 0x2b, 0x25, 0xfd, 0x37, 0x2c, 0x25, 0xfd,
    0x37, 0x2c, 0x24, 0xfd, 0x30, 0x26, 0x27, 0xfd, 0x5b, 0x49, 0x22, 0xff, 0x6e, 0x54, 0x12, 0xec,
    0x0f, 0x00, 0x2d, 0x11, 0x00, 0x00, 0x00, 0x00, 0x00, 0x00, 0x00, 0x00, 0x00, 0x00, 0x00, 0x00,
    0x00, 0x00, 0x00, 0x00, 0x00, 0x00, 0x00, 0x00, 0x00, 0x00, 0x00, 0x00, 0x41, 0x36, 0x2b, 0x75,
    0x70, 0x60, 0x50, 0xff, 0x48, 0x3d, 0x35, 0xfd, 0x45, 0x3b, 0x33, 0xfd, 0x43, 0x3a, 0x32, 0xfd,
    0x41, 0x38, 0x30, 0xfd, 0x40, 0x37, 0x2f, 0xfd, 0x40, 0x37, 0x2f, 0xfd, 0x3f, 0x34, 0x2d, 0xfd,
    0x3f, 0x34, 0x2d, 0xfd, 0x3d, 0x32, 0x2b, 0xfd, 0x3d, 0x31, 0x2a, 0xfd, 0x3d, 0x32, 0x2a, 0xfd,
    0x3f, 0x33, 0x2b, 0xfd, 0x32, 0x26, 0x1f, 0xfd, 0x56, 0x4c, 0x2e, 0xfd, 0xc2, 0xc0, 0x5d, 0xfd,
    0xfe, 0xfe, 0x48, 0xfd, 0xfe, 0xfe, 0x16, 0xfd, 0xf1, 0xd4, 0x00, 0xfd, 0xcf, 0xaf, 0x00, 0xfd,
    0xc5, 0xa4, 0x00, 0xfd, 0xce, 0xb0, 0x00, 0xfd, 0xed, 0xd5, 0x00, 0xfd, 0xfe, 0xfe, 0x06, 0xfd,
    0xfe, 0xfe, 0x0d, 0xfd, 0xc8, 0xc3, 0x0d, 0xfd, 0x4b, 0x3c, 0x0d, 0xfd, 0x25, 0x18, 0x1b, 0xfd,
    0x35, 0x2a, 0x21, 0xfd, 0x34, 0x29, 0x21, 0xfd, 0x34, 0x29, 0x22, 0xfd, 0x35, 0x2a, 0x23, 0xfd,
    0x35, 0x2a, 0x23, 0xfd, 0x36, 0x2b, 0x23, 0xfd, 0x36, 0x2a, 0x24, 0xfd, 0x36, 0x2a, 0x24, 0xfd,
    0x36, 0x2b, 0x24, 0xfd, 0x35, 0x2a, 0x23, 0xfd, 0x37, 0x2c, 0x27, 0xfd, 0x70, 0x56, 0x19, 0xff,
    0x49, 0x34, 0x13, 0x6b, 0x00, 0x00, 0x00, 0x00, 0x00, 0x00, 0x00, 0x00, 0x00, 0x00, 0x00, 0x00,
    0x00, 0x00, 0x00, 0x00, 0x00, 0x00, 0x00, 0x00, 0x00, 0x00, 0x00, 0x00, 0x54, 0x46, 0x3a, 0xc4,
    0x63, 0x54, 0x48, 0xff, 0x3f, 0x36, 0x2f, 0xfd, 0x41, 0x38, 0x30, 0xfd, 0x40, 0x36, 0x2f, 0xfd,
    0x3f, 0x35, 0x2d, 0xfd, 0x3e, 0x33, 0x2c, 0xfd, 0x3d, 0x32, 0x2b, 0xfd, 0x3b, 0x30, 0x29, 0xfd,
    0x3b, 0x30, 0x29, 0xfd, 0x3b, 0x2f, 0x28, 0xfd, 0x3c, 0x30, 0x28, 0xfd, 0x3d, 0x32, 0x29, 0xfe,
    0x30, 0x23, 0x1d, 0xfd, 0x6b, 0x63, 0x38, 0xfd, 0xf1, 0xf3, 0x64, 0xfd, 0xfe, 0xfe, 0x1a, 0xfd,
    0xcf, 0xad, 0x00, 0xfd, 0x89, 0x67, 0x07, 0xfd, 0x6c, 0x51, 0x2a, 0xfd, 0x63, 0x4b, 0x35, 0xfd,
    0x5a, 0x41, 0x2d, 0xfd, 0x51, 0x36, 0x1d, 0xfd, 0x59, 0x3d, 0x11, 0xfd, 0x81, 0x62, 0x04, 0xfd,
    0xd4, 0xbc, 0x00, 0xfd, 0xfe, 0xfe, 0x04, 0xfd, 0xf1, 0xeb, 0x09, 0xfd, 0x58, 0x45, 0x09, 0xfd,
    0x21, 0x15, 0x17, 0xfd, 0x33, 0x27, 0x1e, 0xfd, 0x32, 0x27, 0x20, 0xfd, 0x32, 0x27, 0x20, 0xfd,
    0x33, 0x27, 0x21, 0xfd, 0x34, 0x28, 0x21, 0xfd, 0x34, 0x29, 0x22, 0xfd, 0x33, 0x28, 0x21, 0xfd,
    0x34, 0x29, 0x22, 0xfd, 0x33, 0x28, 0x21, 0xfd, 0x31, 0x27, 0x24, 0xfd, 0x59, 0x45, 0x22, 0xff,
    0x55, 0x40, 0x14, 0xbb, 0x00, 0x00, 0x00, 0x00, 0x00, 0x00, 0x00, 0x00, 0x00, 0x00, 0x00, 0x00,
    0x00, 0x00, 0x00, 0x00, 0x00, 0x00, 0x00, 0x00, 0x00, 0x00, 0x00, 0x0d, 0x58, 0x4a, 0x3e, 0xea,
    0x53, 0x47, 0x3d, 0xff, 0x3e, 0x35, 0x2e, 0xfd, 0x3f, 0x35, 0x2e, 0xfd, 0x3e, 0x33, 0x2b, 0xfd,
    0x3c, 0x31, 0x2a, 0xfd, 0x3a, 0x30, 0x29, 0xfd, 0x39, 0x2f, 0x28, 0xfd, 0x38, 0x2d, 0x27, 0xfd,
    0x38, 0x2d, 0x26, 0xfd, 0x39, 0x2e, 0x26, 0xfd, 0x3a, 0x2f, 0x26, 0xfd, 0x31, 0x24, 0x1e, 0xfd,
    0x5d, 0x55, 0x2e, 0xfd, 0xf6, 0xf8, 0x5c, 0xfd, 0xfe, 0xf4, 0x05, 0xfd, 0xa2, 0x7d, 0x00, 0xfd,
    0x94, 0x85, 0x75, 0xfd, 0xcb, 0xc4, 0xc7, 0xfd, 0x9d, 0x8d, 0x80, 0xfd, 0x91, 0x7e, 0x6f, 0xfd,
    0x72, 0x5d, 0x48, 0xfd, 0x56, 0x3f, 0x25, 0xfd, 0x54, 0x3e, 0x25, 0xfd, 0x4a, 0x33, 0x1e, 0xfd,
    0x4d, 0x31, 0x0d, 0xfd, 0xab, 0x92, 0x00, 0xfd, 0xfe, 0xfe, 0x02, 0xfd, 0xee, 0xe1, 0x07, 0xfd,
    0x3c, 0x2a, 0x07, 0xfd, 0x24, 0x19, 0x17, 0xfd, 0x30, 0x24, 0x1c, 0xfd, 0x2f, 0x24, 0x1d, 0xfd,
    0x31, 0x26, 0x1f, 0xfd, 0x32, 0x27, 0x20, 0xfd, 0x33, 0x28, 0x21, 0xfd, 0x33, 0x28, 0x21, 0xfd,
    0x32, 0x27, 0x20, 0xfd, 0x31, 0x26, 0x20, 0xfd, 0x31, 0x27, 0x21, 0xfd, 0x48, 0x38, 0x26, 0xff,
    0x4e, 0x3b, 0x17, 0xe2, 0x00, 0x00, 0x00, 0x07, 0x00, 0x00, 0x00, 0x00, 0x00, 0x00, 0x00, 0x00,
    0x00, 0x00, 0x00, 0x00, 0x00, 0x00, 0x00, 0x00, 0x17, 0x0f, 0x07, 0x20, 0x53, 0x46, 0x3b, 0xf9,
    0x4b, 0x40, 0x37, 0xff, 0x3e, 0x34, 0x2c, 0xfd, 0x3d, 0x33, 0x2b, 0xfd, 0x3b, 0x31, 0x2a, 0xfd,
    0x39, 0x2f, 0x28, 0xfd, 0x38, 0x2d, 0x27, 0xfd, 0x37, 0x2c, 0x26, 0xfd, 0x36, 0x2c, 0x25, 0xfd,
    0x37, 0x2c, 0x25, 0xfd, 0x38, 0x2c, 0x24, 0xfd, 0x35, 0x29, 0x22, 0xfd, 0x3b, 0x2f, 0x1c, 0xfd,
    0xde, 0xdc, 0x58, 0xfd, 0xfe, 0xfc, 0x0c, 0xfd, 0x9c, 0x76, 0x00, 0xfd, 0xa6, 0x9c, 0x9c, 0xfd,
    0xfd, 0xfa, 0xf9, 0xfd, 0xc3, 0xb7, 0xa9, 0xfd, 0x8b, 0x76, 0x64, 0xfd, 0x79, 0x62, 0x46, 0xfd,
    0x61, 0x48, 0x22, 0xfd, 0x5f, 0x45, 0x21, 0xfd, 0x57, 0x3f, 0x20, 0xfd, 0x4e, 0x3a, 0x1f, 0xfd,
    0x4c, 0x37, 0x1e, 0xfd, 0x46, 0x2a, 0x0e, 0xfd, 0xb5, 0x9f, 0x00, 0xfd, 0xfe, 0xfe, 0x02, 0xfd,
    0xbc, 0xa4, 0x03, 0xfd, 0x1b, 0x0d, 0x0a, 0xfd, 0x2c, 0x20, 0x18, 0xfd, 0x2d, 0x22, 0x1b, 0xfd,
    0x2e, 0x24, 0x1d, 0xfd, 0x30, 0x25, 0x1e, 0xfd, 0x31, 0x26, 0x1f, 0xfd, 0x32, 0x27, 0x21, 0xfd,
    0x31, 0x26, 0x1f, 0xfd, 0x30, 0x26, 0x1e, 0xfd, 0x31, 0x26, 0x20, 0xfd, 0x40, 0x32, 0x25, 0xff,
    0x48, 0x35, 0x18, 0xf2, 0x0b, 0x0b, 0x00, 0x17, 0x00, 0x00, 0x00, 0x00, 0x00, 0x00, 0x00, 0x00,
    0x00, 0x00, 0x00, 0x00, 0x00, 0x00, 0x00, 0x00, 0x1b, 0x14, 0x0d, 0x25, 0x50, 0x43, 0x38, 0xfc,
    0x47, 0x3c, 0x34, 0xff, 0x3c, 0x31, 0x2a, 0xfd, 0x3b, 0x30, 0x29, 0xfd, 0x38, 0x2e, 0x27, 0xfd,
    0x37, 0x2d, 0x26, 0xfd, 0x35, 0x2b, 0x25, 0xfd, 0x34, 0x2a, 0x24, 0xfd, 0x34, 0x2a, 0x23, 0xfd,
    0x35, 0x2a, 0x23, 0xfd, 0x36, 0x2b, 0x22, 0xfd, 0x28, 0x1b, 0x17, 0xfd, 0x8a, 0x84, 0x3c, 0xfd,
    0xfe, 0xfe, 0x2d, 0xfd, 0xc1, 0x9e, 0x00, 0xfd, 0x8d, 0x7b, 0x6d, 0xfd, 0xf9, 0xf5, 0xf1, 0xfd,
    0xb7, 0xa9, 0x9a, 0xfd, 0x85, 0x6f, 0x58, 0xfd, 0x79, 0x5f, 0x35, 0xfd, 0x6d, 0x4f, 0x16, 0xfd,
    0x70, 0x51, 0x15, 0xfd, 0x6e, 0x4f, 0x13, 0xfd, 0x65, 0x47, 0x14, 0xfd, 0x57, 0x3e, 0x19, 0xfd,
    0x4b, 0x37, 0x1b, 0xfd, 0x4e, 0x38, 0x1f, 0xfd, 0x54, 0x3a, 0x07, 0xfd, 0xe7, 0xd9, 0x00, 0xfd,
    0xfe, 0xf7, 0x01, 0xfd, 0x53, 0x3d, 0x03, 0xfd, 0x1b, 0x11, 0x11, 0xfd, 0x2c, 0x20, 0x18, 0xfd,
    0x2d, 0x22, 0x1b, 0xfd, 0x2e, 0x23, 0x1c, 0xfd, 0x2f, 0x24, 0x1d, 0xfd, 0x30, 0x25, 0x1e, 0xfd,
    0x30, 0x25, 0x1e, 0xfd, 0x30, 0x25, 0x1e, 0xfd, 0x30, 0x25, 0x1e, 0xfd, 0x3d, 0x30, 0x24, 0xff,
    0x44, 0x32, 0x18, 0xf6, 0x11, 0x11, 0x08, 0x1e, 0x00, 0x00, 0x00, 0x00, 0x00, 0x00, 0x00, 0x00,
    0x00, 0x00, 0x00, 0x00, 0x00, 0x00, 0x00, 0x00, 0x1b, 0x14, 0x0d, 0x25, 0x4f, 0x42, 0x37, 0xfb,
    0x45, 0x3a, 0x32, 0xff, 0x3a, 0x30, 0x29, 0xfd, 0x39, 0x2f, 0x28, 0xfd, 0x38, 0x2d, 0x26, 0xfd,
    0x35, 0x2b, 0x25, 0xfd, 0x35, 0x2b, 0x24, 0xfd, 0x35, 0x2a, 0x23, 0xfd, 0x34, 0x29, 0x22, 0xfd,
    0x34, 0x29, 0x22, 0xfd, 0x33, 0x27, 0x20, 0xfd, 0x30, 0x24, 0x18, 0xfd, 0xd8, 0xd5, 0x40, 0xfd,
    0xfe, 0xf2, 0x02, 0xfd, 0x81, 0x62, 0x16, 0xfd, 0xb0, 0xa1, 0x99, 0xfd, 0xad, 0x9d, 0x8d, 0xfd,
    0x80, 0x68, 0x4d, 0xfd, 0x77, 0x5c, 0x2a, 0xfd, 0x79, 0x58, 0x1a, 0xfd, 0x7a, 0x58, 0x18, 0xfd,
    0x7a, 0x58, 0x17, 0xfd, 0x7a, 0x57, 0x16, 0xfd, 0x74, 0x52, 0x11, 0xfd, 0x62, 0x43, 0x0c, 0xfd,
    0x52, 0x3a, 0x15, 0xfd, 0x4a, 0x36, 0x1a, 0xfd, 0x42, 0x29, 0x0f, 0xfd, 0x9e, 0x8a, 0x02, 0xfd,
    0xfe, 0xfe, 0x01, 0xfd, 0x9f, 0x84, 0x00, 0xfd, 0x11, 0x06, 0x09, 0xfd, 0x2a, 0x1e, 0x16, 0xfd,
    0x2c, 0x21, 0x19, 0xfd, 0x2d, 0x22, 0x1b, 0xfd, 0x2e, 0x23, 0x1c, 0xfd, 0x2f, 0x24, 0x1d, 0xfd,
    0x2f, 0x25, 0x1d, 0xfd, 0x30, 0x25, 0x1d, 0xfd, 0x2f, 0x25, 0x1d, 0xfd, 0x3d, 0x2f, 0x23, 0xff,
    0x43, 0x32, 0x18, 0xf6, 0x11, 0x08, 0x00, 0x1d, 0x00, 0x00, 0x00, 0x00, 0x00, 0x00, 0x00, 0x00,
    0x00, 0x00, 0x00, 0x00, 0x00, 0x00, 0x00, 0x00, 0x22, 0x1b, 0x14, 0x25, 0x4e, 0x41, 0x36, 0xfb,
    0x44, 0x38, 0x30, 0xff, 0x39, 0x2e, 0x27, 0xfd, 0x38, 0x2d, 0x26, 0xfd, 0x36, 0x2c, 0x25, 0xfd,
    0x35, 0x2b, 0x24, 0xfd, 0x34, 0x2a, 0x23, 0xfd, 0x35, 0x29, 0x22, 0xfd, 0x33, 0x29, 0x21, 0xfd,
    0x33, 0x28, 0x20, 0xfd, 0x2c, 0x20, 0x1d, 0xfd, 0x4d, 0x44, 0x1e, 0xfd, 0xfe, 0xfc, 0x28, 0xfd,
    0xdc, 0xc1, 0x00, 0xfd, 0x78, 0x5e, 0x3e, 0xfd, 0x8d, 0x78, 0x64, 0xfd, 0x72, 0x58, 0x3c, 0xfd,
    0x6d, 0x47, 0x12, 0xfd, 0xa3, 0x7c, 0x50, 0xfd, 0x97, 0x6a, 0x3e, 0xfd, 0x9d, 0x72, 0x3c, 0xfd,
    0x9e, 0x72, 0x3a, 0xfd, 0x9a, 0x6c, 0x2b, 0xfd, 0x94, 0x61, 0x35, 0xfd, 0x5c, 0x35, 0x03, 0xfd,
    0x51, 0x31, 0x02, 0xfd, 0x4a, 0x35, 0x17, 0xfd, 0x48, 0x30, 0x11, 0xfd, 0x73, 0x5c, 0x04, 0xfd,
    0xfe, 0xfa, 0x03, 0xfd, 0xd1, 0xb4, 0x00, 0xfd, 0x1a, 0x0b, 0x04, 0xfc, 0x26, 0x1a, 0x12, 0xfd,
    0x2c, 0x20, 0x18, 0xfd, 0x2c, 0x21, 0x19, 0xfd, 0x2d, 0x22, 0x1b, 0xfd, 0x2e, 0x24, 0x1c, 0xfd,
    0x2f, 0x24, 0x1d, 0xfd, 0x2f, 0x24, 0x1c, 0xfd, 0x2e, 0x24, 0x1c, 0xfd, 0x3c, 0x2f, 0x22, 0xff,
    0x42, 0x31, 0x17, 0xf6, 0x11, 0x08, 0x00, 0x1d, 0x00, 0x00, 0x00, 0x00, 0x00, 0x00, 0x00, 0x00,
    0x00, 0x00, 0x00, 0x00, 0x00, 0x00, 0x00, 0x00, 0x22, 0x14, 0x0d, 0x25, 0x4c, 0x40, 0x35, 0xfb,
    0x42, 0x37, 0x2f, 0xff, 0x37, 0x2c, 0x26, 0xfd, 0x36, 0x2c, 0x25, 0xfd, 0x30, 0x26, 0x21, 0xfd,
    0x2e, 0x25, 0x20, 0xfd, 0x2d, 0x24, 0x1e, 0xfd, 0x2d, 0x23, 0x1d, 0xfd, 0x2b, 0x22, 0x1c, 0xfd,
    0x2f, 0x24, 0x1d, 0xfd, 0x27, 0x1a, 0x1a, 0xfd, 0x66, 0x5e, 0x1b, 0xfd, 0xfe, 0xfe, 0x14, 0xfd,
    0xbe, 0xa4, 0x00, 0xfd, 0x75, 0x5b, 0x46, 0xfd, 0x73, 0x5b, 0x40, 0xfd, 0x5d, 0x54, 0x34, 0xfd,
    0x60, 0x6b, 0x54, 0xfd, 0x89, 0x5d, 0x2c, 0xfd, 0xd6, 0xcd, 0x27, 0xfd, 0xed, 0xea, 0x17, 0xfd,
    0xed, 0xea, 0x26, 0xfd, 0xe9, 0xe5, 0x6b, 0xfd, 0x9c, 0x71, 0x0a, 0xfd, 0x42, 0x3e, 0x33, 0xfd,
    0x44, 0x53, 0x3b, 0xfd, 0x49, 0x31, 0x0f, 0xfd, 0x4f, 0x36, 0x10, 0xfd, 0x69, 0x4f, 0x05, 0xfd,
    0xf1, 0xe8, 0x09, 0xfd, 0xea, 0xcc, 0x00, 0xfd, 0x28, 0x16, 0x03, 0xfd, 0x1d, 0x12, 0x0c, 0xfd,
    0x23, 0x19, 0x11, 0xfd, 0x25, 0x1b, 0x14, 0xfd, 0x26, 0x1c, 0x15, 0xfd, 0x26, 0x1c, 0x15, 0xfd,
    0x29, 0x20, 0x18, 0xfd, 0x2f, 0x24, 0x1c, 0xfd, 0x2f, 0x24, 0x1d, 0xfd, 0x3b, 0x2e, 0x21, 0xff,
    0x41, 0x31, 0x16, 0xf6, 0x11, 0x08, 0x00, 0x1d, 0x00, 0x00, 0x00, 0x00, 0x00, 0x00, 0x00, 0x00,
    0x00, 0x00, 0x00, 0x00, 0x00, 0x00, 0x00, 0x00, 0x22, 0x1b, 0x14, 0x25, 0x4b, 0x3e, 0x34, 0xfb,
    0x41, 0x36, 0x2e, 0xff, 0x36, 0x2b, 0x24, 0xfd, 0x33, 0x29, 0x22, 0xfd, 0x4d, 0x3e, 0x2f, 0xfd,
    0x4f, 0x38, 0x2b, 0xfd, 0x4b, 0x34, 0x28, 0xfd, 0x4a, 0x32, 0x26, 0xfd, 0x4f, 0x38, 0x29, 0xfd,
    0x40, 0x2f, 0x1e, 0xfd, 0x1f, 0x12, 0x15, 0xfd, 0x6f, 0x67, 0x14, 0xfd, 0xfe, 0xfe, 0x0b, 0xfd,
    0xba, 0xa2, 0x00, 0xfd, 0x66, 0x4a, 0x2b, 0xfd, 0x5b, 0x36, 0x10, 0xfd, 0x39, 0x70, 0x71, 0xfd,
    0x16, 0xa9, 0xf4, 0xfd, 0x8b, 0x69, 0x24, 0xfd, 0xfe, 0xfd, 0x02, 0xfd, 0xfc, 0xfb, 0x00, 0xfd,
    0xfe, 0xfd, 0x07, 0xfd, 0xfe, 0xfe, 0x4c, 0xfd, 0xb8, 0x8e, 0x00, 0xfd, 0x20, 0x6b, 0xa4, 0xfd,
    0x0c, 0x8c, 0xc9, 0xfd, 0x40, 0x23, 0x02, 0xfd, 0x5c, 0x3e, 0x0c, 0xfd, 0x78, 0x5a, 0x05, 0xfd,
    0xea, 0xe3, 0x13, 0xfd, 0xef, 0xcd, 0x00, 0xfd, 0x28, 0x15, 0x01, 0xfd, 0x2c, 0x20, 0x15, 0xfd,
    0x4c, 0x36, 0x23, 0xfd, 0x45, 0x2c, 0x1e, 0xfd, 0x45, 0x2d, 0x1f, 0xfd, 0x4a, 0x32, 0x22, 0xfd,
    0x41, 0x2f, 0x1c, 0xfd, 0x2b, 0x1f, 0x14, 0xfd, 0x2f, 0x24, 0x1b, 0xfd, 0x3a, 0x2d, 0x21, 0xff,
    0x41, 0x30, 0x15, 0xf6, 0x11, 0x08, 0x00, 0x1d, 0x00, 0x00, 0x00, 0x00, 0x00, 0x00, 0x00, 0x00,
    0x00, 0x00, 0x00, 0x00, 0x00, 0x00, 0x00, 0x00, 0x22, 0x1b, 0x14, 0x25, 0x4b, 0x3e, 0x34, 0xfb,
    0x40, 0x36, 0x2e, 0xff, 0x2f, 0x22, 0x1c, 0xfd, 0x45, 0x2a, 0x17, 0xfd, 0x9d, 0x71, 0x4c, 0xfd,
    0x9d, 0x74, 0x3c, 0xfd, 0xa7, 0x83, 0x3b, 0xfd, 0xa6, 0x82, 0x3c, 0xfd, 0x9d, 0x70, 0x35, 0xfd,
    0x70, 0x44, 0x22, 0xfd, 0x16, 0x00, 0x00, 0xfd, 0x64, 0x59, 0x0a, 0xfd, 0xfe, 0xfe, 0x06, 0xfd,
    0xc1, 0xac, 0x00, 0xfd, 0x55, 0x38, 0x11, 0xfd, 0x56, 0x3f, 0x1b, 0xfd, 0x3f, 0x33, 0x1b, 0xfd,
    0x2e, 0x26, 0x29, 0xfd, 0x90, 0x6a, 0x1d, 0xfd, 0xf6, 0xf2, 0x04, 0xfd, 0xf7, 0xf0, 0x00, 0xfd,
    0xf7, 0xf1, 0x00, 0xfd, 0xfe, 0xfe, 0x00, 0xfd, 0xb2, 0x91, 0x03, 0xfd, 0x29, 0x16, 0x16, 0xfd,
    0x1e, 0x1b, 0x15, 0xfd, 0x47, 0x31, 0x0c, 0xfd, 0x70, 0x4d, 0x06, 0xfd, 0x92, 0x74, 0x08, 0xfd,
    0xf3, 0xe9, 0x1b, 0xfd, 0xe3, 0xbc, 0x00, 0xfd, 0x18, 0x01, 0x00, 0xfd, 0x76, 0x52, 0x37, 0xfd,
    0x9f, 0x71, 0x40, 0xfd, 0xa2, 0x7d, 0x34, 0xfd, 0xa4, 0x80, 0x37, 0xfd, 0x9e, 0x75, 0x36, 0xfd,
    0x80, 0x50, 0x28, 0xfd, 0x2a, 0x11, 0x00, 0xfd, 0x29, 0x1c, 0x10, 0xfd, 0x3a, 0x2e, 0x22, 0xff,
    0x40, 0x30, 0x15, 0xf6, 0x11, 0x08, 0x00, 0x1e, 0x00, 0x00, 0x00, 0x00, 0x00, 0x00, 0x00, 0x00,
    0x00, 0x00, 0x00, 0x00, 0x00, 0x00, 0x00, 0x00, 0x22, 0x14, 0x14, 0x25, 0x49, 0x3c, 0x32, 0xfb,
    0x3e, 0x2b, 0x22, 0xff, 0x32, 0x52, 0x57, 0xfd, 0x3e, 0x98, 0xb8, 0xfd, 0x86, 0x61, 0x21, 0xfd,
    0xf3, 0xf3, 0x17, 0xfd, 0xfc, 0xfe, 0x0e, 0xfd, 0xfe, 0xfe, 0x12, 0xfd, 0xe3, 0xd4, 0x06, 0xfd,
    0x5b, 0x45, 0x2a, 0xfd, 0x1c, 0x84, 0xb9, 0xfd, 0x40, 0x47, 0x20, 0xfd, 0xfe, 0xf7, 0x02, 0xfd,
    0xdf, 0xce, 0x00, 0xfd, 0x57, 0x3a, 0x09, 0xfd, 0x51, 0x32, 0x0b, 0xfd, 0x47, 0x6c, 0x62, 0xfd,
    0x35, 0xa6, 0xd0, 0xfd, 0x86, 0x66, 0x1e, 0xfd, 0xfe, 0xf7, 0x02, 0xfd, 0xfd, 0xf2, 0x00, 0xfd,
    0xfb, 0xf1, 0x01, 0xfd, 0xfe, 0xfe, 0x00, 0xfd, 0xb2, 0x86, 0x00, 0xfd, 0x29, 0x63, 0x89, 0xfd,
    0x24, 0x8a, 0xaa, 0xfd, 0x4e, 0x2e, 0x03, 0xfd, 0x9a, 0x71, 0x00, 0xfd, 0xb2, 0x9f, 0x17, 0xfd,
    0xfe, 0xf3, 0x1c, 0xfd, 0xbf, 0x91, 0x00, 0xfd, 0x1d, 0x6f, 0x99, 0xfd, 0x56, 0x5c, 0x5b, 0xfd,
    0xd2, 0xbd, 0x12, 0xfd, 0xfe, 0xfe, 0x0f, 0xfd, 0xfe, 0xfe, 0x15, 0xfd, 0xf4, 0xf2, 0x17, 0xfd,
    0x74, 0x4e, 0x0b, 0xfd, 0x23, 0x82, 0xae, 0xfd, 0x20, 0x41, 0x4a, 0xfd, 0x38, 0x24, 0x13, 0xff,
    0x41, 0x30, 0x15, 0xf5, 0x11, 0x08, 0x00, 0x1d, 0x00, 0x00, 0x00, 0x00, 0x00, 0x00, 0x00, 0x00,
    0x00, 0x00, 0x00, 0x00, 0x00, 0x00, 0x00, 0x00, 0x21, 0x14, 0x14, 0x26, 0x49, 0x3c, 0x31, 0xfb,
    0x40, 0x2e, 0x24, 0xff, 0x1d, 0x37, 0x41, 0xfd, 0x0e, 0x4e, 0x83, 0xfd, 0x96, 0x73, 0x1a, 0xfd,
    0xfe, 0xfe, 0x00, 0xfd, 0xfa, 0xf6, 0x00, 0xfd, 0xfe, 0xfd, 0x00, 0xfd, 0xf4, 0xe6, 0x00, 0xfd,
    0x5c, 0x43, 0x1d, 0xfd, 0x01, 0x46, 0x82, 0xfd, 0x15, 0x17, 0x15, 0xfd, 0xdc, 0xc9, 0x01, 0xfd,
    0xfe, 0xfa, 0x02, 0xfd, 0x77, 0x5d, 0x02, 0xfd, 0x4e, 0x2e, 0x06, 0xfd, 0x2a, 0x46, 0x44, 0xfd,
    0x13, 0x5f, 0x94, 0xfd, 0x7b, 0x50, 0x1f, 0xfd, 0xd2, 0xbc, 0x00, 0xfd, 0xe5, 0xd3, 0x00, 0xfd,
    0xe2, 0xd1, 0x01, 0xfd, 0xe4, 0xd3, 0x00, 0xfd, 0x91, 0x5e, 0x04, 0xfd, 0x22, 0x41, 0x62, 0xfd,
    0x05, 0x49, 0x71, 0xfd, 0x77, 0x50, 0x00, 0xfd, 0xc5, 0xa5, 0x0f, 0xfd, 0xcf, 0xc7, 0x37, 0xfd,
    0xfe, 0xf3, 0x0b, 0xfd, 0x83, 0x5b, 0x00, 0xfd, 0x00, 0x34, 0x6c, 0xfd, 0x4f, 0x4a, 0x46, 0xfd,
    0xe8, 0xd6, 0x03, 0xfd, 0xfe, 0xfd, 0x00, 0xfd, 0xfc, 0xf8, 0x00, 0xfd, 0xfe, 0xfc, 0x00, 0xfd,
    0x7e, 0x5a, 0x08, 0xfd, 0x04, 0x41, 0x79, 0xfd, 0x10, 0x26, 0x34, 0xfd, 0x38, 0x26, 0x15, 0xff,
    0x42, 0x31, 0x15, 0xf6, 0x11, 0x08, 0x00, 0x1e, 0x00, 0x00, 0x00, 0x00, 0x00, 0x00, 0x00, 0x00,
    0x00, 0x00, 0x00, 0x00, 0x00, 0x00, 0x00, 0x00, 0x22, 0x14, 0x14, 0x25, 0x48, 0x3b, 0x31, 0xfb,
    0x3b, 0x2c, 0x24, 0xff, 0x2f, 0x3f, 0x3f, 0xfd, 0x37, 0x67, 0x78, 0xfd, 0x94, 0x74, 0x1b, 0xfd,
    0xfe, 0xfb, 0x02, 0xfd, 0xfa, 0xf1, 0x00, 0xfc, 0xfe, 0xf6, 0x01, 0xfd, 0xf2, 0xe1, 0x00, 0xfd,
    0x5d, 0x44, 0x1b, 0xfd, 0x1f, 0x5d, 0x73, 0xfd, 0x0b, 0x0e, 0x17, 0xfd, 0x88, 0x71, 0x00, 0xfd,
    0xfe, 0xfe, 0x02, 0xfd, 0xc9, 0xba, 0x05, 0xfd, 0x4d, 0x31, 0x05, 0xfd, 0x48, 0x2d, 0x08, 0xfd,
    0x3c, 0x1d, 0x00, 0xfd, 0x66, 0x39, 0x16, 0xfd, 0x5f, 0x34, 0x0c, 0xfd, 0x6e, 0x40, 0x01, 0xfd,
    0x72, 0x43, 0x02, 0xfd, 0x60, 0x35, 0x07, 0xfd, 0x5d, 0x31, 0x0e, 0xfd, 0x30, 0x14, 0x00, 0xfd,
    0x64, 0x3d, 0x00, 0xfd, 0xcc, 0xad, 0x1b, 0xfd, 0xc6, 0xbe, 0x59, 0xfd, 0xf3, 0xea, 0x2e, 0xfd,
    0xf3, 0xc6, 0x00, 0xfd, 0x2d, 0x18, 0x00, 0xfd, 0x19, 0x52, 0x61, 0xfd, 0x59, 0x54, 0x41, 0xfd,
    0xe5, 0xd1, 0x07, 0xfd, 0xfe, 0xf7, 0x00, 0xfd, 0xfa, 0xf1, 0x01, 0xfd, 0xfe, 0xf7, 0x00, 0xfd,
    0x7d, 0x59, 0x09, 0xfd, 0x1e, 0x55, 0x6e, 0xfd, 0x1d, 0x30, 0x31, 0xfd, 0x37, 0x26, 0x17, 0xff,
    0x42, 0x31, 0x15, 0xf5, 0x11, 0x08, 0x00, 0x1d, 0x00, 0x00, 0x00, 0x00, 0x00, 0x00, 0x00, 0x00,
    0x00, 0x00, 0x00, 0x00, 0x00, 0x00, 0x00, 0x00, 0x22, 0x1b, 0x14, 0x25, 0x47, 0x3b, 0x31, 0xfb,
    0x3e, 0x2a, 0x1f, 0xff, 0x1e, 0x48, 0x57, 0xfd, 0x15, 0x7e, 0xc0, 0xfd, 0x84, 0x5f, 0x19, 0xfd,
    0xf5, 0xe9, 0x00, 0xfd, 0xfb, 0xef, 0x00, 0xfc, 0xfe, 0xf6, 0x00, 0xfc, 0xdf, 0xc6, 0x00, 0xfd,
    0x52, 0x3e, 0x29, 0xfd, 0x06, 0x79, 0xc3, 0xfd, 0x10, 0x1c, 0x23, 0xfd, 0x29, 0x17, 0x03, 0xfd,
    0xe2, 0xcc, 0x00, 0xfd, 0xfe, 0xfe, 0x06, 0xfd, 0xa1, 0x91, 0x07, 0xfd, 0x4d, 0x2e, 0x04, 0xfd,
    0x47, 0x31, 0x0a, 0xfd, 0x2f, 0x20, 0x03, 0xfd, 0x1d, 0x0d, 0x01, 0xfd, 0x9c, 0x87, 0x0f, 0xfd,
    0xbc, 0x9e, 0x07, 0xfd, 0x23, 0x11, 0x01, 0xfd, 0x2d, 0x1b, 0x00, 0xfd, 0x63, 0x47, 0x00, 0xfd,
    0xce, 0xb0, 0x22, 0xfd, 0xd0, 0xc9, 0x72, 0xfd, 0xdf, 0xdc, 0x4e, 0xfd, 0xfe, 0xea, 0x04, 0xfd,
    0x8b, 0x61, 0x00, 0xfd, 0x02, 0x00, 0x01, 0xfd, 0x0b, 0x71, 0xa7, 0xfd, 0x49, 0x54, 0x5e, 0xfd,
    0xd3, 0xb7, 0x00, 0xfd, 0xfe, 0xf5, 0x00, 0xfd, 0xfb, 0xf0, 0x00, 0xfd, 0xf2, 0xe0, 0x00, 0xfd,
    0x70, 0x48, 0x0c, 0xfd, 0x0b, 0x73, 0xba, 0xfd, 0x0f, 0x36, 0x4b, 0xfd, 0x38, 0x23, 0x11, 0xff,
    0x41, 0x30, 0x15, 0xf5, 0x11, 0x08, 0x00, 0x1d, 0x00, 0x00, 0x00, 0x00, 0x00, 0x00, 0x00, 0x00,
    0x00, 0x00, 0x00, 0x00, 0x00, 0x00, 0x00, 0x00, 0x22, 0x14, 0x14, 0x25, 0x47, 0x3b, 0x30, 0xfb,
    0x3d, 0x33, 0x2c, 0xff, 0x26, 0x1b, 0x16, 0xfd, 0x2a, 0x13, 0x07, 0xfd, 0x6e, 0x3f, 0x1c, 0xfd,
    0x77, 0x4e, 0x0a, 0xfd, 0x77, 0x4e, 0x03, 0xfd, 0x7a, 0x52, 0x06, 0xfd, 0x73, 0x48, 0x0b, 0xfd,
    0x52, 0x2a, 0x0c, 0xfd, 0x10, 0x01, 0x00, 0xfd, 0x23, 0x18, 0x0e, 0xfd, 0x16, 0x0f, 0x10, 0xfd,
    0x52, 0x3e, 0x02, 0xfd, 0xfc, 0xea, 0x00, 0xfd, 0xfe, 0xfe, 0x09, 0xfd, 0xa9, 0x9e, 0x0b, 0xfd,
    0x5f, 0x41, 0x03, 0xfd, 0x53, 0x34, 0x01, 0xfd, 0x45, 0x28, 0x00, 0xfd, 0xc2, 0xb9, 0x24, 0xfd,
    0xe0, 0xd5, 0x12, 0xfd, 0x57, 0x38, 0x00, 0xfd, 0x90, 0x6b, 0x00, 0xfd, 0xc7, 0xab, 0x2f, 0xfd,
    0xcd, 0xc9, 0x79, 0xfd, 0xe1, 0xde, 0x55, 0xfd, 0xfe, 0xed, 0x08, 0xfd, 0xc0, 0x8f, 0x00, 0xfd,
    0x10, 0x07, 0x02, 0xfd, 0x15, 0x0e, 0x09, 0xfd, 0x14, 0x06, 0x00, 0xfd, 0x56, 0x2f, 0x14, 0xfd,
    0x73, 0x47, 0x11, 0xfd, 0x79, 0x51, 0x04, 0xfd, 0x78, 0x4f, 0x04, 0xfd, 0x73, 0x4a, 0x09, 0xfd,
    0x5e, 0x32, 0x10, 0xfd, 0x18, 0x05, 0x00, 0xfd, 0x1e, 0x13, 0x0d, 0xfd, 0x38, 0x2d, 0x20, 0xff,
    0x41, 0x30, 0x14, 0xf6, 0x11, 0x08, 0x00, 0x1d, 0x00, 0x00, 0x00, 0x00, 0x00, 0x00, 0x00, 0x00,
    0x00, 0x00, 0x00, 0x00, 0x00, 0x00, 0x00, 0x00, 0x21, 0x14, 0x14, 0x26, 0x44, 0x39, 0x2f, 0xfc,
    0x3c, 0x31, 0x2a, 0xff, 0x31, 0x27, 0x21, 0xfd, 0x27, 0x1f, 0x17, 0xfd, 0x24, 0x16, 0x0b, 0xfd,
    0x17, 0x08, 0x06, 0xfd, 0xa1, 0x84, 0x0d, 0xfd, 0x7d, 0x5d, 0x05, 0xfd, 0x18, 0x09, 0x06, 0xfd,
    0x1c, 0x11, 0x07, 0xfd, 0x21, 0x19, 0x10, 0xfd, 0x2b, 0x22, 0x19, 0xfd, 0x2b, 0x21, 0x17, 0xfd,
    0x10, 0x08, 0x0c, 0xfd, 0x63, 0x4c, 0x01, 0xfd, 0xf9, 0xe3, 0x00, 0xfd, 0xfe, 0xfe, 0x08, 0xfd,
    0xd9, 0xd4, 0x15, 0xfd, 0x9a, 0x89, 0x17, 0xfd, 0x76, 0x5b, 0x11, 0xfd, 0xb4, 0xa8, 0x23, 0xfd,
    0xc5, 0xb9, 0x18, 0xfd, 0x90, 0x72, 0x15, 0xfd, 0xbf, 0xaf, 0x35, 0xfd, 0xd5, 0xd1, 0x5d, 0xfd,
    0xf6, 0xea, 0x37, 0xfd, 0xfe, 0xe7, 0x02, 0xfd, 0xc3, 0x91, 0x00, 0xfd, 0x1a, 0x0c, 0x00, 0xfd,
    0x08, 0x04, 0x05, 0xfd, 0x22, 0x18, 0x0e, 0xfd, 0x23, 0x19, 0x10, 0xfd, 0x20, 0x14, 0x09, 0xfd,
    0x18, 0x09, 0x06, 0xfd, 0x64, 0x4d, 0x0b, 0xfd, 0xb3, 0x8e, 0x09, 0xfd, 0x1d, 0x0b, 0x04, 0xfd,
    0x1c, 0x10, 0x06, 0xfd, 0x1d, 0x15, 0x0d, 0xfd, 0x2b, 0x21, 0x1a, 0xfd, 0x39, 0x2d, 0x20, 0xff,
    0x40, 0x30, 0x14, 0xf6, 0x11, 0x08, 0x00, 0x1d, 0x00, 0x00, 0x00, 0x00, 0x00, 0x00, 0x00, 0x00,
    0x00, 0x00, 0x00, 0x00, 0x00, 0x00, 0x00, 0x00, 0x21, 0x1a, 0x14, 0x26, 0x45, 0x3a, 0x2f, 0xfc,
    0x3c, 0x32, 0x2a, 0xff, 0x31, 0x28, 0x21, 0xfd, 0x2f, 0x25, 0x1f, 0xfd, 0x26, 0x1f, 0x1c, 0xfd,
    0x12, 0x0c, 0x0f, 0xfd, 0xd1, 0xcf, 0x27, 0xfd, 0xa6, 0x9a, 0x06, 0xfc, 0x0e, 0x08, 0x0f, 0xfd,
    0x26, 0x1e, 0x18, 0xfd, 0x2c, 0x23, 0x1b, 0xfd, 0x2d, 0x23, 0x1b, 0xfd, 0x2d, 0x23, 0x1a, 0xfd,
    0x2a, 0x21, 0x17, 0xfd, 0x0e, 0x08, 0x0c, 0xfd, 0x44, 0x32, 0x02, 0xfd, 0xca, 0xad, 0x00, 0xfd,
    0xfe, 0xf6, 0x02, 0xfd, 0xfe, 0xfe, 0x11, 0xfd, 0xfc, 0xf2, 0x21, 0xfd, 0xe8, 0xdd, 0x28, 0xfd,
    0xe5, 0xda, 0x32, 0xfd, 0xf4, 0xe9, 0x37, 0xfd, 0xfe, 0xf2, 0x2b, 0xfd, 0xfe, 0xed, 0x0a, 0xfd,
    0xf3, 0xc1, 0x00, 0xfd, 0x88, 0x5e, 0x00, 0xfd, 0x5c, 0x46, 0x32, 0xfd, 0x67, 0x56, 0x4b, 0xfd,
    0x09, 0x00, 0x00, 0xfd, 0x11, 0x07, 0x07, 0xfd, 0x24, 0x1b, 0x12, 0xfd, 0x24, 0x1c, 0x15, 0xfd,
    0x0d, 0x07, 0x0d, 0xfd, 0x81, 0x7d, 0x20, 0xfd, 0xeb, 0xe0, 0x16, 0xfd, 0x1b, 0x10, 0x03, 0xfd,
    0x1f, 0x18, 0x15, 0xfd, 0x2a, 0x21, 0x19, 0xfd, 0x2c, 0x23, 0x1c, 0xfd, 0x3a, 0x2d, 0x20, 0xff,
    0x40, 0x30, 0x13, 0xf6, 0x11, 0x08, 0x00, 0x1d, 0x00, 0x00, 0x00, 0x00, 0x00, 0x00, 0x00, 0x00,
    0x00, 0x00, 0x00, 0x00, 0x00, 0x00, 0x00, 0x00, 0x22, 0x1b, 0x14, 0x25, 0x46, 0x39, 0x2e, 0xfb,
    0x3d, 0x32, 0x2a, 0xff, 0x2a, 0x20, 0x20, 0xfd, 0x20, 0x16, 0x1b, 0xfd, 0x1c, 0x15, 0x1d, 0xfd,
    0x0d, 0x0b, 0x1d, 0xfd, 0xd2, 0xc9, 0x2a, 0xfd, 0xa6, 0x96, 0x0b, 0xfd, 0x08, 0x05, 0x1c, 0xfd,
    0x1c, 0x13, 0x19, 0xfd, 0x1e, 0x14, 0x17, 0xfd, 0x1e, 0x14, 0x16, 0xfd, 0x1e, 0x14, 0x15, 0xfd,
    0x1e, 0x13, 0x14, 0xfd, 0x1c, 0x12, 0x11, 0xfd, 0x06, 0x00, 0x08, 0xfd, 0x0a, 0x00, 0x00, 0xfd,
    0x52, 0x3b, 0x00, 0xfd, 0x9f, 0x7d, 0x00, 0xfd, 0xd0, 0xab, 0x00, 0xfd, 0xf1, 0xc6, 0x00, 0xfd,
    0xf4, 0xc8, 0x00, 0xfd, 0xde, 0xb0, 0x00, 0xfd, 0xb5, 0x8a, 0x00, 0xfd, 0x75, 0x51, 0x00, 0xfd,
    0x21, 0x0d, 0x00, 0xfd, 0x12, 0x06, 0x0a, 0xfd, 0x4a, 0x35, 0x2d, 0xfd, 0x94, 0x80, 0x5d, 0xfd,
    0xb0, 0xaa, 0x46, 0xfd, 0x87, 0x7d, 0x15, 0xfd, 0x18, 0x0d, 0x04, 0xfd, 0x16, 0x0f, 0x13, 0xfd,
    0x03, 0x01, 0x18, 0xfd, 0x80, 0x79, 0x29, 0xfd, 0xeb, 0xd9, 0x16, 0xfd, 0x18, 0x10, 0x10, 0xfd,
    0x15, 0x0f, 0x19, 0xfd, 0x1b, 0x11, 0x17, 0xfd, 0x25, 0x1b, 0x1c, 0xfd, 0x3b, 0x2e, 0x21, 0xff,
    0x40, 0x30, 0x13, 0xf6, 0x11, 0x08, 0x00, 0x1d, 0x00, 0x00, 0x00, 0x00, 0x00, 0x00, 0x00, 0x00,
    0x00, 0x00, 0x00, 0x00, 0x00, 0x00, 0x00, 0x00, 0x21, 0x1a, 0x14, 0x26, 0x43, 0x38, 0x2d, 0xfc,
    0x35, 0x2a, 0x26, 0xff, 0x53, 0x4d, 0x20, 0xfd, 0x80, 0x7c, 0x2d, 0xfd, 0x7e, 0x7c, 0x27, 0xfd,
    0x68, 0x7d, 0x5a, 0xfd, 0x5d, 0xd2, 0xd2, 0xfd, 0x3a, 0xb6, 0xc3, 0xfd, 0x60, 0x73, 0x48, 0xfd,
    0x80, 0x7c, 0x24, 0xfd, 0x81, 0x7c, 0x25, 0xfd, 0x81, 0x7c, 0x24, 0xfd, 0x81, 0x7c, 0x23, 0xfd,
    0x81, 0x7c, 0x22, 0xfd, 0x81, 0x7c, 0x22, 0xfd, 0x82, 0x7d, 0x20, 0xfd, 0x7d, 0x79, 0x1b, 0xfd,
    0x6e, 0x6d, 0x19, 0xfd, 0x6e, 0x6c, 0x15, 0xfd, 0x6d, 0x74, 0x30, 0xfd, 0x33, 0x94, 0xb6, 0xfd,
    0x24, 0x92, 0xbf, 0xfd, 0x5e, 0x72, 0x3a, 0xfd, 0x74, 0x6f, 0x11, 0xfd, 0x68, 0x68, 0x15, 0xfd,
    0x6e, 0x6d, 0x0f, 0xfd, 0x52, 0x3e, 0x05, 0xfd, 0x5e, 0x50, 0x2a, 0xfd, 0xe7, 0xe5, 0x41, 0xfd,
    0xfe, 0xfe, 0x20, 0xfd, 0xfe, 0xfe, 0x35, 0xfd, 0x8e, 0x78, 0x11, 0xfd, 0x62, 0x53, 0x06, 0xfd,
    0x76, 0x7a, 0x32, 0xfd, 0x5a, 0xb3, 0xb9, 0xfd, 0x4f, 0xd3, 0xd2, 0xfd, 0x49, 0x77, 0x65, 0xfd,
    0x7c, 0x79, 0x22, 0xfd, 0x7d, 0x7a, 0x20, 0xfd, 0x4d, 0x44, 0x13, 0xfd, 0x32, 0x25, 0x1e, 0xff,
    0x3f, 0x2f, 0x13, 0xf6, 0x11, 0x08, 0x00, 0x1d, 0x00, 0x00, 0x00, 0x00, 0x00, 0x00, 0x00, 0x00,
    0x00, 0x00, 0x00, 0x00, 0x00, 0x00, 0x00, 0x00, 0x22, 0x1b, 0x14, 0x25, 0x43, 0x37, 0x2d, 0xfb,
    0x2a, 0x20, 0x21, 0xff, 0xca, 0xba, 0x10, 0xfd, 0xfe, 0xfe, 0x19, 0xfd, 0xfe, 0xfe, 0x11, 0xfd,
    0xa7, 0xee, 0x9a, 0xfd, 0x00, 0xdb, 0xfe, 0xfd, 0x00, 0xd2, 0xfe, 0xfd, 0xb2, 0xdf, 0x71, 0xfd,
    0xfe, 0xfe, 0x10, 0xfd, 0xfe, 0xfe, 0x13, 0xfd, 0xfe, 0xfe, 0x13, 0xfd, 0xfe, 0xfe, 0x13, 0xfd,
    0xfe, 0xfe, 0x13, 0xfd, 0xfe, 0xfc, 0x12, 0xfd, 0xfe, 0xfd, 0x12, 0xfd, 0xfe, 0xfc, 0x12, 0xfd,
    0xfe, 0xfc, 0x11, 0xfd, 0xfe, 0xfe, 0x0e, 0xfd, 0xb7, 0xe8, 0x77, 0xfd, 0x00, 0xd7, 0xfe, 0xfd,
    0x00, 0xd2, 0xfe, 0xfd, 0x86, 0xce, 0x93, 0xfd, 0xfe, 0xfb, 0x0b, 0xfd, 0xfe, 0xf9, 0x0e, 0xfd,
    0xfe, 0xf9, 0x0a, 0xfd, 0xc8, 0xa0, 0x03, 0xfd, 0xe0, 0xd9, 0x2c, 0xfd, 0xfe, 0xf1, 0x02, 0xfd,
    0xf3, 0xe4, 0x00, 0xfd, 0xfb, 0xf6, 0x0b, 0xfd, 0xfc, 0xf4, 0x40, 0xfd, 0xcc, 0xa7, 0x05, 0xfd,
    0xc7, 0xd8, 0x4b, 0xfd, 0x0f, 0xdd, 0xfe, 0xfd, 0x00, 0xd7, 0xfe, 0xfd, 0x6b, 0xcf, 0xb7, 0xfd,
    0xfe, 0xfe, 0x0e, 0xfd, 0xfe, 0xfe, 0x10, 0xfd, 0xb8, 0x9d, 0x03, 0xfd, 0x24, 0x19, 0x19, 0xff,
    0x40, 0x30, 0x14, 0xf6, 0x11, 0x08, 0x08, 0x1d, 0x00, 0x00, 0x00, 0x00, 0x00, 0x00, 0x00, 0x00,
    0x00, 0x00, 0x00, 0x00, 0x00, 0x00, 0x00, 0x00, 0x22, 0x1b, 0x14, 0x25, 0x44, 0x37, 0x2d, 0xfb,
    0x32, 0x29, 0x26, 0xff, 0x4e, 0x3b, 0x08, 0xfd, 0x7b, 0x5b, 0x00, 0xfd, 0x7d, 0x5a, 0x00, 0xfd,
    0x47, 0x60, 0x40, 0xfd, 0x0a, 0x95, 0xe4, 0xfd, 0x10, 0x88, 0xd6, 0xfd, 0x51, 0x55, 0x28, 0xfd,
    0x7c, 0x59, 0x00, 0xfd, 0x76, 0x56, 0x00, 0xfd, 0x75, 0x56, 0x00, 0xfd, 0x75, 0x56, 0x00, 0xfd,
    0x75, 0x56, 0x00, 0xfd, 0x75, 0x55, 0x00, 0xfd, 0x75, 0x56, 0x00, 0xfd, 0x75, 0x55, 0x00, 0xfd,
    0x75, 0x54, 0x00, 0xfd, 0x7b, 0x57, 0x00, 0xfd, 0x51, 0x5a, 0x2b, 0xfd, 0x08, 0x8c, 0xd9, 0xfd,
    0x0d, 0x91, 0xe3, 0xfd, 0x43, 0x56, 0x3f, 0xfd, 0x7a, 0x56, 0x00, 0xfd, 0x72, 0x52, 0x00, 0xfd,
    0x70, 0x4e, 0x00, 0xfd, 0x64, 0x45, 0x02, 0xfd, 0xe7, 0xcc, 0x00, 0xfd, 0xf6, 0xe2, 0x00, 0xfd,
    0xee, 0xd9, 0x01, 0xfd, 0xf2, 0xe2, 0x00, 0xfd, 0xfe, 0xfc, 0x19, 0xfd, 0xeb, 0xdc, 0x33, 0xfd,
    0x5d, 0x51, 0x0f, 0xfd, 0x05, 0x77, 0xc3, 0xfd, 0x0d, 0x9a, 0xe9, 0xfd, 0x37, 0x59, 0x57, 0xfd,
    0x79, 0x55, 0x00, 0xfd, 0x7a, 0x58, 0x00, 0xfd, 0x44, 0x30, 0x08, 0xfd, 0x2f, 0x25, 0x1d, 0xff,
    0x42, 0x31, 0x14, 0xf6, 0x11, 0x08, 0x08, 0x1d, 0x00, 0x00, 0x00, 0x00, 0x00, 0x00, 0x00, 0x00,
    0x00, 0x00, 0x00, 0x00, 0x00, 0x00, 0x00, 0x00, 0x21, 0x1a, 0x14, 0x26, 0x43, 0x37, 0x2b, 0xfc,
    0x3d, 0x32, 0x29, 0xff, 0x24, 0x1c, 0x1e, 0xfd, 0x15, 0x0f, 0x18, 0xfd, 0x13, 0x10, 0x19, 0xfd,
    0x17, 0x16, 0x20, 0xfd, 0x15, 0x25, 0x42, 0xfd, 0x16, 0x23, 0x3b, 0xfd, 0x16, 0x15, 0x1e, 0xfd,
    0x13, 0x0f, 0x18, 0xfd, 0x14, 0x0e, 0x15, 0xfd, 0x13, 0x0e, 0x15, 0xfd, 0x13, 0x0e, 0x14, 0xfd,
    0x13, 0x0d, 0x14, 0xfd, 0x13, 0x0e, 0x14, 0xfd, 0x13, 0x0e, 0x14, 0xfd, 0x14, 0x0e, 0x14, 0xfd,
    0x14, 0x0e, 0x15, 0xfd, 0x13, 0x10, 0x17, 0xfd, 0x16, 0x14, 0x1d, 0xfd, 0x16, 0x23, 0x3b, 0xfd,
    0x12, 0x25, 0x42, 0xfd, 0x15, 0x15, 0x1f, 0xfd, 0x12, 0x0f, 0x17, 0xfd, 0x12, 0x0d, 0x12, 0xfd,
    0x0f, 0x0a, 0x0f, 0xfd, 0x03, 0x00, 0x08, 0xfc, 0x8b, 0x64, 0x01, 0xfd, 0xfd, 0xde, 0x01, 0xfd,
    0xec, 0xd4, 0x01, 0xfd, 0xed, 0xd7, 0x01, 0xfd, 0xf3, 0xe2, 0x00, 0xfd, 0xfe, 0xfe, 0x2b, 0xfd,
    0xc5, 0xb0, 0x24, 0xfd, 0x12, 0x0c, 0x14, 0xfd, 0x0e, 0x1e, 0x3e, 0xfd, 0x16, 0x15, 0x1c, 0xfd,
    0x11, 0x0e, 0x16, 0xfd, 0x12, 0x0d, 0x14, 0xfd, 0x21, 0x19, 0x1a, 0xfd, 0x3c, 0x2f, 0x20, 0xff,
    0x42, 0x31, 0x12, 0xf6, 0x11, 0x08, 0x08, 0x1d, 0x00, 0x00, 0x00, 0x00, 0x00, 0x00, 0x00, 0x00,
    0x00, 0x00, 0x00, 0x00, 0x00, 0x00, 0x00, 0x00, 0x21, 0x14, 0x0d, 0x26, 0x44, 0x38, 0x2a, 0xfc,
    0x3d, 0x32, 0x29, 0xff, 0x32, 0x28, 0x22, 0xfd, 0x30, 0x26, 0x20, 0xfd, 0x2e, 0x26, 0x21, 0xfd,
    0x2d, 0x26, 0x23, 0xfd, 0x2b, 0x26, 0x22, 0xfd, 0x2c, 0x27, 0x23, 0xfd, 0x2d, 0x26, 0x22, 0xfd,
    0x2e, 0x25, 0x20, 0xfd, 0x2e, 0x24, 0x1e, 0xfd, 0x2e, 0x23, 0x1d, 0xfd, 0x2e, 0x23, 0x1d, 0xfd,
    0x2e, 0x24, 0x1d, 0xfd, 0x2e, 0x23, 0x1d, 0xfd, 0x2e, 0x24, 0x1d, 0xfd, 0x2e, 0x24, 0x1d, 0xfd,
    0x2f, 0x24, 0x1e, 0xfd, 0x2d, 0x24, 0x1e, 0xfd, 0x2c, 0x25, 0x21, 0xfd, 0x2b, 0x26, 0x22, 0xfd,
    0x2a, 0x25, 0x22, 0xfd, 0x2b, 0x25, 0x21, 0xfd, 0x2c, 0x24, 0x1e, 0xfd, 0x2d, 0x22, 0x1b, 0xfd,
    0x2b, 0x21, 0x19, 0xfd, 0x1d, 0x15, 0x11, 0xfd, 0x21, 0x12, 0x04, 0xfd, 0xcd, 0x9f, 0x01, 0xfd,
    0xf6, 0xda, 0x01, 0xfd, 0xea, 0xcf, 0x01, 0xfd, 0xed, 0xd5, 0x01, 0xfd, 0xf5, 0xe5, 0x00, 0xfd,
    0xfe, 0xfe, 0x35, 0xfd, 0x9c, 0x81, 0x11, 0xfd, 0x0f, 0x06, 0x09, 0xfd, 0x26, 0x20, 0x1c, 0xfd,
    0x2a, 0x22, 0x1c, 0xfd, 0x2c, 0x23, 0x1c, 0xfd, 0x2f, 0x25, 0x1f, 0xfd, 0x3b, 0x2e, 0x20, 0xff,
    0x41, 0x30, 0x11, 0xf6, 0x08, 0x08, 0x08, 0x1d, 0x00, 0x00, 0x00, 0x00, 0x00, 0x00, 0x00, 0x00,
    0x00, 0x00, 0x00, 0x00, 0x00, 0x00, 0x00, 0x00, 0x22, 0x14, 0x0d, 0x25, 0x46, 0x38, 0x28, 0xfb,
    0x3d, 0x32, 0x28, 0xff, 0x32, 0x28, 0x21, 0xfd, 0x30, 0x26, 0x1f, 0xfd, 0x2f, 0x25, 0x1f, 0xfd,
    0x2e, 0x24, 0x1f, 0xfd, 0x2d, 0x24, 0x1f, 0xfd, 0x2e, 0x25, 0x1f, 0xfd, 0x2e, 0x24, 0x1f, 0xfd,
    0x2e, 0x24, 0x1e, 0xfd, 0x2e, 0x23, 0x1d, 0xfd, 0x2d, 0x22, 0x1c, 0xfd, 0x2d, 0x23, 0x1d, 0xfd,
    0x2e, 0x23, 0x1d, 0xfd, 0x2e, 0x23, 0x1d, 0xfd, 0x2d, 0x23, 0x1d, 0xfd, 0x2d, 0x23, 0x1d, 0xfd,
    0x2e, 0x23, 0x1d, 0xfd, 0x2d, 0x23, 0x1d, 0xfd, 0x2d, 0x23, 0x1e, 0xfd, 0x2e, 0x24, 0x1f, 0xfd,
    0x2d, 0x24, 0x1f, 0xfd, 0x2d, 0x24, 0x1e, 0xfd, 0x2d, 0x23, 0x1d, 0xfd, 0x2e, 0x23, 0x1c, 0xfd,
    0x2c, 0x22, 0x1b, 0xfd, 0x2a, 0x1f, 0x16, 0xfd, 0x0e, 0x09, 0x0b, 0xfd, 0x5a, 0x3a, 0x01, 0xfd,
    0xf0, 0xc2, 0x01, 0xfd, 0xed, 0xd1, 0x01, 0xfd, 0xe9, 0xcc, 0x01, 0xfd, 0xed, 0xd2, 0x00, 0xfd,
    0xf9, 0xeb, 0x08, 0xfd, 0xfe, 0xf9, 0x36, 0xfd, 0x64, 0x4c, 0x07, 0xfd, 0x14, 0x0d, 0x0e, 0xfd,
    0x29, 0x1f, 0x18, 0xfd, 0x2b, 0x22, 0x1a, 0xfd, 0x2e, 0x24, 0x1d, 0xfd, 0x3b, 0x2e, 0x1f, 0xff,
    0x41, 0x30, 0x0f, 0xf6, 0x08, 0x08, 0x08, 0x1d, 0x00, 0x00, 0x00, 0x00, 0x00, 0x00, 0x00, 0x00,
    0x00, 0x00, 0x00, 0x00, 0x00, 0x00, 0x00, 0x00, 0x1a, 0x14, 0x0d, 0x26, 0x47, 0x39, 0x24, 0xfc,
    0x3e, 0x31, 0x26, 0xff, 0x31, 0x27, 0x21, 0xfd, 0x30, 0x26, 0x1f, 0xfd, 0x2f, 0x25, 0x1f, 0xfd,
    0x2e, 0x24, 0x1e, 0xfd, 0x2d, 0x23, 0x1e, 0xfd, 0x2e, 0x24, 0x1e, 0xfd, 0x2d, 0x23, 0x1d, 0xfd,
    0x2d, 0x23, 0x1d, 0xfd, 0x2e, 0x23, 0x1d, 0xfd, 0x2c, 0x22, 0x1c, 0xfd, 0x2c, 0x22, 0x1d, 0xfd,
    0x2d, 0x23, 0x1c, 0xfd, 0x2d, 0x23, 0x1c, 0xfd, 0x2d, 0x22, 0x1c, 0xfd, 0x2c, 0x22, 0x1c, 0xfd,
    0x2c, 0x22, 0x1c, 0xfd, 0x2d, 0x23, 0x1d, 0xfd, 0x2d, 0x23, 0x1d, 0xfd, 0x2d, 0x23, 0x1d, 0xfd,
    0x2d, 0x23, 0x1d, 0xfd, 0x2d, 0x23, 0x1d, 0xfd, 0x2d, 0x23, 0x1d, 0xfd, 0x2e, 0x23, 0x1c, 0xfd,
    0x2d, 0x22, 0x1b, 0xfd, 0x2c, 0x21, 0x1a, 0xfd, 0x25, 0x1b, 0x14, 0xfd, 0x0f, 0x08, 0x06, 0xfd,
    0x9f, 0x6e, 0x01, 0xfd, 0xf7, 0xce, 0x01, 0xfd, 0xeb, 0xca, 0x01, 0xfd, 0xeb, 0xcb, 0x02, 0xfd,
    0xef, 0xd4, 0x00, 0xfd, 0xfe, 0xfa, 0x14, 0xfd, 0xd6, 0xba, 0x16, 0xfd, 0x1c, 0x0d, 0x03, 0xfd,
    0x22, 0x19, 0x13, 0xfd, 0x2a, 0x21, 0x19, 0xfd, 0x2e, 0x24, 0x1d, 0xfd, 0x3c, 0x2f, 0x1e, 0xff,
    0x45, 0x32, 0x0c, 0xf5, 0x08, 0x08, 0x08, 0x1d, 0x00, 0x00, 0x00, 0x00, 0x00, 0x00, 0x00, 0x00,
    0x00, 0x00, 0x00, 0x00, 0x00, 0x00, 0x00, 0x00, 0x14, 0x0d, 0x0d, 0x25, 0x4c, 0x3b, 0x20, 0xfb,
    0x40, 0x34, 0x25, 0xff, 0x31, 0x27, 0x21, 0xfd, 0x2f, 0x25, 0x1f, 0xfd, 0x2f, 0x25, 0x1e, 0xfd,
    0x2e, 0x24, 0x1e, 0xfd, 0x2d, 0x24, 0x1e, 0xfd, 0x2d, 0x24, 0x1e, 0xfd, 0x2d, 0x23, 0x1e, 0xfd,
    0x2e, 0x24, 0x1e, 0xfd, 0x2e, 0x23, 0x1d, 0xfd, 0x2c, 0x22, 0x1c, 0xfd, 0x2c, 0x22, 0x1c, 0xfd,
    0x2c, 0x22, 0x1c, 0xfd, 0x2c, 0x22, 0x1c, 0xfd, 0x2c, 0x22, 0x1c, 0xfd, 0x2b, 0x22, 0x1c, 0xfd,
    0x2b, 0x22, 0x1c, 0xfd, 0x2c, 0x22, 0x1c, 0xfd, 0x2c, 0x22, 0x1c, 0xfd, 0x2c, 0x22, 0x1c, 0xfd,
    0x2c, 0x23, 0x1d, 0xfd, 0x2c, 0x22, 0x1d, 0xfd, 0x2c, 0x22, 0x1c, 0xfd, 0x2d, 0x22, 0x1c, 0xfd,
    0x2c, 0x22, 0x1b, 0xfd, 0x2c, 0x22, 0x1a, 0xfd, 0x2a, 0x20, 0x18, 0xfd, 0x18, 0x11, 0x0f, 0xfd,
    0x2e, 0x1b, 0x04, 0xfd, 0xd4, 0x9b, 0x00, 0xfd, 0xf4, 0xcd, 0x01, 0xfd, 0xeb, 0xc6, 0x01, 0xfd,
    0xec, 0xcb, 0x01, 0xfd, 0xfe, 0xe4, 0x00, 0xfd, 0xd7, 0xab, 0x00, 0xfd, 0x22, 0x12, 0x04, 0xfd,
    0x1e, 0x16, 0x11, 0xfd, 0x2b, 0x21, 0x19, 0xfd, 0x2e, 0x24, 0x1e, 0xfd, 0x42, 0x33, 0x1d, 0xff,
    0x4a, 0x36, 0x0a, 0xf4, 0x00, 0x00, 0x09, 0x1b, 0x00, 0x00, 0x00, 0x00, 0x00, 0x00, 0x00, 0x00,
    0x00, 0x00, 0x00, 0x00, 0x00, 0x00, 0x00, 0x00, 0x00, 0x00, 0x14, 0x19, 0x52, 0x40, 0x19, 0xf4,
    0x4a, 0x3b, 0x21, 0xff, 0x30, 0x26, 0x21, 0xfd, 0x30, 0x26, 0x1f, 0xfd, 0x2f, 0x25, 0x1e, 0xfd,
    0x2f, 0x25, 0x1e, 0xfd, 0x2e, 0x24, 0x1d, 0xfd, 0x2e, 0x24, 0x1e, 0xfd, 0x2e, 0x24, 0x1e, 0xfd,
    0x2e, 0x23, 0x1d, 0xfd, 0x2e, 0x23, 0x1d, 0xfd, 0x2c, 0x22, 0x1c, 0xfd, 0x2c, 0x22, 0x1c, 0xfd,
    0x2b, 0x21, 0x1c, 0xfd, 0x2b, 0x21, 0x1b, 0xfd, 0x2b, 0x21, 0x1b, 0xfd, 0x2b, 0x22, 0x1c, 0xfd,
    0x2b, 0x22, 0x1c, 0xfd, 0x2c, 0x22, 0x1c, 0xfd, 0x2c, 0x22, 0x1c, 0xfd, 0x2c, 0x22, 0x1c, 0xfd,
    0x2c, 0x22, 0x1c, 0xfd, 0x2c, 0x22, 0x1c, 0xfd, 0x2b, 0x22, 0x1b, 0xfd, 0x2c, 0x22, 0x1b, 0xfd,
    0x2c, 0x22, 0x1c, 0xfd, 0x2b, 0x21, 0x1b, 0xfd, 0x2a, 0x20, 0x19, 0xfd, 0x29, 0x1e, 0x16, 0xfd,
    0x0e, 0x09, 0x0b, 0xfd, 0x64, 0x3f, 0x01, 0xfd, 0xef, 0xb2, 0x01, 0xfd, 0xf5, 0xcb, 0x02, 0xfd,
    0xf4, 0xcb, 0x02, 0xfd, 0xf2, 0xba, 0x01, 0xfd, 0x87, 0x56, 0x00, 0xfd, 0x0d, 0x08, 0x07, 0xfd,
    0x24, 0x1b, 0x13, 0xfd, 0x2c, 0x22, 0x1a, 0xfd, 0x2e, 0x25, 0x1f, 0xfd, 0x4c, 0x39, 0x18, 0xff,
    0x4b, 0x38, 0x05, 0xec, 0x00, 0x00, 0x11, 0x0f, 0x00, 0x00, 0x00, 0x00, 0x00, 0x00, 0x00, 0x00,
    0x00, 0x00, 0x00, 0x00, 0x00, 0x00, 0x00, 0x00, 0x00, 0x00, 0x3f, 0x04, 0x51, 0x3f, 0x11, 0xdc,
    0x61, 0x4c, 0x16, 0xff, 0x2d, 0x23, 0x22, 0xfd, 0x30, 0x26, 0x1f, 0xfd, 0x2f, 0x25, 0x1e, 0xfd,
    0x2f, 0x25, 0x1e, 0xfd, 0x2e, 0x24, 0x1d, 0xfd, 0x2d, 0x23, 0x1d, 0xfd, 0x2d, 0x23, 0x1d, 0xfd,
    0x2c, 0x23, 0x1d, 0xfd, 0x2c, 0x22, 0x1c, 0xfd, 0x2c, 0x22, 0x1c, 0xfd, 0x2b, 0x22, 0x1c, 0xfd,
    0x2b, 0x21, 0x1b, 0xfd, 0x2b, 0x21, 0x1b, 0xfd, 0x2b, 0x21, 0x1c, 0xfd, 0x2b, 0x21, 0x1b, 0xfd,
    0x2b, 0x22, 0x1b, 0xfd, 0x2c, 0x21, 0x1b, 0xfd, 0x2c, 0x22, 0x1b, 0xfd, 0x2c, 0x22, 0x1c, 0xfd,
    0x2c, 0x22, 0x1c, 0xfd, 0x2c, 0x22, 0x1c, 0xfd, 0x2c, 0x22, 0x1b, 0xfd, 0x2b, 0x21, 0x1b, 0xfd,
    0x2b, 0x21, 0x1b, 0xfd, 0x2c, 0x21, 0x1b, 0xfd, 0x2b, 0x20, 0x19, 0xfd, 0x2b, 0x20, 0x19, 0xfd,
    0x24, 0x1a, 0x14, 0xfd, 0x12, 0x0c, 0x08, 0xfd, 0x80, 0x51, 0x00, 0xfd, 0xd3, 0x92, 0x00, 0xfd,
    0xd2, 0x92, 0x01, 0xfd, 0x8c, 0x59, 0x00, 0xfd, 0x17, 0x0d, 0x03, 0xfd, 0x18, 0x11, 0x0d, 0xfd,
    0x29, 0x1f, 0x16, 0xfd, 0x2e, 0x24, 0x1c, 0xfd, 0x2f, 0x25, 0x20, 0xfd, 0x5d, 0x46, 0x10, 0xff,
    0x44, 0x32, 0x04, 0xd1, 0x00, 0x00, 0x00, 0x01, 0x00, 0x00, 0x00, 0x00, 0x00, 0x00, 0x00, 0x00,
    0x00, 0x00, 0x00, 0x00, 0x00, 0x00, 0x00, 0x00, 0x00, 0x00, 0x00, 0x00, 0x36, 0x29, 0x10, 0x9f,
    0x7d, 0x63, 0x0b, 0xff, 0x39, 0x2c, 0x1e, 0xfd, 0x2f, 0x25, 0x20, 0xfd, 0x30, 0x26, 0x1f, 0xfd,
    0x2f, 0x25, 0x1e, 0xfd, 0x2e, 0x23, 0x1d, 0xfd, 0x2d, 0x23, 0x1d, 0xfd, 0x2c, 0x22, 0x1c, 0xfd,
    0x2c, 0x22, 0x1c, 0xfd, 0x2c, 0x22, 0x1c, 0xfd, 0x2c, 0x22, 0x1c, 0xfd, 0x2b, 0x22, 0x1c, 0xfd,
    0x2c, 0x22, 0x1c, 0xfd, 0x2c, 0x22, 0x1b, 0xfd, 0x2c, 0x21, 0x1b, 0xfd, 0x2b, 0x21, 0x1b, 0xfd,
    0x2c, 0x21, 0x1b, 0xfd, 0x2c, 0x21, 0x1b, 0xfd, 0x2c, 0x22, 0x1b, 0xfd, 0x2c, 0x22, 0x1b, 0xfd,
    0x2c, 0x21, 0x1b, 0xfd, 0x2b, 0x21, 0x1b, 0xfd, 0x2c, 0x22, 0x1c, 0xfd, 0x2b, 0x21, 0x1b, 0xfd,
    0x2b, 0x21, 0x1b, 0xfd, 0x2c, 0x22, 0x1b, 0xfd, 0x2c, 0x21, 0x1a, 0xfd, 0x2c, 0x21, 0x1a, 0xfd,
    0x2c, 0x21, 0x19, 0xfd, 0x21, 0x18, 0x13, 0xfd, 0x12, 0x0c, 0x09, 0xfd, 0x33, 0x1f, 0x03, 0xfd,
    0x32, 0x1f, 0x02, 0xfd, 0x0c, 0x08, 0x06, 0xfd, 0x16, 0x10, 0x0d, 0xfd, 0x28, 0x1e, 0x15, 0xfd,
    0x2c, 0x22, 0x1b, 0xfd, 0x2f, 0x25, 0x1e, 0xfd, 0x3d, 0x30, 0x1d, 0xfd, 0x6d, 0x52, 0x07, 0xff,
    0x28, 0x1d, 0x06, 0x92, 0x00, 0x00, 0x00, 0x00, 0x00, 0x00, 0x00, 0x00, 0x00, 0x00, 0x00, 0x00,
    0x00, 0x00, 0x00, 0x00, 0x00, 0x00, 0x00, 0x00, 0x00, 0x00, 0x00, 0x00, 0x04, 0x04, 0x15, 0x3b,
    0x64, 0x4f, 0x09, 0xff, 0x6e, 0x56, 0x0e, 0xfe, 0x2a, 0x20, 0x20, 0xfd, 0x30, 0x26, 0x1f, 0xfd,
    0x2f, 0x25, 0x1e, 0xfd, 0x2f, 0x24, 0x1d, 0xfd, 0x2e, 0x23, 0x1d, 0xfd, 0x2d, 0x23, 0x1d, 0xfd,
    0x2d, 0x23, 0x1c, 0xfd, 0x2c, 0x22, 0x1c, 0xfd, 0x2c, 0x22, 0x1b, 0xfd, 0x2d, 0x22, 0x1c, 0xfd,
    0x2c, 0x22, 0x1c, 0xfd, 0x2b, 0x22, 0x1c, 0xfd, 0x2c, 0x22, 0x1b, 0xfd, 0x2c, 0x22, 0x1b, 0xfd,
    0x2c, 0x21, 0x1b, 0xfd, 0x2b, 0x21, 0x1b, 0xfd, 0x2c, 0x22, 0x1b, 0xfd, 0x2c, 0x21, 0x1b, 0xfd,
    0x2c, 0x22, 0x1b, 0xfd, 0x2b, 0x21, 0x1b, 0xfd, 0x2c, 0x22, 0x1b, 0xfd, 0x2c, 0x22, 0x1b, 0xfd,
    0x2c, 0x22, 0x1b, 0xfd, 0x2d, 0x22, 0x1b, 0xfd, 0x2c, 0x22, 0x1b, 0xfd, 0x2d, 0x22, 0x1b, 0xfd,
    0x2c, 0x22, 0x1a, 0xfd, 0x2c, 0x21, 0x19, 0xfd, 0x27, 0x1e, 0x17, 0xfd, 0x18, 0x12, 0x12, 0xfd,
    0x17, 0x10, 0x10, 0xfd, 0x23, 0x1a, 0x13, 0xfd, 0x2a, 0x1f, 0x17, 0xfd, 0x2d, 0x22, 0x1a, 0xfd,
    0x2f, 0x25, 0x1d, 0xfd, 0x31, 0x26, 0x21, 0xfd, 0x69, 0x50, 0x10, 0xfe, 0x4e, 0x3a, 0x03, 0xff,
    0x00, 0x00, 0x0f, 0x30, 0x00, 0x00, 0x00, 0x00, 0x00, 0x00, 0x00, 0x00, 0x00, 0x00, 0x00, 0x00,
    0x00, 0x00, 0x00, 0x00, 0x00, 0x00, 0x00, 0x00, 0x00, 0x00, 0x00, 0x00, 0x00, 0x00, 0x00, 0x00,
    0x24, 0x1b, 0x11, 0xae, 0x7b, 0x61, 0x06, 0xff, 0x59, 0x45, 0x10, 0xfd, 0x2a, 0x1f, 0x1f, 0xfd,
    0x2d, 0x23, 0x1e, 0xfd, 0x2e, 0x23, 0x1d, 0xfd, 0x2e, 0x23, 0x1d, 0xfd, 0x2e, 0x23, 0x1d, 0xfd,
    0x2e, 0x23, 0x1c, 0xfd, 0x2d, 0x22, 0x1b, 0xfd, 0x2c, 0x22, 0x1b, 0xfd, 0x2d, 0x23, 0x1c, 0xfd,
    0x2d, 0x22, 0x1b, 0xfd, 0x2c, 0x22, 0x1b, 0xfd, 0x2d, 0x23, 0x1c, 0xfd, 0x2c, 0x22, 0x1b, 0xfd,
    0x2c, 0x22, 0x1b, 0xfd, 0x2c, 0x22, 0x1b, 0xfd, 0x2c, 0x22, 0x1b, 0xfd, 0x2c, 0x22, 0x1a, 0xfd,
    0x2c, 0x22, 0x1a, 0xfd, 0x2b, 0x22, 0x1a, 0xfd, 0x2d, 0x22, 0x1b, 0xfd, 0x2d, 0x22, 0x1b, 0xfd,
    0x2d, 0x22, 0x1b, 0xfd, 0x2d, 0x22, 0x1b, 0xfd, 0x2d, 0x23, 0x1b, 0xfd, 0x2d, 0x23, 0x1b, 0xfd,
    0x2e, 0x23, 0x1b, 0xfd, 0x2e, 0x23, 0x1b, 0xfd, 0x2f, 0x24, 0x1c, 0xfd, 0x2e, 0x23, 0x1b, 0xfd,
    0x2d, 0x22, 0x1a, 0xfd, 0x2e, 0x23, 0x1a, 0xfd, 0x2e, 0x23, 0x1b, 0xfd, 0x2e, 0x23, 0x1d, 0xfd,
    0x31, 0x25, 0x20, 0xfd, 0x60, 0x49, 0x14, 0xfd, 0x67, 0x4e, 0x02, 0xff, 0x1b, 0x13, 0x09, 0x9e,
    0x00, 0x00, 0x00, 0x00, 0x00, 0x00, 0x00, 0x00, 0x00, 0x00, 0x00, 0x00, 0x00, 0x00, 0x00, 0x00,
    0x00, 0x00, 0x00, 0x00, 0x00, 0x00, 0x00, 0x00, 0x00, 0x00, 0x00, 0x00, 0x00, 0x00, 0x00, 0x00,
    0x00, 0x00, 0x16, 0x17, 0x2b, 0x20, 0x0e, 0xe1, 0x71, 0x58, 0x04, 0xff, 0x5d, 0x48, 0x0e, 0xfd,
    0x34, 0x27, 0x1b, 0xfd, 0x2d, 0x22, 0x1f, 0xfd, 0x2f, 0x23, 0x1e, 0xfd, 0x2f, 0x24, 0x1d, 0xfd,
    0x2f, 0x24, 0x1d, 0xfd, 0x2f, 0x24, 0x1d, 0xfd, 0x2e, 0x24, 0x1c, 0xfd, 0x2f, 0x25, 0x1d, 0xfd,
    0x2f, 0x25, 0x1d, 0xfd, 0x2f, 0x25, 0x1c, 0xfd, 0x30, 0x25, 0x1d, 0xfd, 0x30, 0x25, 0x1d, 0xfd,
    0x2f, 0x25, 0x1d, 0xfd, 0x30, 0x25, 0x1d, 0xfd, 0x2f, 0x25, 0x1c, 0xfd, 0x2f, 0x25, 0x1d, 0xfd,
    0x2f, 0x25, 0x1d, 0xfd, 0x2f, 0x24, 0x1c, 0xfd, 0x2f, 0x24, 0x1c, 0xfd, 0x2f, 0x24, 0x1c, 0xfd,
    0x2f, 0x24, 0x1c, 0xfd, 0x30, 0x25, 0x1c, 0xfd, 0x30, 0x25, 0x1d, 0xfd, 0x31, 0x26, 0x1d, 0xfd,
    0x31, 0x26, 0x1d, 0xfd, 0x31, 0x26, 0x1d, 0xfd, 0x31, 0x26, 0x1d, 0xfd, 0x31, 0x25, 0x1d, 0xfd,
    0x30, 0x25, 0x1d, 0xfd, 0x30, 0x24, 0x1e, 0xfd, 0x2f, 0x23, 0x1f, 0xfd, 0x3b, 0x2d, 0x1e, 0xfd,
    0x62, 0x4a, 0x11, 0xfd, 0x63, 0x4a, 0x02, 0xff, 0x22, 0x18, 0x08, 0xd7, 0x00, 0x00, 0x11, 0x0f,
    0x00, 0x00, 0x00, 0x00, 0x00, 0x00, 0x00, 0x00, 0x00, 0x00, 0x00, 0x00, 0x00, 0x00, 0x00, 0x00,
    0x00, 0x00, 0x00, 0x00, 0x00, 0x00, 0x00, 0x00, 0x00, 0x00, 0x00, 0x00, 0x00, 0x00, 0x00, 0x00,
    0x00, 0x00, 0x00, 0x00, 0x06, 0x00, 0x12, 0x29, 0x22, 0x1a, 0x0d, 0xdf, 0x52, 0x3f, 0x06, 0xff,
    0x5c, 0x46, 0x07, 0xff, 0x4b, 0x39, 0x12, 0xfd, 0x40, 0x31, 0x1b, 0xfd, 0x3c, 0x2f, 0x1e, 0xfd,
    0x3c, 0x2f, 0x1f, 0xfd, 0x3b, 0x2e, 0x1e, 0xfd, 0x3c, 0x2f, 0x1f, 0xfd, 0x3e, 0x31, 0x20, 0xfd,
    0x3f, 0x31, 0x20, 0xfd, 0x3f, 0x31, 0x1f, 0xfd, 0x40, 0x32, 0x1f, 0xfd, 0x3f, 0x32, 0x1f, 0xfd,
    0x40, 0x32, 0x20, 0xfd, 0x40, 0x32, 0x20, 0xfd, 0x40, 0x32, 0x20, 0xfd, 0x40, 0x32, 0x20, 0xfd,
    0x3f, 0x31, 0x20, 0xfd, 0x3e, 0x30, 0x1f, 0xfd, 0x3f, 0x31, 0x1f, 0xfd, 0x3f, 0x31, 0x20, 0xfd,
    0x40, 0x31, 0x20, 0xfd, 0x3f, 0x31, 0x20, 0xfd, 0x3f, 0x31, 0x1f, 0xfd, 0x40, 0x31, 0x20, 0xfd,
    0x40, 0x32, 0x21, 0xfd, 0x40, 0x32, 0x20, 0xfd, 0x40, 0x31, 0x20, 0xfd, 0x3f, 0x31, 0x20, 0xfd,
    0x40, 0x31, 0x1e, 0xfd, 0x45, 0x34, 0x1b, 0xfd, 0x4f, 0x3c, 0x13, 0xfd, 0x5b, 0x45, 0x07, 0xff,
    0x48, 0x36, 0x04, 0xff, 0x1d, 0x15, 0x09, 0xd5, 0x00, 0x00, 0x10, 0x1f, 0x00, 0x00, 0x00, 0x00,
    0x00, 0x00, 0x00, 0x00, 0x00, 0x00, 0x00, 0x00, 0x00, 0x00, 0x00, 0x00, 0x00, 0x00, 0x00, 0x00,
    0x00, 0x00, 0x00, 0x00, 0x00, 0x00, 0x00, 0x00, 0x00, 0x00, 0x00, 0x00, 0x00, 0x00, 0x00, 0x00,
    0x00, 0x00, 0x00, 0x00, 0x00, 0x00, 0x00, 0x00, 0x0a, 0x00, 0x0a, 0x18, 0x16, 0x10, 0x0f, 0xa8,
    0x27, 0x1d, 0x0a, 0xff, 0x39, 0x2b, 0x06, 0xff, 0x3c, 0x2d, 0x07, 0xff, 0x3b, 0x2d, 0x0a, 0xff,
    0x39, 0x2c, 0x0b, 0xff, 0x39, 0x2c, 0x0b, 0xff, 0x3a, 0x2c, 0x0b, 0xff, 0x3b, 0x2d, 0x0b, 0xff,
    0x3b, 0x2d, 0x0b, 0xff, 0x3c, 0x2d, 0x0b, 0xff, 0x3b, 0x2d, 0x0b, 0xff, 0x3c, 0x2d, 0x0b, 0xff,
    0x3c, 0x2e, 0x0b, 0xff, 0x3d, 0x2e, 0x0b, 0xff, 0x3d, 0x2e, 0x0b, 0xff, 0x3d, 0x2e, 0x0b, 0xff,
    0x3d, 0x2e, 0x0b, 0xff, 0x3c, 0x2e, 0x0b, 0xff, 0x3c, 0x2e, 0x0b, 0xff, 0x3d, 0x2e, 0x0b, 0xff,
    0x3d, 0x2e, 0x0b, 0xff, 0x3c, 0x2d, 0x0b, 0xff, 0x3b, 0x2d, 0x0a, 0xff, 0x3c, 0x2d, 0x0b, 0xff,
    0x3d, 0x2e, 0x0b, 0xff, 0x3d, 0x2e, 0x0b, 0xff, 0x3e, 0x2e, 0x0a, 0xff, 0x3e, 0x2e, 0x0a, 0xff,
    0x3e, 0x2f, 0x09, 0xff, 0x3e, 0x2e, 0x06, 0xff, 0x38, 0x29, 0x04, 0xff, 0x25, 0x1b, 0x08, 0xff,
    0x16, 0x10, 0x0c, 0x9f, 0x00, 0x00, 0x0f, 0x11, 0x00, 0x00, 0x00, 0x00, 0x00, 0x00, 0x00, 0x00,
    0x00, 0x00, 0x00, 0x00, 0x00, 0x00, 0x00, 0x00, 0x00, 0x00, 0x00, 0x00, 0x00, 0x00, 0x00, 0x00,
    0x00, 0x00, 0x00, 0x00, 0x00, 0x00, 0x00, 0x00, 0x00, 0x00, 0x00, 0x00, 0x00, 0x00, 0x00, 0x00,
    0x00, 0x00, 0x00, 0x00, 0x00, 0x00, 0x00, 0x00, 0x00, 0x00, 0x00, 0x00, 0x00, 0x00, 0x00, 0x00,
    0x11, 0x0c, 0x11, 0x3b, 0x17, 0x11, 0x0d, 0x95, 0x19, 0x12, 0x0b, 0xce, 0x1b, 0x13, 0x09, 0xe7,
    0x1c, 0x14, 0x07, 0xec, 0x1c, 0x14, 0x07, 0xeb, 0x1d, 0x14, 0x06, 0xeb, 0x1d, 0x14, 0x06, 0xeb,
    0x1d, 0x14, 0x06, 0xeb, 0x1c, 0x14, 0x06, 0xeb, 0x1c, 0x14, 0x06, 0xeb, 0x1d, 0x14, 0x06, 0xeb,
    0x1c, 0x14, 0x06, 0xeb, 0x1c, 0x14, 0x05, 0xeb, 0x1c, 0x14, 0x05, 0xeb, 0x1c, 0x13, 0x05, 0xeb,
    0x1c, 0x14, 0x05, 0xeb, 0x1d, 0x14, 0x05, 0xeb, 0x1d, 0x14, 0x05, 0xeb, 0x1d, 0x14, 0x06, 0xeb,
    0x1d, 0x14, 0x05, 0xeb, 0x1d, 0x14, 0x06, 0xeb, 0x1d, 0x14, 0x05, 0xeb, 0x1d, 0x14, 0x05, 0xeb,
    0x1d, 0x14, 0x05, 0xeb, 0x1d, 0x14, 0x06, 0xeb, 0x1e, 0x14, 0x06, 0xeb, 0x1e, 0x15, 0x07, 0xeb,
    0x1d, 0x15, 0x08, 0xe6, 0x1b, 0x14, 0x0a, 0xcb, 0x16, 0x0f, 0x0c, 0x91, 0x13, 0x0e, 0x0e, 0x35,
    0x00, 0x00, 0x00, 0x00, 0x00, 0x00, 0x00, 0x00, 0x00, 0x00, 0x00, 0x00, 0x00, 0x00, 0x00, 0x00,
    0x00, 0x00, 0x00, 0x00, 0x00, 0x00, 0x00, 0x00, 0x00, 0x00, 0x00, 0x00, 0x00, 0x00, 0x00, 0x00,
    0x00, 0x00, 0x00, 0x00, 0x00, 0x00, 0x00, 0x00, 0x00, 0x00, 0x00, 0x00, 0x00, 0x00, 0x00, 0x00,
    0x00, 0x00, 0x00, 0x00, 0x00, 0x00, 0x00, 0x00, 0x00, 0x00, 0x00, 0x00, 0x00, 0x00, 0x00, 0x00,
    0x00, 0x00, 0x00, 0x00, 0x00, 0x00, 0x00, 0x00, 0x00, 0x00, 0x00, 0x00, 0x00, 0x00, 0x13, 0x0d,
    0x00, 0x00, 0x0e, 0x12, 0x00, 0x00, 0x0f, 0x11, 0x00, 0x00, 0x0f, 0x11, 0x00, 0x00, 0x0f, 0x11,
    0x00, 0x00, 0x0f, 0x11, 0x00, 0x00, 0x0f, 0x11, 0x00, 0x00, 0x0f, 0x11, 0x00, 0x00, 0x0f, 0x11,
    0x00, 0x00, 0x0f, 0x11, 0x00, 0x00, 0x0f, 0x11, 0x00, 0x00, 0x0f, 0x11, 0x00, 0x00, 0x0f, 0x11,
    0x00, 0x00, 0x0f, 0x11, 0x00, 0x00, 0x0f, 0x11, 0x00, 0x00, 0x0f, 0x11, 0x00, 0x00, 0x0f, 0x11,
    0x00, 0x00, 0x0f, 0x11, 0x00, 0x00, 0x0f, 0x11, 0x00, 0x00, 0x0f, 0x11, 0x00, 0x00, 0x0f, 0x11,
    0x00, 0x00, 0x0f, 0x11, 0x00, 0x00, 0x0f, 0x11, 0x00, 0x00, 0x0f, 0x11, 0x00, 0x00, 0x0f, 0x11,
    0x00, 0x00, 0x15, 0x0c, 0x00, 0x00, 0x00, 0x00, 0x00, 0x00, 0x00, 0x00, 0x00, 0x00, 0x00, 0x00,
    0x00, 0x00, 0x00, 0x00, 0x00, 0x00, 0x00, 0x00, 0x00, 0x00, 0x00, 0x00, 0x00, 0x00, 0x00, 0x00,
    0x00, 0x00, 0x00, 0x00, 0x00, 0x00, 0x00, 0x00, 0x00, 0x00, 0x00, 0x00, 0x00, 0x00, 0x00, 0x00,
    0x00, 0x00, 0x00, 0x00, 0x00, 0x00, 0x00, 0x00, 0x00, 0x00, 0x00, 0x00, 0x00, 0x00, 0x00, 0x00,
    0x00, 0x00, 0x00, 0x00, 0x00, 0x00, 0x00, 0x00, 0x00, 0x00, 0x00, 0x00, 0x00, 0x00, 0x00, 0x00,
    0x00, 0x00, 0x00, 0x00, 0x00, 0x00, 0x00, 0x00, 0x00, 0x00, 0x00, 0x00, 0x00, 0x00, 0x00, 0x00,
    0x00, 0x00, 0x00, 0x00, 0x00, 0x00, 0x00, 0x00, 0x00, 0x00, 0x00, 0x00, 0x00, 0x00, 0x00, 0x00,
    0x00, 0x00, 0x00, 0x00, 0x00, 0x00, 0x00, 0x00, 0x00, 0x00, 0x00, 0x00, 0x00, 0x00, 0x00, 0x00,
    0x00, 0x00, 0x00, 0x00, 0x00, 0x00, 0x00, 0x00, 0x00, 0x00, 0x00, 0x00, 0x00, 0x00, 0x00, 0x00,
    0x00, 0x00, 0x00, 0x00, 0x00, 0x00, 0x00, 0x00, 0x00, 0x00, 0x00, 0x00, 0x00, 0x00, 0x00, 0x00,
    0x00, 0x00, 0x00, 0x00, 0x00, 0x00, 0x00, 0x00, 0x00, 0x00, 0x00, 0x00, 0x00, 0x00, 0x00, 0x00,
    0x00, 0x00, 0x00, 0x00, 0x00, 0x00, 0x00, 0x00, 0x00, 0x00, 0x00, 0x00, 0x00, 0x00, 0x00, 0x00,
    0x00, 0x00, 0x00, 0x00, 0x00, 0x00, 0x00, 0x00, 0x00, 0x00, 0x00, 0x00, 0x00, 0x00, 0x00, 0x00,
    0x00, 0x00, 0x00, 0x00, 0x00, 0x00, 0x00, 0x00, 0x00, 0x00, 0x00, 0x00, 0x00, 0x00, 0x00, 0x00,
    0x00, 0x00, 0x00, 0x00, 0x00, 0x00, 0x00, 0x00, 0x00, 0x00, 0x00, 0x00, 0x00, 0x00, 0x00, 0x00,
    0x00, 0x00, 0x00, 0x00, 0x00, 0x00, 0x00, 0x00, 0x00, 0x00, 0x00, 0x00, 0x00, 0x00, 0x00, 0x00,
    0x00, 0x00, 0x00, 0x00, 0x00, 0x00, 0x00, 0x00, 0x00, 0x00, 0x00, 0x00, 0x00, 0x00, 0x00, 0x00,
    0x00, 0x00, 0x00, 0x00, 0x00, 0x00, 0x00, 0x00, 0x00, 0x00, 0x00, 0x00, 0x00, 0x00, 0x00, 0x00,
    0x00, 0x00, 0x00, 0x00, 0x00, 0x00, 0x00, 0x00, 0x00, 0x00, 0x00, 0x00, 0x00, 0x00, 0x00, 0x00,
    0x00, 0x00, 0x00, 0x00, 0x00, 0x00, 0x00, 0x00, 0x00, 0x00, 0x00, 0x00, 0x00, 0x00, 0x00, 0x00,
    0x00, 0x00, 0x00, 0x00, 0x00, 0x00, 0x00, 0x00, 0x00, 0x00, 0x00, 0x00, 0x00, 0x00, 0x00, 0x00,
    0x00, 0x00, 0x00, 0x00, 0x00, 0x00, 0x00, 0x00, 0x00, 0x00, 0x00, 0x00, 0x00, 0x00, 0x00, 0x00,
    0x00, 0x00, 0x00, 0x00, 0x00, 0x00, 0x00, 0x00, 0x00, 0x00, 0x00, 0x00, 0x00, 0x00, 0x00, 0x00,
    0x00, 0x00, 0x00, 0x00, 0x00, 0x00, 0x00, 0x00, 0x00, 0x00, 0x00, 0x00, 0x00, 0x00, 0x00, 0x00,
    0x00, 0x00, 0x00, 0x00, 0x00, 0x00, 0x00, 0x00, 0x00, 0x00, 0x00, 0x00, 0x00, 0x00, 0x00, 0x00,
    0x00, 0x00, 0x00, 0x00, 0x00, 0x00, 0x00, 0x00, 0x00, 0x00, 0x00, 0x00, 0x00, 0x00, 0x00, 0x00,
    0x00, 0x00, 0x00, 0x00, 0x00, 0x00, 0x00, 0x00, 0x00, 0x00, 0x00, 0x00, 0x00, 0x00, 0x00, 0x00,
    0x00, 0x00, 0x00, 0x00, 0x00, 0x00, 0x00, 0x00, 0x00, 0x00, 0x00, 0x00, 0x00, 0x00, 0x00, 0x00,
    0x00, 0x00, 0x00, 0x00, 0x00, 0x00, 0x00, 0x00, 0x00, 0x00, 0x00, 0x00, 0x00, 0x00, 0x00, 0x00,
    0x00, 0x00, 0x00, 0x00, 0x00, 0x00, 0x00, 0x00, 0x00, 0x00, 0x00, 0x00, 0x00, 0x00, 0x00, 0x00,
    0x00, 0x00, 0x00, 0x00, 0x00, 0x00, 0x00, 0x00, 0x00, 0x00, 0x00, 0x00, 0x00, 0x00, 0x00, 0x00,
    0x00, 0x00, 0x00, 0x00, 0x00, 0x00, 0x00, 0x00, 0x00, 0x00, 0x00, 0x00, 0x00, 0x00, 0x00, 0x00,
    0x00, 0x00, 0x00, 0x00, 0x00, 0x00, 0x00, 0x00, 0x00, 0x00, 0x00, 0x00, 0x00, 0x00, 0x00, 0x00,
    0x00, 0x00, 0x00, 0x00, 0x00, 0x00, 0x00, 0x00, 0x00, 0x00, 0x00, 0x00, 0x00, 0x00, 0x00, 0x00,
    0x00, 0x00, 0x00, 0x00, 0x00, 0x00, 0x00, 0x00, 0x00, 0x00, 0x00, 0x00, 0x00, 0x00, 0x00, 0x00,
    0x00, 0x00, 0x00, 0x00, 0x00, 0x00, 0x00, 0x00, 0x00, 0x00, 0x00, 0x00, 0x00, 0x00, 0x00, 0x00,
    0x00, 0x00, 0x00, 0x00, 0x00, 0x00, 0x00, 0x00, 0x00, 0x00, 0x00, 0x00, 0x00, 0x00, 0x00, 0x00,
    0x00, 0x00, 0x00, 0x00, 0x00, 0x00, 0x00, 0x00, 0x00, 0x00, 0x00, 0x00, 0x00, 0x00, 0x00, 0x00,
    0x00, 0x00, 0x00, 0x00, 0x00, 0x00, 0x00, 0x00, 0x00, 0x00, 0x00, 0x00, 0x00, 0x00, 0x00, 0x00,
};

const lv_image_dsc_t toolbox_icon_i2c_scanner = {
    .header.cf = LV_COLOR_FORMAT_ARGB8888,
    .header.magic = LV_IMAGE_HEADER_MAGIC,
    .header.w = 48,
    .header.h = 48,
    .data_size = sizeof(toolbox_icon_i2c_scanner_map),
    .data = toolbox_icon_i2c_scanner_map,
};

const LV_ATTRIBUTE_MEM_ALIGN LV_ATTRIBUTE_LARGE_CONST LV_ATTRIBUTE_IMAGE_TOOLBOX_ICON uint8_t toolbox_icon_uart_monitor_map[] = {
    0x00, 0x00, 0x00, 0x00, 0x00, 0x00, 0x00, 0x00, 0x00, 0x00, 0x00, 0x00, 0x00, 0x00, 0x00, 0x00,
    0x00, 0x00, 0x00, 0x00, 0x00, 0x00, 0x00, 0x00, 0x00, 0x00, 0x00, 0x00, 0x00, 0x00, 0x00, 0x00,
    0x00, 0x00, 0x00, 0x00, 0x00, 0x00, 0x00, 0x00, 0x00, 0x00, 0x00, 0x00, 0x00, 0x00, 0x00, 0x00,
    0x00, 0x00, 0x00, 0x00, 0x00, 0x00, 0x00, 0x00, 0x00, 0x00, 0x00, 0x00, 0x00, 0x00, 0x00, 0x00,
    0x00, 0x00, 0x00, 0x00, 0x00, 0x00, 0x00, 0x00, 0x00, 0x00, 0x00, 0x00, 0x00, 0x00, 0x00, 0x00,
    0x00, 0x00, 0x00, 0x00, 0x00, 0x00, 0x00, 0x00, 0x00, 0x00, 0x00, 0x00, 0x00, 0x00, 0x00, 0x00,
    0x00, 0x00, 0x00, 0x00, 0x00, 0x00, 0x00, 0x00, 0x00, 0x00, 0x00, 0x00, 0x00, 0x00, 0x00, 0x00,
    0x00, 0x00, 0x00, 0x00, 0x00, 0x00, 0x00, 0x00, 0x00, 0x00, 0x00, 0x01, 0x00, 0x00, 0x00, 0x00,
    0x00, 0x00, 0x00, 0x00, 0x00, 0x00, 0x00, 0x00, 0x00, 0x00, 0x00, 0x00, 0x00, 0x00, 0x00, 0x00,
    0x00, 0x00, 0x00, 0x00, 0x00, 0x00, 0x00, 0x00, 0x00, 0x00, 0x00, 0x00, 0x00, 0x00, 0x00, 0x00,
    0x00, 0x00, 0x00, 0x00, 0x00, 0x00, 0x00, 0x00, 0x00, 0x00, 0x00, 0x00, 0x00, 0x00, 0x00, 0x00,
    0x00, 0x00, 0x00, 0x00, 0x00, 0x00, 0x00, 0x00, 0x00, 0x00, 0x00, 0x00, 0x00, 0x00, 0x00, 0x00,
    0x00, 0x00, 0x00, 0x00, 0x00, 0x00, 0x00, 0x00, 0x00, 0x00, 0x00, 0x00, 0x00, 0x00, 0x00, 0x00,
    0x00, 0x00, 0x00, 0x00, 0x00, 0x00, 0x00, 0x00, 0x00, 0x00, 0x00, 0x00, 0x00, 0x00, 0x00, 0x00,
    0x00, 0x00, 0x00, 0x00, 0x00, 0x00, 0x00, 0x00, 0x00, 0x00, 0x00, 0x00, 0x00, 0x00, 0x00, 0x00,
    0x00, 0x00, 0x00, 0x00, 0x00, 0x00, 0x00, 0x00, 0x00, 0x00, 0x00, 0x00, 0x00, 0x00, 0x00, 0x00,
    0x00, 0x00, 0x00, 0x00, 0x00, 0x00, 0x00, 0x00, 0x00, 0x00, 0x00, 0x00, 0x00, 0x00, 0x00, 0x00,
    0x00, 0x00, 0x00, 0x00, 0x00, 0x00, 0x00, 0x00, 0x00, 0x00, 0x00, 0x00, 0x00, 0x00, 0x00, 0x00,
    0x00, 0x00, 0x00, 0x00, 0x00, 0x00, 0x00, 0x00, 0x00, 0x00, 0x00, 0x00, 0x00, 0x00, 0x00, 0x00,
    0x00, 0x00, 0x00, 0x00, 0x00, 0x00, 0x00, 0x00, 0x00, 0x00, 0x00, 0x00, 0x00, 0x00, 0x00, 0x00,
    0x00, 0x00, 0x00, 0x00, 0x00, 0x00, 0x00, 0x00, 0x00, 0x00, 0x00, 0x00, 0x00, 0x00, 0x00, 0x00,
    0x00, 0x00, 0x00, 0x00, 0x00, 0x00, 0x00, 0x00, 0x00, 0x00, 0x00, 0x00, 0x00, 0x00, 0x00, 0x00,
    0x00, 0x00, 0x00, 0x00, 0x00, 0x00, 0x00, 0x00, 0x00, 0x00, 0x00, 0x00, 0x00, 0x00, 0x00, 0x00,
    0x00, 0x00, 0x00, 0x00, 0x00, 0x00, 0x00, 0x00, 0x00, 0x00, 0x00, 0x00, 0x00, 0x00, 0x00, 0x00,
    0x00, 0x00, 0x00, 0x00, 0x00, 0x00, 0x00, 0x00, 0x00, 0x00, 0x00, 0x00, 0x00, 0x00, 0x00, 0x00,
    0x00, 0x00, 0x00, 0x00, 0x00, 0x00, 0x00, 0x00, 0x00, 0x00, 0x00, 0x00, 0x00, 0x00, 0x00, 0x00,
    0x00, 0x00, 0x00, 0x00, 0x00, 0x00, 0x00, 0x00, 0x00, 0x00, 0x00, 0x00, 0x45, 0x45, 0x39, 0x16,
    0x4b, 0x4b, 0x43, 0x22, 0x50, 0x48, 0x41, 0x23, 0x50, 0x48, 0x41, 0x23, 0x50, 0x48, 0x41, 0x23,
    0x50, 0x48, 0x48, 0x23, 0x50, 0x48, 0x48, 0x23, 0x50, 0x48, 0x41, 0x23, 0x50, 0x48, 0x48, 0x23,
    0x50, 0x48, 0x41, 0x23, 0x50, 0x48, 0x41, 0x23, 0x50, 0x48, 0x41, 0x23, 0x50, 0x48, 0x48, 0x23,
    0x50, 0x48, 0x41, 0x23, 0x50, 0x48, 0x41, 0x23, 0x48, 0x48, 0x41, 0x23, 0x50, 0x48, 0x41, 0x23,
    0x50, 0x48, 0x41, 0x23, 0x50, 0x48, 0x41, 0x23, 0x48, 0x48, 0x41, 0x23, 0x50, 0x48, 0x41, 0x23,
    0x48, 0x48, 0x41, 0x23, 0x48, 0x48, 0x41, 0x23, 0x4d, 0x46, 0x3f, 0x24, 0x4b, 0x43, 0x43, 0x22,
    0x45, 0x39, 0x39, 0x16, 0x00, 0x00, 0x00, 0x00, 0x00, 0x00, 0x00, 0x00, 0x00, 0x00, 0x00, 0x00,
    0x00, 0x00, 0x00, 0x00, 0x00, 0x00, 0x00, 0x00, 0x00, 0x00, 0x00, 0x00, 0x00, 0x00, 0x00, 0x00,
    0x00, 0x00, 0x00, 0x00, 0x00, 0x00, 0x00, 0x00, 0x00, 0x00, 0x00, 0x00, 0x00, 0x00, 0x00, 0x00,
    0x00, 0x00, 0x00, 0x00, 0x00, 0x00, 0x00, 0x00, 0x00, 0x00, 0x00, 0x00, 0x00, 0x00, 0x00, 0x00,
    0x00, 0x00, 0x00, 0x00, 0x00, 0x00, 0x00, 0x00, 0x00, 0x00, 0x00, 0x00, 0x00, 0x00, 0x00, 0x00,
    0x57, 0x53, 0x4b, 0x3d, 0x63, 0x5e, 0x58, 0x99, 0x66, 0x60, 0x59, 0xd4, 0x62, 0x5c, 0x56, 0xf0,
    0x5e, 0x58, 0x52, 0xf9, 0x5c, 0x57, 0x51, 0xfa, 0x5d, 0x57, 0x52, 0xfa, 0x5c, 0x57, 0x52, 0xfa,
    0x5d, 0x57, 0x52, 0xfa, 0x5e, 0x58, 0x52, 0xfa, 0x5d, 0x57, 0x52, 0xfa, 0x5d, 0x57, 0x52, 0xfa,
    0x5c, 0x56, 0x51, 0xfa, 0x5b, 0x55, 0x4f, 0xfa, 0x5b, 0x55, 0x50, 0xfa, 0x5b, 0x56, 0x50, 0xfa,
    0x5a, 0x54, 0x4f, 0xfa, 0x5a, 0x54, 0x4f, 0xfa, 0x5a, 0x54, 0x4f, 0xfa, 0x5a, 0x54, 0x4e, 0xfa,
    0x59, 0x53, 0x4d, 0xfa, 0x59, 0x53, 0x4e, 0xfa, 0x59, 0x53, 0x4d, 0xfa, 0x59, 0x53, 0x4d, 0xfa,
    0x58, 0x52, 0x4c, 0xfa, 0x59, 0x53, 0x4e, 0xfa, 0x58, 0x52, 0x4d, 0xfb, 0x58, 0x52, 0x4c, 0xfa,
    0x5a, 0x53, 0x4e, 0xf0, 0x5d, 0x57, 0x51, 0xd5, 0x5b, 0x54, 0x4f, 0x97, 0x4d, 0x45, 0x40, 0x3b,
    0x00, 0x00, 0x00, 0x00, 0x00, 0x00, 0x00, 0x00, 0x00, 0x00, 0x00, 0x00, 0x00, 0x00, 0x00, 0x00,
    0x00, 0x00, 0x00, 0x00, 0x00, 0x00, 0x00, 0x00, 0x00, 0x00, 0x00, 0x00, 0x00, 0x00, 0x00, 0x00,
    0x00, 0x00, 0x00, 0x00, 0x00, 0x00, 0x00, 0x00, 0x00, 0x00, 0x00, 0x00, 0x00, 0x00, 0x00, 0x00,
    0x00, 0x00, 0x00, 0x00, 0x00, 0x00, 0x00, 0x00, 0x3d, 0x34, 0x34, 0x1d, 0x64, 0x5e, 0x58, 0xad,
    0x65, 0x5f, 0x59, 0xff, 0x5a, 0x54, 0x4f, 0xff, 0x4a, 0x45, 0x40, 0xff, 0x43, 0x3f, 0x3b, 0xff,
    0x40, 0x3c, 0x38, 0xff, 0x3f, 0x3b, 0x37, 0xff, 0x3f, 0x3b, 0x37, 0xff, 0x3e, 0x3a, 0x36, 0xff,
    0x3d, 0x39, 0x35, 0xff, 0x3f, 0x3a, 0x36, 0xff, 0x3f, 0x3b, 0x37, 0xff, 0x3e, 0x3a, 0x36, 0xff,
    0x3c, 0x38, 0x34, 0xff, 0x3d, 0x39, 0x35, 0xff, 0x3c, 0x38, 0x34, 0xff, 0x3b, 0x37, 0x33, 0xff,
    0x3d, 0x39, 0x34, 0xff, 0x3c, 0x38, 0x34, 0xff, 0x3c, 0x38, 0x34, 0xff, 0x3b, 0x37, 0x32, 0xff,
    0x3b, 0x37, 0x33, 0xff, 0x3a, 0x36, 0x32, 0xff, 0x3a, 0x36, 0x32, 0xff, 0x3a, 0x36, 0x32, 0xff,
    0x3a, 0x36, 0x32, 0xff, 0x3b, 0x36, 0x33, 0xff, 0x3a, 0x35, 0x32, 0xff, 0x39, 0x34, 0x30, 0xff,
    0x3c, 0x38, 0x33, 0xff, 0x43, 0x3e, 0x3a, 0xff, 0x51, 0x4c, 0x46, 0xff, 0x5a, 0x54, 0x4e, 0xff,
    0x58, 0x52, 0x4c, 0xaa, 0x31, 0x27, 0x27, 0x1a, 0x00, 0x00, 0x00, 0x00, 0x00, 0x00, 0x00, 0x00,
    0x00, 0x00, 0x00, 0x00, 0x00, 0x00, 0x00, 0x00, 0x00, 0x00, 0x00, 0x00, 0x00, 0x00, 0x00, 0x00,
    0x00, 0x00, 0x00, 0x00, 0x00, 0x00, 0x00, 0x00, 0x00, 0x00, 0x00, 0x00, 0x00, 0x00, 0x00, 0x00,
    0x00, 0x00, 0x00, 0x00, 0x48, 0x43, 0x3e, 0x31, 0x62, 0x5c, 0x56, 0xe4, 0x5b, 0x55, 0x50, 0xff,
    0x3d, 0x39, 0x35, 0xff, 0x37, 0x34, 0x30, 0xfd, 0x3a, 0x36, 0x32, 0xfd, 0x3c, 0x38, 0x34, 0xfd,
    0x3b, 0x37, 0x33, 0xfd, 0x39, 0x35, 0x31, 0xfc, 0x3a, 0x36, 0x32, 0xfd, 0x39, 0x35, 0x32, 0xfd,
    0x39, 0x35, 0x31, 0xfd, 0x39, 0x35, 0x32, 0xfd, 0x3a, 0x36, 0x32, 0xfd, 0x38, 0x34, 0x30, 0xfc,
    0x37, 0x33, 0x2f, 0xfc, 0x39, 0x35, 0x31, 0xfd, 0x38, 0x34, 0x31, 0xfd, 0x38, 0x34, 0x30, 0xfd,
    0x37, 0x33, 0x2f, 0xfd, 0x36, 0x32, 0x2e, 0xfc, 0x35, 0x31, 0x2e, 0xfc, 0x36, 0x32, 0x2e, 0xfd,
    0x37, 0x33, 0x2f, 0xfd, 0x36, 0x32, 0x2e, 0xfd, 0x36, 0x31, 0x2e, 0xfd, 0x36, 0x32, 0x2e, 0xfd,
    0x35, 0x31, 0x2d, 0xfd, 0x34, 0x30, 0x2c, 0xfc, 0x34, 0x2f, 0x2b, 0xfc, 0x35, 0x30, 0x2d, 0xfc,
    0x35, 0x31, 0x2d, 0xfd, 0x33, 0x2e, 0x2a, 0xfd, 0x2f, 0x2b, 0x28, 0xfc, 0x33, 0x2f, 0x2c, 0xff,
    0x50, 0x4b, 0x45, 0xff, 0x57, 0x50, 0x4a, 0xe1, 0x3e, 0x38, 0x32, 0x2d, 0x00, 0x00, 0x00, 0x00,
    0x00, 0x00, 0x00, 0x00, 0x00, 0x00, 0x00, 0x00, 0x00, 0x00, 0x00, 0x00, 0x00, 0x00, 0x00, 0x00,
    0x00, 0x00, 0x00, 0x00, 0x00, 0x00, 0x00, 0x00, 0x00, 0x00, 0x00, 0x00, 0x00, 0x00, 0x00, 0x00,
    0x3d, 0x3d, 0x34, 0x1d, 0x5d, 0x57, 0x50, 0xe9, 0x4f, 0x4a, 0x45, 0xff, 0x37, 0x33, 0x2f, 0xfc,
    0x3a, 0x36, 0x32, 0xfd, 0x3b, 0x37, 0x33, 0xfd, 0x3b, 0x37, 0x33, 0xfd, 0x3b, 0x37, 0x33, 0xfc,
    0x3a, 0x35, 0x31, 0xfc, 0x39, 0x35, 0x31, 0xfc, 0x3a, 0x36, 0x32, 0xfd, 0x3a, 0x36, 0x32, 0xfd,
    0x3a, 0x36, 0x32, 0xfd, 0x39, 0x34, 0x30, 0xfc, 0x38, 0x34, 0x30, 0xfc, 0x39, 0x35, 0x30, 0xfd,
    0x39, 0x35, 0x30, 0xfd, 0x39, 0x34, 0x30, 0xfd, 0x39, 0x34, 0x30, 0xfd, 0x37, 0x33, 0x2f, 0xfc,
    0x36, 0x32, 0x2e, 0xfc, 0x35, 0x31, 0x2d, 0xfc, 0x36, 0x32, 0x2d, 0xfd, 0x36, 0x32, 0x2d, 0xfc,
    0x36, 0x32, 0x2e, 0xfd, 0x37, 0x32, 0x2e, 0xfd, 0x36, 0x32, 0x2e, 0xfd, 0x36, 0x32, 0x2e, 0xfd,
    0x35, 0x31, 0x2d, 0xfd, 0x34, 0x2f, 0x2b, 0xfc, 0x34, 0x2f, 0x2b, 0xfc, 0x35, 0x31, 0x2d, 0xfd,
    0x35, 0x30, 0x2c, 0xfd, 0x34, 0x30, 0x2c, 0xfd, 0x32, 0x2d, 0x2a, 0xfc, 0x30, 0x2c, 0x29, 0xfc,
    0x2e, 0x2a, 0x27, 0xfc, 0x46, 0x41, 0x3c, 0xff, 0x52, 0x4b, 0x45, 0xe5, 0x31, 0x31, 0x27, 0x1a,
    0x00, 0x00, 0x00, 0x00, 0x00, 0x00, 0x00, 0x00, 0x00, 0x00, 0x00, 0x00, 0x00, 0x00, 0x00, 0x00,
    0x00, 0x00, 0x00, 0x00, 0x00, 0x00, 0x00, 0x00, 0x00, 0x00, 0x00, 0x00, 0x00, 0x00, 0x00, 0x00,
    0x55, 0x4f, 0x4a, 0xb9, 0x53, 0x4d, 0x48, 0xff, 0x35, 0x32, 0x2e, 0xfc, 0x39, 0x35, 0x31, 0xfc,
    0x3b, 0x37, 0x33, 0xfd, 0x3a, 0x36, 0x33, 0xfc, 0x31, 0x2c, 0x31, 0xfc, 0x29, 0x24, 0x2d, 0xfc,
    0x28, 0x23, 0x2d, 0xfd, 0x28, 0x23, 0x2c, 0xfd, 0x27, 0x23, 0x2d, 0xfd, 0x28, 0x23, 0x2d, 0xfd,
    0x26, 0x22, 0x2c, 0xfd, 0x25, 0x21, 0x2b, 0xfc, 0x26, 0x22, 0x2c, 0xfd, 0x26, 0x22, 0x2c, 0xfd,
    0x26, 0x21, 0x2c, 0xfd, 0x26, 0x21, 0x2c, 0xfd, 0x26, 0x21, 0x2b, 0xfd, 0x24, 0x1f, 0x2a, 0xfc,
    0x23, 0x1e, 0x2a, 0xfd, 0x23, 0x1f, 0x2a, 0xfd, 0x24, 0x1f, 0x2a, 0xfd, 0x23, 0x1e, 0x29, 0xfc,
    0x22, 0x1d, 0x29, 0xfc, 0x23, 0x1e, 0x2a, 0xfd, 0x23, 0x1e, 0x2a, 0xfd, 0x22, 0x1d, 0x29, 0xfd,
    0x23, 0x1e, 0x29, 0xfd, 0x21, 0x1d, 0x28, 0xfc, 0x22, 0x1d, 0x29, 0xfd, 0x22, 0x1d, 0x28, 0xfd,
    0x23, 0x1e, 0x28, 0xfd, 0x28, 0x24, 0x2a, 0xfd, 0x30, 0x2c, 0x2a, 0xfc, 0x32, 0x2e, 0x2a, 0xfc,
    0x32, 0x2d, 0x2a, 0xfc, 0x2e, 0x2a, 0x27, 0xfc, 0x49, 0x43, 0x3e, 0xff, 0x4a, 0x43, 0x3c, 0xb5,
    0x00, 0x00, 0x00, 0x00, 0x00, 0x00, 0x00, 0x00, 0x00, 0x00, 0x00, 0x00, 0x00, 0x00, 0x00, 0x00,
    0x00, 0x00, 0x00, 0x00, 0x00, 0x00, 0x00, 0x00, 0x00, 0x00, 0x00, 0x00, 0x49, 0x42, 0x3e, 0x45,
    0x57, 0x51, 0x4b, 0xff, 0x37, 0x33, 0x2f, 0xfd, 0x38, 0x34, 0x30, 0xfc, 0x38, 0x34, 0x2f, 0xfc,
    0x32, 0x2e, 0x2f, 0xfc, 0x29, 0x24, 0x27, 0xfd, 0x53, 0x4f, 0x2a, 0xfd, 0x79, 0x77, 0x33, 0xfd,
    0x85, 0x83, 0x32, 0xfd, 0x86, 0x84, 0x30, 0xfd, 0x88, 0x85, 0x2f, 0xfd, 0x88, 0x86, 0x2e, 0xfd,
    0x88, 0x85, 0x2d, 0xfd, 0x88, 0x86, 0x2c, 0xfd, 0x89, 0x86, 0x2b, 0xfd, 0x89, 0x86, 0x29, 0xfd,
    0x89, 0x85, 0x29, 0xfd, 0x89, 0x86, 0x28, 0xfd, 0x88, 0x85, 0x28, 0xfd, 0x89, 0x86, 0x28, 0xfd,
    0x89, 0x85, 0x27, 0xfd, 0x88, 0x85, 0x27, 0xfd, 0x88, 0x85, 0x27, 0xfd, 0x88, 0x85, 0x27, 0xfd,
    0x87, 0x84, 0x26, 0xfd, 0x88, 0x84, 0x26, 0xfd, 0x87, 0x84, 0x26, 0xfd, 0x86, 0x82, 0x24, 0xfd,
    0x86, 0x83, 0x25, 0xfd, 0x86, 0x82, 0x26, 0xfd, 0x85, 0x81, 0x26, 0xfd, 0x84, 0x82, 0x28, 0xfd,
    0x79, 0x77, 0x27, 0xfd, 0x4f, 0x4b, 0x22, 0xfd, 0x20, 0x1c, 0x22, 0xfc, 0x29, 0x25, 0x28, 0xfc,
    0x31, 0x2c, 0x29, 0xfc, 0x2f, 0x2a, 0x28, 0xfc, 0x30, 0x2b, 0x29, 0xfe, 0x4c, 0x45, 0x3f, 0xff,
    0x3e, 0x3a, 0x32, 0x41, 0x00, 0x00, 0x00, 0x00, 0x00, 0x00, 0x00, 0x00, 0x00, 0x00, 0x00, 0x00,
    0x00, 0x00, 0x00, 0x00, 0x00, 0x00, 0x00, 0x00, 0x00, 0x00, 0x00, 0x00, 0x51, 0x4b, 0x45, 0xaa,
    0x4a, 0x45, 0x3f, 0xff, 0x34, 0x30, 0x2c, 0xfc, 0x38, 0x34, 0x2f, 0xfc, 0x30, 0x2c, 0x2e, 0xfc,
    0x32, 0x2e, 0x22, 0xfd, 0xad, 0xab, 0x39, 0xfd, 0xfa, 0xf8, 0x40, 0xfd, 0xfe, 0xfe, 0x28, 0xfd,
    0xfe, 0xfe, 0x1d, 0xfd, 0xfe, 0xfe, 0x1a, 0xfd, 0xfe, 0xfe, 0x19, 0xfd, 0xfe, 0xfe, 0x18, 0xfd,
    0xfe, 0xfe, 0x17, 0xfd, 0xfe, 0xfe, 0x17, 0xfd, 0xfe, 0xfe, 0x15, 0xfd, 0xfe, 0xfe, 0x14, 0xfd,
    0xfe, 0xfe, 0x13, 0xfd, 0xfe, 0xfd, 0x13, 0xfd, 0xfe, 0xfd, 0x13, 0xfd, 0xfe, 0xfd, 0x13, 0xfd,
    0xfe, 0xfb, 0x11, 0xfd, 0xfe, 0xfa, 0x11, 0xfd, 0xfe, 0xfa, 0x11, 0xfd, 0xfe, 0xfa, 0x12, 0xfd,
    0xfe, 0xf9, 0x11, 0xfd, 0xfe, 0xf8, 0x11, 0xfd, 0xfe, 0xf8, 0x10, 0xfd, 0xfe, 0xf8, 0x10, 0xfd,
    0xfe, 0xf7, 0x11, 0xfd, 0xfe, 0xf7, 0x11, 0xfd, 0xfe, 0xf7, 0x11, 0xfd, 0xfe, 0xf7, 0x13, 0xfd,
    0xfe, 0xf8, 0x19, 0xfd, 0xfa, 0xf2, 0x26, 0xfd, 0xac, 0xa9, 0x24, 0xfd, 0x2b, 0x27, 0x1c, 0xfd,
    0x28, 0x24, 0x27, 0xfd, 0x2f, 0x2b, 0x27, 0xfc, 0x2c, 0x28, 0x26, 0xfc, 0x40, 0x3a, 0x35, 0xff,
    0x44, 0x3e, 0x38, 0xa7, 0x00, 0x00, 0x00, 0x00, 0x00, 0x00, 0x00, 0x00, 0x00, 0x00, 0x00, 0x00,
    0x00, 0x00, 0x00, 0x00, 0x00, 0x00, 0x00, 0x00, 0x1f, 0x1f, 0x1f, 0x08, 0x4e, 0x47, 0x42, 0xe3,
    0x3d, 0x38, 0x34, 0xff, 0x36, 0x32, 0x2e, 0xfc, 0x34, 0x30, 0x2d, 0xfc, 0x27, 0x22, 0x23, 0xfd,
    0xba, 0xb7, 0x37, 0xfd, 0xfe, 0xfe, 0x34, 0xfc, 0xfb, 0xf4, 0x02, 0xfd, 0xf8, 0xea, 0x00, 0xfd,
    0xee, 0xdf, 0x00, 0xfd, 0xee, 0xdf, 0x00, 0xfd, 0xef, 0xdf, 0x00, 0xfd, 0xee, 0xde, 0x00, 0xfd,
    0xee, 0xdd, 0x00, 0xfd, 0xee, 0xdc, 0x00, 0xfd, 0xee, 0xdc, 0x00, 0xfc, 0xee, 0xdc, 0x00, 0xfd,
    0xed, 0xda, 0x00, 0xfd, 0xee, 0xd9, 0x00, 0xfd, 0xee, 0xda, 0x00, 0xfd, 0xee, 0xd8, 0x00, 0xfd,
    0xef, 0xd8, 0x00, 0xfd, 0xee, 0xd7, 0x00, 0xfd, 0xef, 0xd7, 0x00, 0xfd, 0xf0, 0xd8, 0x00, 0xfd,
    0xf1, 0xd7, 0x00, 0xfd, 0xf1, 0xd6, 0x00, 0xfd, 0xf0, 0xd5, 0x00, 0xfd, 0xf2, 0xd5, 0x00, 0xfd,
    0xf2, 0xd5, 0x00, 0xfd, 0xf2, 0xd3, 0x00, 0xfd, 0xf2, 0xd2, 0x00, 0xfd, 0xf2, 0xd3, 0x00, 0xfd,
    0xfb, 0xdc, 0x00, 0xfd, 0xfb, 0xe0, 0x00, 0xfd, 0xfe, 0xfe, 0x1c, 0xfc, 0xb9, 0xb1, 0x20, 0xfd,
    0x20, 0x1b, 0x1d, 0xfd, 0x2b, 0x29, 0x25, 0xfc, 0x2d, 0x29, 0x25, 0xfc, 0x34, 0x2f, 0x2b, 0xff,
    0x42, 0x3c, 0x35, 0xe1, 0x2a, 0x00, 0x00, 0x06, 0x00, 0x00, 0x00, 0x00, 0x00, 0x00, 0x00, 0x00,
    0x00, 0x00, 0x00, 0x00, 0x00, 0x00, 0x00, 0x00, 0x37, 0x37, 0x2f, 0x20, 0x49, 0x43, 0x3d, 0xf8,
    0x37, 0x33, 0x2f, 0xff, 0x36, 0x32, 0x2e, 0xfc, 0x26, 0x21, 0x2a, 0xfc, 0x63, 0x5f, 0x24, 0xfd,
    0xfe, 0xfe, 0x2f, 0xfd, 0xfa, 0xf2, 0x00, 0xfc, 0xd2, 0xc0, 0x00, 0xfd, 0x62, 0x4f, 0x02, 0xfd,
    0x4e, 0x3d, 0x0b, 0xfd, 0x51, 0x40, 0x0a, 0xfd, 0x50, 0x40, 0x09, 0xfd, 0x50, 0x3f, 0x09, 0xfd,
    0x50, 0x3f, 0x09, 0xfd, 0x4c, 0x3b, 0x07, 0xfd, 0x4c, 0x3c, 0x07, 0xfd, 0x4d, 0x3c, 0x07, 0xfd,
    0x4c, 0x3c, 0x07, 0xfd, 0x4b, 0x3b, 0x06, 0xfd, 0x4b, 0x3b, 0x06, 0xfd, 0x4b, 0x3a, 0x06, 0xfd,
    0x4a, 0x3a, 0x05, 0xfd, 0x4a, 0x39, 0x05, 0xfd, 0x4a, 0x39, 0x05, 0xfd, 0x4a, 0x39, 0x04, 0xfd,
    0x4b, 0x3a, 0x04, 0xfd, 0x4c, 0x3a, 0x04, 0xfd, 0x4b, 0x39, 0x04, 0xfd, 0x4b, 0x39, 0x04, 0xfd,
    0x4b, 0x39, 0x04, 0xfd, 0x4a, 0x38, 0x04, 0xfd, 0x49, 0x38, 0x04, 0xfd, 0x46, 0x34, 0x04, 0xfd,
    0x65, 0x4e, 0x01, 0xfd, 0xd8, 0xb7, 0x00, 0xfd, 0xf9, 0xdb, 0x00, 0xfd, 0xfe, 0xf6, 0x19, 0xfd,
    0x5e, 0x58, 0x18, 0xfd, 0x1d, 0x1a, 0x22, 0xfc, 0x2c, 0x2a, 0x25, 0xfc, 0x2e, 0x2b, 0x27, 0xff,
    0x3d, 0x38, 0x32, 0xf7, 0x2b, 0x2b, 0x23, 0x1d, 0x00, 0x00, 0x00, 0x00, 0x00, 0x00, 0x00, 0x00,
    0x00, 0x00, 0x00, 0x00, 0x00, 0x00, 0x00, 0x00, 0x3c, 0x36, 0x30, 0x2a, 0x46, 0x41, 0x3b, 0xff,
    0x38, 0x34, 0x2f, 0xff, 0x36, 0x31, 0x2d, 0xfc, 0x1f, 0x1b, 0x27, 0xfd, 0x9e, 0x9a, 0x22, 0xfd,
    0xfe, 0xfe, 0x0f, 0xfd, 0xeb, 0xdc, 0x00, 0xfd, 0x50, 0x3e, 0x08, 0xfd, 0x44, 0x3b, 0x46, 0xfd,
    0x65, 0x5a, 0x58, 0xfd, 0x5e, 0x54, 0x51, 0xfd, 0x5b, 0x51, 0x4f, 0xfd, 0x55, 0x4c, 0x4a, 0xfd,
    0x3d, 0x35, 0x34, 0xfd, 0x34, 0x2d, 0x2c, 0xfd, 0x34, 0x2b, 0x2b, 0xfd, 0x32, 0x2a, 0x2a, 0xfd,
    0x30, 0x28, 0x28, 0xfd, 0x2e, 0x26, 0x26, 0xfc, 0x2c, 0x25, 0x25, 0xfd, 0x2a, 0x23, 0x23, 0xfd,
    0x28, 0x21, 0x22, 0xfd, 0x27, 0x20, 0x21, 0xfd, 0x25, 0x1f, 0x20, 0xfc, 0x22, 0x1b, 0x1d, 0xfc,
    0x1d, 0x10, 0x14, 0xfd, 0x20, 0x17, 0x19, 0xfd, 0x22, 0x1c, 0x1c, 0xfd, 0x21, 0x1a, 0x1b, 0xfd,
    0x20, 0x1a, 0x1b, 0xfd, 0x20, 0x1a, 0x1a, 0xfd, 0x1f, 0x19, 0x19, 0xfd, 0x1f, 0x19, 0x1a, 0xfc,
    0x0c, 0x07, 0x14, 0xfd, 0x4f, 0x3a, 0x02, 0xfd, 0xf1, 0xd1, 0x00, 0xfc, 0xfe, 0xee, 0x08, 0xfd,
    0x96, 0x8b, 0x14, 0xfd, 0x15, 0x12, 0x1e, 0xfd, 0x2b, 0x29, 0x24, 0xfc, 0x2e, 0x2b, 0x26, 0xff,
    0x3c, 0x36, 0x30, 0xfe, 0x33, 0x2c, 0x26, 0x28, 0x00, 0x00, 0x00, 0x00, 0x00, 0x00, 0x00, 0x00,
    0x00, 0x00, 0x00, 0x00, 0x00, 0x00, 0x00, 0x00, 0x3b, 0x35, 0x2f, 0x2b, 0x45, 0x40, 0x3b, 0xff,
    0x38, 0x34, 0x30, 0xff, 0x35, 0x30, 0x2c, 0xfc, 0x1f, 0x1b, 0x25, 0xfd, 0xaa, 0xa5, 0x18, 0xfd,
    0xfe, 0xfe, 0x05, 0xfd, 0xcd, 0xbc, 0x00, 0xfd, 0x3d, 0x30, 0x22, 0xfd, 0x73, 0x67, 0x5e, 0xfd,
    0x6a, 0x5e, 0x51, 0xfd, 0x67, 0x5c, 0x4e, 0xfd, 0x62, 0x57, 0x4a, 0xfd, 0x4b, 0x41, 0x34, 0xfd,
    0x3e, 0x34, 0x29, 0xfd, 0x3e, 0x35, 0x2a, 0xfd, 0x3c, 0x33, 0x28, 0xfd, 0x3a, 0x30, 0x27, 0xfd,
    0x38, 0x2e, 0x25, 0xfc, 0x35, 0x2c, 0x23, 0xfc, 0x33, 0x2b, 0x22, 0xfc, 0x32, 0x2a, 0x20, 0xfc,
    0x30, 0x28, 0x1f, 0xfc, 0x2d, 0x27, 0x1e, 0xfc, 0x2a, 0x24, 0x1d, 0xfc, 0x28, 0x28, 0x2c, 0xfc,
    0x39, 0x59, 0x63, 0xfd, 0x27, 0x2e, 0x39, 0xfd, 0x22, 0x19, 0x17, 0xfd, 0x2a, 0x22, 0x1a, 0xfc,
    0x2a, 0x22, 0x19, 0xfc, 0x2a, 0x22, 0x19, 0xfc, 0x29, 0x21, 0x18, 0xfc, 0x29, 0x21, 0x17, 0xfc,
    0x27, 0x1f, 0x1a, 0xfc, 0x27, 0x1b, 0x0a, 0xfd, 0xd8, 0xba, 0x00, 0xfd, 0xfe, 0xeb, 0x02, 0xfd,
    0xa2, 0x91, 0x0d, 0xfd, 0x15, 0x12, 0x1c, 0xfc, 0x2b, 0x28, 0x24, 0xfc, 0x2f, 0x2a, 0x26, 0xff,
    0x3a, 0x34, 0x2e, 0xfd, 0x31, 0x2b, 0x25, 0x29, 0x00, 0x00, 0x00, 0x00, 0x00, 0x00, 0x00, 0x00,
    0x00, 0x00, 0x00, 0x00, 0x00, 0x00, 0x00, 0x00, 0x3b, 0x35, 0x2f, 0x2b, 0x44, 0x3f, 0x3a, 0xff,
    0x37, 0x32, 0x2e, 0xff, 0x34, 0x30, 0x2b, 0xfd, 0x1f, 0x1a, 0x25, 0xfd, 0xa7, 0xa1, 0x13, 0xfd,
    0xfe, 0xfe, 0x03, 0xfd, 0xcd, 0xbc, 0x00, 0xfd, 0x40, 0x33, 0x22, 0xfd, 0x61, 0x55, 0x4c, 0xfd,
    0x5d, 0x50, 0x43, 0xfc, 0x58, 0x4c, 0x40, 0xfd, 0x44, 0x3a, 0x2e, 0xfd, 0x3a, 0x30, 0x24, 0xfd,
    0x3a, 0x30, 0x25, 0xfc, 0x37, 0x2d, 0x24, 0xfc, 0x35, 0x2b, 0x21, 0xfd, 0x32, 0x2a, 0x20, 0xfc,
    0x31, 0x29, 0x1f, 0xfc, 0x2f, 0x27, 0x1c, 0xfc, 0x2d, 0x25, 0x1c, 0xfc, 0x2c, 0x24, 0x1a, 0xfc,
    0x2b, 0x23, 0x19, 0xfc, 0x2a, 0x22, 0x18, 0xfc, 0x23, 0x13, 0x11, 0xfc, 0x20, 0x6f, 0x83, 0xfd,
    0x2d, 0xfe, 0xfe, 0xfd, 0x30, 0xc5, 0xd7, 0xfd, 0x1e, 0x31, 0x46, 0xfd, 0x1d, 0x11, 0x13, 0xfd,
    0x27, 0x1f, 0x17, 0xfc, 0x27, 0x1f, 0x16, 0xfc, 0x27, 0x1e, 0x16, 0xfc, 0x27, 0x1f, 0x16, 0xfc,
    0x24, 0x1b, 0x17, 0xfc, 0x2b, 0x20, 0x0a, 0xfd, 0xd9, 0xbe, 0x01, 0xfd, 0xfe, 0xe9, 0x02, 0xfd,
    0x9f, 0x8e, 0x0a, 0xfd, 0x15, 0x11, 0x1c, 0xfc, 0x2a, 0x27, 0x23, 0xfc, 0x2d, 0x2a, 0x25, 0xff,
    0x39, 0x34, 0x2e, 0xfd, 0x33, 0x2c, 0x26, 0x28, 0x00, 0x00, 0x00, 0x00, 0x00, 0x00, 0x00, 0x00,
    0x00, 0x00, 0x00, 0x00, 0x00, 0x00, 0x00, 0x00, 0x3b, 0x35, 0x2f, 0x2b, 0x43, 0x3e, 0x39, 0xff,
    0x36, 0x32, 0x2d, 0xff, 0x34, 0x30, 0x2b, 0xfc, 0x1e, 0x1a, 0x25, 0xfd, 0xa6, 0x9f, 0x10, 0xfd,
    0xfe, 0xfd, 0x02, 0xfd, 0xcd, 0xbd, 0x00, 0xfd, 0x3c, 0x2f, 0x1e, 0xfd, 0x56, 0x4b, 0x43, 0xfd,
    0x50, 0x45, 0x39, 0xfc, 0x3f, 0x2a, 0x1f, 0xfd, 0x34, 0x27, 0x1d, 0xfc, 0x34, 0x21, 0x19, 0xfc,
    0x33, 0x24, 0x1b, 0xfd, 0x30, 0x23, 0x1c, 0xfd, 0x2d, 0x1a, 0x14, 0xfd, 0x2c, 0x24, 0x1d, 0xfc,
    0x27, 0x1a, 0x19, 0xfd, 0x26, 0x1b, 0x1d, 0xfd, 0x24, 0x1a, 0x1c, 0xfd, 0x24, 0x19, 0x1b, 0xfd,
    0x23, 0x18, 0x1b, 0xfd, 0x22, 0x17, 0x1a, 0xfd, 0x1c, 0x0e, 0x18, 0xfc, 0x09, 0x48, 0x73, 0xfd,
    0x00, 0xcf, 0xf6, 0xfc, 0x05, 0xe8, 0xfe, 0xfc, 0x20, 0xcc, 0xe6, 0xfd, 0x1c, 0x3d, 0x55, 0xfd,
    0x1b, 0x0f, 0x12, 0xfc, 0x24, 0x1d, 0x16, 0xfc, 0x26, 0x1d, 0x15, 0xfc, 0x26, 0x1d, 0x14, 0xfc,
    0x22, 0x1a, 0x16, 0xfc, 0x2a, 0x1f, 0x09, 0xfd, 0xda, 0xbe, 0x01, 0xfd, 0xfe, 0xe7, 0x01, 0xfd,
    0x9d, 0x8c, 0x08, 0xfd, 0x14, 0x11, 0x1b, 0xfd, 0x2a, 0x27, 0x22, 0xfc, 0x2d, 0x29, 0x25, 0xff,
    0x39, 0x33, 0x2e, 0xfd, 0x33, 0x2c, 0x26, 0x28, 0x00, 0x00, 0x00, 0x00, 0x00, 0x00, 0x00, 0x00,
    0x00, 0x00, 0x00, 0x00, 0x00, 0x00, 0x00, 0x00, 0x35, 0x2f, 0x2f, 0x2b, 0x42, 0x3d, 0x38, 0xff,
    0x35, 0x31, 0x2d, 0xff, 0x34, 0x2f, 0x2b, 0xfd, 0x1d, 0x19, 0x25, 0xfd, 0xa5, 0x9e, 0x0f, 0xfd,
    0xfe, 0xfb, 0x02, 0xfd, 0xce, 0xbd, 0x00, 0xfd, 0x39, 0x2d, 0x1b, 0xfd, 0x4c, 0x41, 0x3a, 0xfc,
    0x38, 0x30, 0x29, 0xfd, 0x2d, 0x69, 0x71, 0xfd, 0x29, 0x45, 0x4c, 0xfd, 0x2d, 0x73, 0x81, 0xfd,
    0x26, 0x59, 0x66, 0xfd, 0x26, 0x4e, 0x59, 0xfd, 0x25, 0x82, 0x94, 0xfd, 0x1d, 0x2e, 0x3c, 0xfd,
    0x26, 0x87, 0x9b, 0xfd, 0x23, 0xaa, 0xc2, 0xfd, 0x21, 0xa6, 0xc0, 0xfd, 0x20, 0xa5, 0xc0, 0xfd,
    0x20, 0xa4, 0xc0, 0xfd, 0x1f, 0xa3, 0xc1, 0xfd, 0x1d, 0xa3, 0xc4, 0xfd, 0x12, 0x98, 0xc5, 0xfd,
    0x02, 0xb4, 0xeb, 0xfd, 0x00, 0xc5, 0xfd, 0xfc, 0x00, 0xcf, 0xfe, 0xfd, 0x16, 0xcd, 0xf1, 0xfd,
    0x1a, 0x4c, 0x63, 0xfd, 0x1c, 0x15, 0x16, 0xfd, 0x24, 0x1b, 0x13, 0xfc, 0x24, 0x1b, 0x13, 0xfc,
    0x20, 0x19, 0x14, 0xfc, 0x2a, 0x1f, 0x09, 0xfd, 0xd9, 0xbe, 0x01, 0xfd, 0xfe, 0xe6, 0x01, 0xfc,
    0x9d, 0x8b, 0x07, 0xfd, 0x14, 0x11, 0x1b, 0xfc, 0x2a, 0x27, 0x22, 0xfc, 0x2b, 0x29, 0x24, 0xff,
    0x38, 0x33, 0x2e, 0xfd, 0x33, 0x2c, 0x26, 0x28, 0x00, 0x00, 0x00, 0x00, 0x00, 0x00, 0x00, 0x00,
    0x00, 0x00, 0x00, 0x00, 0x00, 0x00, 0x00, 0x00, 0x3b, 0x35, 0x2f, 0x2b, 0x41, 0x3c, 0x36, 0xfe,
    0x35, 0x30, 0x2c, 0xff, 0x34, 0x2f, 0x2a, 0xfd, 0x1c, 0x19, 0x24, 0xfd, 0xa5, 0x9e, 0x0e, 0xfd,
    0xfe, 0xfa, 0x01, 0xfd, 0xcf, 0xbf, 0x00, 0xfd, 0x35, 0x2a, 0x18, 0xfd, 0x3a, 0x2d, 0x26, 0xfd,
    0x28, 0x2b, 0x2d, 0xfc, 0x05, 0xc5, 0xfe, 0xfd, 0x0d, 0x76, 0xa3, 0xfd, 0x06, 0xc8, 0xfe, 0xfd,
    0x08, 0x95, 0xcc, 0xfd, 0x0b, 0x8c, 0xbb, 0xfd, 0x02, 0xd8, 0xfe, 0xfd, 0x0a, 0x5f, 0x8f, 0xfd,
    0x05, 0xd4, 0xfe, 0xfd, 0x00, 0xd3, 0xfe, 0xfd, 0x00, 0xd1, 0xfe, 0xfd, 0x00, 0xcf, 0xfe, 0xfd,
    0x01, 0xce, 0xfe, 0xfd, 0x00, 0xcd, 0xfe, 0xfd, 0x00, 0xcb, 0xfe, 0xfd, 0x01, 0xcb, 0xfe, 0xfd,
    0x01, 0xbc, 0xfe, 0xfc, 0x01, 0xb2, 0xfc, 0xfd, 0x01, 0xb1, 0xfc, 0xfc, 0x00, 0xc4, 0xfe, 0xfd,
    0x0a, 0xb3, 0xef, 0xfd, 0x14, 0x1c, 0x2b, 0xfd, 0x22, 0x18, 0x0f, 0xfc, 0x23, 0x1a, 0x11, 0xfd,
    0x1f, 0x17, 0x13, 0xfd, 0x29, 0x1e, 0x08, 0xfd, 0xd8, 0xbd, 0x01, 0xfd, 0xfe, 0xe4, 0x01, 0xfd,
    0x9b, 0x8a, 0x07, 0xfd, 0x13, 0x10, 0x1a, 0xfc, 0x2a, 0x26, 0x21, 0xfc, 0x2b, 0x28, 0x24, 0xff,
    0x37, 0x32, 0x2d, 0xfd, 0x31, 0x2b, 0x25, 0x29, 0x00, 0x00, 0x00, 0x00, 0x00, 0x00, 0x00, 0x00,
    0x00, 0x00, 0x00, 0x00, 0x00, 0x00, 0x00, 0x00, 0x35, 0x2f, 0x2f, 0x2b, 0x41, 0x3b, 0x36, 0xff,
    0x35, 0x31, 0x2c, 0xff, 0x33, 0x2f, 0x2a, 0xfd, 0x1d, 0x19, 0x24, 0xfd, 0xa5, 0x9d, 0x0d, 0xfd,
    0xfe, 0xf8, 0x01, 0xfd, 0xcf, 0xbe, 0x00, 0xfd, 0x2e, 0x23, 0x11, 0xfd, 0x30, 0x26, 0x20, 0xfc,
    0x2a, 0x27, 0x24, 0xfc, 0x0c, 0x69, 0xa7, 0xfd, 0x14, 0x44, 0x6b, 0xfd, 0x07, 0x76, 0xbf, 0xfd,
    0x0c, 0x5a, 0x94, 0xfd, 0x0d, 0x51, 0x85, 0xfd, 0x01, 0x81, 0xd5, 0xfd, 0x0d, 0x31, 0x57, 0xfd,
    0x01, 0x80, 0xd0, 0xfd, 0x00, 0x9a, 0xf2, 0xfd, 0x00, 0x94, 0xef, 0xfd, 0x00, 0x92, 0xef, 0xfd,
    0x00, 0x91, 0xef, 0xfd, 0x00, 0x91, 0xef, 0xfd, 0x00, 0x91, 0xf0, 0xfd, 0x00, 0x87, 0xe8, 0xfd,
    0x03, 0x97, 0xf4, 0xfd, 0x01, 0xa4, 0xfc, 0xfc, 0x01, 0xa7, 0xfe, 0xfc, 0x00, 0xa5, 0xfe, 0xfd,
    0x01, 0x53, 0x9c, 0xfd, 0x17, 0x16, 0x1d, 0xfc, 0x21, 0x18, 0x10, 0xfc, 0x21, 0x19, 0x10, 0xfd,
    0x1e, 0x16, 0x12, 0xfd, 0x28, 0x1e, 0x08, 0xfd, 0xd6, 0xbc, 0x01, 0xfd, 0xfe, 0xe3, 0x01, 0xfd,
    0x99, 0x88, 0x06, 0xfd, 0x13, 0x10, 0x1a, 0xfc, 0x29, 0x26, 0x21, 0xfc, 0x2b, 0x29, 0x24, 0xff,
    0x37, 0x32, 0x2c, 0xfd, 0x31, 0x2b, 0x25, 0x29, 0x00, 0x00, 0x00, 0x00, 0x00, 0x00, 0x00, 0x00,
    0x00, 0x00, 0x00, 0x00, 0x00, 0x00, 0x00, 0x00, 0x36, 0x30, 0x30, 0x2a, 0x3f, 0x3a, 0x35, 0xfe,
    0x33, 0x2f, 0x2b, 0xff, 0x32, 0x2e, 0x2a, 0xfd, 0x1c, 0x18, 0x24, 0xfd, 0xa4, 0x9c, 0x0d, 0xfd,
    0xfe, 0xf6, 0x01, 0xfd, 0xce, 0xbd, 0x00, 0xfd, 0x2d, 0x22, 0x11, 0xfd, 0x2f, 0x26, 0x21, 0xfd,
    0x2d, 0x25, 0x1c, 0xfd, 0x2b, 0x1d, 0x16, 0xfd, 0x29, 0x1f, 0x19, 0xfd, 0x25, 0x1d, 0x1d, 0xfd,
    0x24, 0x1d, 0x1b, 0xfd, 0x22, 0x1c, 0x1b, 0xfd, 0x1c, 0x17, 0x1d, 0xfd, 0x19, 0x13, 0x12, 0xfd,
    0x16, 0x17, 0x24, 0xfd, 0x13, 0x1f, 0x35, 0xfd, 0x12, 0x1d, 0x33, 0xfd, 0x12, 0x1c, 0x32, 0xfd,
    0x11, 0x1b, 0x31, 0xfd, 0x11, 0x1b, 0x32, 0xfd, 0x0c, 0x14, 0x2f, 0xfd, 0x0a, 0x3a, 0x6d, 0xfd,
    0x0a, 0x9b, 0xf0, 0xfd, 0x00, 0x9d, 0xfe, 0xfd, 0x00, 0x8f, 0xfa, 0xfd, 0x04, 0x3b, 0x7d, 0xfd,
    0x13, 0x0e, 0x17, 0xfc, 0x1e, 0x18, 0x12, 0xfc, 0x21, 0x19, 0x10, 0xfd, 0x20, 0x18, 0x0f, 0xfd,
    0x1d, 0x15, 0x11, 0xfd, 0x28, 0x1e, 0x08, 0xfd, 0xd6, 0xbc, 0x01, 0xfd, 0xfe, 0xe1, 0x01, 0xfd,
    0x99, 0x87, 0x06, 0xfd, 0x12, 0x0f, 0x19, 0xfc, 0x29, 0x25, 0x21, 0xfc, 0x2b, 0x28, 0x24, 0xff,
    0x37, 0x31, 0x2c, 0xfd, 0x33, 0x2c, 0x26, 0x28, 0x00, 0x00, 0x00, 0x00, 0x00, 0x00, 0x00, 0x00,
    0x00, 0x00, 0x00, 0x00, 0x00, 0x00, 0x00, 0x00, 0x35, 0x2f, 0x29, 0x2b, 0x3e, 0x38, 0x33, 0xfe,
    0x33, 0x2e, 0x2a, 0xff, 0x31, 0x2d, 0x29, 0xfd, 0x1b, 0x17, 0x23, 0xfc, 0xa2, 0x9a, 0x0b, 0xfd,
    0xfe, 0xf6, 0x01, 0xfc, 0xce, 0xbc, 0x00, 0xfd, 0x2c, 0x21, 0x0f, 0xfd, 0x2d, 0x24, 0x1f, 0xfd,
    0x2b, 0x23, 0x1a, 0xfc, 0x2b, 0x21, 0x17, 0xfc, 0x2a, 0x20, 0x16, 0xfc, 0x29, 0x1f, 0x14, 0xfd,
    0x28, 0x1e, 0x13, 0xfd, 0x25, 0x1c, 0x0c, 0xfc, 0x2e, 0x24, 0x08, 0xfc, 0x55, 0x4d, 0x21, 0xfd,
    0x33, 0x29, 0x0d, 0xfd, 0x23, 0x18, 0x09, 0xfd, 0x21, 0x17, 0x0c, 0xfd, 0x20, 0x16, 0x0b, 0xfd,
    0x20, 0x15, 0x0b, 0xfc, 0x20, 0x15, 0x0b, 0xfc, 0x1c, 0x0c, 0x03, 0xfd, 0x09, 0x4f, 0x88, 0xfd,
    0x00, 0x9f, 0xfe, 0xfd, 0x00, 0x77, 0xe9, 0xfd, 0x07, 0x2a, 0x5e, 0xfd, 0x15, 0x0e, 0x0f, 0xfc,
    0x1d, 0x17, 0x10, 0xfc, 0x1f, 0x17, 0x0f, 0xfd, 0x1f, 0x17, 0x0f, 0xfd, 0x1f, 0x17, 0x0e, 0xfd,
    0x1c, 0x14, 0x10, 0xfd, 0x28, 0x1e, 0x07, 0xfd, 0xd6, 0xbc, 0x00, 0xfd, 0xfe, 0xe0, 0x00, 0xfd,
    0x98, 0x86, 0x06, 0xfd, 0x12, 0x0f, 0x19, 0xfd, 0x29, 0x25, 0x20, 0xfc, 0x2b, 0x28, 0x23, 0xff,
    0x36, 0x31, 0x2c, 0xfe, 0x31, 0x2b, 0x25, 0x29, 0x00, 0x00, 0x00, 0x00, 0x00, 0x00, 0x00, 0x00,
    0x00, 0x00, 0x00, 0x00, 0x00, 0x00, 0x00, 0x00, 0x36, 0x30, 0x2a, 0x2a, 0x3d, 0x37, 0x33, 0xfe,
    0x32, 0x2e, 0x2a, 0xff, 0x30, 0x2c, 0x28, 0xfd, 0x1b, 0x18, 0x23, 0xfc, 0xa2, 0x99, 0x0b, 0xfd,
    0xfe, 0xf3, 0x00, 0xfd, 0xcf, 0xbd, 0x00, 0xfd, 0x2b, 0x20, 0x0e, 0xfd, 0x2a, 0x22, 0x1c, 0xfd,
    0x2a, 0x22, 0x18, 0xfd, 0x29, 0x21, 0x17, 0xfc, 0x27, 0x1f, 0x16, 0xfc, 0x27, 0x1f, 0x14, 0xfc,
    0x24, 0x1b, 0x0a, 0xfd, 0x38, 0x2f, 0x0b, 0xfc, 0xb3, 0xae, 0x35, 0xfd, 0xfe, 0xfe, 0x36, 0xfd,
    0x9b, 0x95, 0x18, 0xfd, 0x1c, 0x13, 0x06, 0xfd, 0x1f, 0x17, 0x0f, 0xfc, 0x1e, 0x17, 0x0f, 0xfd,
    0x1e, 0x17, 0x0e, 0xfc, 0x1e, 0x17, 0x0f, 0xfc, 0x1d, 0x15, 0x0e, 0xfc, 0x13, 0x1c, 0x2d, 0xfd,
    0x07, 0x3d, 0x7b, 0xfd, 0x0b, 0x20, 0x42, 0xfd, 0x18, 0x10, 0x0d, 0xfd, 0x1d, 0x16, 0x10, 0xfc,
    0x1e, 0x16, 0x0e, 0xfc, 0x1e, 0x16, 0x0e, 0xfd, 0x1e, 0x16, 0x0e, 0xfc, 0x1e, 0x16, 0x0e, 0xfc,
    0x1b, 0x13, 0x0f, 0xfd, 0x27, 0x1d, 0x07, 0xfd, 0xd5, 0xbb, 0x01, 0xfd, 0xfc, 0xe0, 0x01, 0xfd,
    0x98, 0x86, 0x06, 0xfd, 0x11, 0x0e, 0x18, 0xfc, 0x29, 0x24, 0x1f, 0xfc, 0x2b, 0x27, 0x23, 0xff,
    0x36, 0x30, 0x2b, 0xfd, 0x33, 0x2c, 0x26, 0x28, 0x00, 0x00, 0x00, 0x00, 0x00, 0x00, 0x00, 0x00,
    0x00, 0x00, 0x00, 0x00, 0x00, 0x00, 0x00, 0x00, 0x35, 0x2f, 0x29, 0x2b, 0x3c, 0x37, 0x32, 0xfe,
    0x31, 0x2d, 0x2a, 0xff, 0x30, 0x2c, 0x28, 0xfd, 0x1b, 0x17, 0x22, 0xfd, 0xa1, 0x98, 0x0b, 0xfd,
    0xfe, 0xf3, 0x01, 0xfc, 0xce, 0xbb, 0x00, 0xfd, 0x2a, 0x1f, 0x0d, 0xfd, 0x28, 0x20, 0x1a, 0xfd,
    0x28, 0x1f, 0x16, 0xfc, 0x26, 0x1e, 0x15, 0xfc, 0x26, 0x1e, 0x13, 0xfd, 0x23, 0x19, 0x06, 0xfd,
    0x4b, 0x41, 0x12, 0xfd, 0xcf, 0xcd, 0x39, 0xfd, 0xfe, 0xfe, 0x17, 0xfd, 0xf6, 0xf4, 0x00, 0xfd,
    0x79, 0x6f, 0x01, 0xfc, 0x1d, 0x12, 0x04, 0xfd, 0x20, 0x16, 0x06, 0xfd, 0x1f, 0x15, 0x06, 0xfd,
    0x1e, 0x15, 0x06, 0xfd, 0x1e, 0x15, 0x07, 0xfd, 0x1c, 0x13, 0x07, 0xfd, 0x1a, 0x11, 0x05, 0xfc,
    0x1b, 0x0e, 0x00, 0xfc, 0x13, 0x08, 0x03, 0xfc, 0x1b, 0x14, 0x09, 0xfc, 0x17, 0x0f, 0x09, 0xfd,
    0x16, 0x0e, 0x08, 0xfd, 0x19, 0x11, 0x09, 0xfc, 0x13, 0x0b, 0x08, 0xfc, 0x1e, 0x16, 0x0c, 0xfc,
    0x1a, 0x13, 0x0e, 0xfd, 0x27, 0x1d, 0x07, 0xfd, 0xd4, 0xba, 0x01, 0xfd, 0xfa, 0xde, 0x01, 0xfd,
    0x96, 0x85, 0x06, 0xfd, 0x12, 0x0f, 0x18, 0xfc, 0x28, 0x24, 0x1f, 0xfc, 0x2b, 0x27, 0x22, 0xff,
    0x35, 0x30, 0x2a, 0xfd, 0x2c, 0x26, 0x1f, 0x28, 0x00, 0x00, 0x00, 0x00, 0x00, 0x00, 0x00, 0x00,
    0x00, 0x00, 0x00, 0x00, 0x00, 0x00, 0x00, 0x00, 0x35, 0x2f, 0x29, 0x2b, 0x3c, 0x36, 0x32, 0xfe,
    0x30, 0x2c, 0x29, 0xff, 0x30, 0x2c, 0x27, 0xfd, 0x1b, 0x17, 0x22, 0xfd, 0xa0, 0x97, 0x0b, 0xfd,
    0xfe, 0xf2, 0x01, 0xfd, 0xcd, 0xba, 0x00, 0xfd, 0x29, 0x1d, 0x0c, 0xfd, 0x27, 0x1f, 0x19, 0xfc,
    0x26, 0x1e, 0x15, 0xfc, 0x25, 0x1d, 0x12, 0xfd, 0x29, 0x1f, 0x08, 0xfd, 0x62, 0x5a, 0x1c, 0xfd,
    0xe5, 0xe3, 0x35, 0xfd, 0xfe, 0xfe, 0x0b, 0xfd, 0xfd, 0xf4, 0x00, 0xfc, 0xe3, 0xd9, 0x0b, 0xfc,
    0xae, 0xa7, 0x1f, 0xfd, 0xb7, 0xaf, 0x21, 0xfd, 0xb6, 0xaf, 0x22, 0xfd, 0xb6, 0xaf, 0x23, 0xfd,
    0xb5, 0xae, 0x22, 0xfd, 0xb6, 0xae, 0x21, 0xfd, 0xb6, 0xb1, 0x26, 0xfd, 0x72, 0x69, 0x16, 0xfd,
    0x49, 0x3f, 0x07, 0xfc, 0xac, 0xa7, 0x26, 0xfc, 0x53, 0x4a, 0x0b, 0xfc, 0x80, 0x77, 0x17, 0xfd,
    0x84, 0x7b, 0x19, 0xfd, 0x5b, 0x52, 0x0d, 0xfc, 0x85, 0x7d, 0x1a, 0xfd, 0x20, 0x18, 0x06, 0xfd,
    0x18, 0x11, 0x0e, 0xfd, 0x27, 0x1d, 0x07, 0xfd, 0xd4, 0xba, 0x01, 0xfd, 0xf8, 0xdf, 0x01, 0xfc,
    0x95, 0x84, 0x06, 0xfd, 0x11, 0x0e, 0x18, 0xfc, 0x28, 0x24, 0x1f, 0xfc, 0x2a, 0x26, 0x22, 0xff,
    0x34, 0x30, 0x2a, 0xfd, 0x31, 0x2b, 0x25, 0x29, 0x00, 0x00, 0x00, 0x00, 0x00, 0x00, 0x00, 0x00,
    0x00, 0x00, 0x00, 0x00, 0x00, 0x00, 0x00, 0x00, 0x35, 0x2f, 0x29, 0x2b, 0x3b, 0x36, 0x32, 0xff,
    0x2f, 0x2b, 0x29, 0xff, 0x2e, 0x2a, 0x27, 0xfc, 0x1a, 0x16, 0x21, 0xfc, 0xa0, 0x96, 0x0a, 0xfd,
    0xfd, 0xef, 0x00, 0xfd, 0xcc, 0xba, 0x00, 0xfd, 0x28, 0x1c, 0x0b, 0xfd, 0x25, 0x1d, 0x18, 0xfc,
    0x25, 0x1d, 0x14, 0xfc, 0x23, 0x1a, 0x0f, 0xfd, 0x3d, 0x32, 0x07, 0xfd, 0xef, 0xe5, 0x23, 0xfd,
    0xfe, 0xfd, 0x05, 0xfd, 0xfb, 0xe5, 0x00, 0xfd, 0xfb, 0xe1, 0x02, 0xfd, 0xfe, 0xe9, 0x02, 0xfc,
    0xfe, 0xfb, 0x03, 0xfd, 0xfe, 0xf9, 0x03, 0xfd, 0xfe, 0xf8, 0x03, 0xfd, 0xfe, 0xf7, 0x04, 0xfd,
    0xfe, 0xf6, 0x04, 0xfd, 0xfe, 0xf6, 0x04, 0xfd, 0xfe, 0xfe, 0x04, 0xfd, 0xe7, 0xd3, 0x0c, 0xfd,
    0x94, 0x81, 0x05, 0xfc, 0xfe, 0xfe, 0x06, 0xfd, 0xa4, 0x92, 0x05, 0xfc, 0xe1, 0xca, 0x04, 0xfd,
    0xef, 0xd8, 0x06, 0xfd, 0xaf, 0x9b, 0x05, 0xfc, 0xfe, 0xed, 0x06, 0xfd, 0x2a, 0x21, 0x05, 0xfd,
    0x16, 0x0f, 0x0c, 0xfc, 0x26, 0x1c, 0x06, 0xfd, 0xd3, 0xba, 0x01, 0xfd, 0xf7, 0xdc, 0x01, 0xfd,
    0x95, 0x83, 0x06, 0xfd, 0x11, 0x0e, 0x17, 0xfc, 0x28, 0x24, 0x1f, 0xfc, 0x2a, 0x27, 0x22, 0xff,
    0x34, 0x2f, 0x29, 0xfe, 0x2b, 0x25, 0x1f, 0x29, 0x00, 0x00, 0x00, 0x00, 0x00, 0x00, 0x00, 0x00,
    0x00, 0x00, 0x00, 0x00, 0x00, 0x00, 0x00, 0x00, 0x2f, 0x2f, 0x29, 0x2b, 0x3b, 0x36, 0x31, 0xff,
    0x30, 0x2b, 0x28, 0xff, 0x2d, 0x2a, 0x26, 0xfc, 0x19, 0x15, 0x20, 0xfd, 0x9f, 0x96, 0x0a, 0xfd,
    0xfb, 0xed, 0x00, 0xfd, 0xcb, 0xb8, 0x00, 0xfd, 0x27, 0x1c, 0x0b, 0xfd, 0x24, 0x1c, 0x17, 0xfd,
    0x24, 0x1c, 0x13, 0xfc, 0x23, 0x1b, 0x0f, 0xfc, 0x31, 0x27, 0x06, 0xfc, 0xa3, 0x8c, 0x00, 0xfd,
    0xfe, 0xe6, 0x00, 0xfd, 0xfe, 0xdf, 0x01, 0xfd, 0xfd, 0xda, 0x02, 0xfc, 0xee, 0xc6, 0x04, 0xfd,
    0xdc, 0xb0, 0x00, 0xfd, 0xe6, 0xba, 0x00, 0xfd, 0xe5, 0xb8, 0x00, 0xfd, 0xe5, 0xb7, 0x00, 0xfd,
    0xe5, 0xb6, 0x00, 0xfd, 0xe5, 0xb6, 0x00, 0xfd, 0xe8, 0xbd, 0x00, 0xfd, 0xa1, 0x7e, 0x00, 0xfc,
    0x5c, 0x47, 0x00, 0xfc, 0xcc, 0xaa, 0x00, 0xfd, 0x66, 0x51, 0x01, 0xfd, 0x93, 0x74, 0x01, 0xfd,
    0x9c, 0x7c, 0x00, 0xfd, 0x64, 0x4f, 0x01, 0xfc, 0x8d, 0x71, 0x00, 0xfd, 0x22, 0x1a, 0x06, 0xfc,
    0x17, 0x10, 0x0c, 0xfd, 0x26, 0x1c, 0x06, 0xfd, 0xd1, 0xb8, 0x01, 0xfd, 0xf4, 0xd9, 0x01, 0xfd,
    0x92, 0x81, 0x06, 0xfd, 0x11, 0x0e, 0x18, 0xfc, 0x28, 0x23, 0x1e, 0xfc, 0x2a, 0x26, 0x22, 0xff,
    0x34, 0x2f, 0x29, 0xfd, 0x2b, 0x25, 0x1f, 0x29, 0x00, 0x00, 0x00, 0x00, 0x00, 0x00, 0x00, 0x00,
    0x00, 0x00, 0x00, 0x00, 0x00, 0x00, 0x00, 0x00, 0x30, 0x30, 0x2a, 0x2a, 0x3b, 0x35, 0x31, 0xff,
    0x30, 0x2c, 0x27, 0xff, 0x2d, 0x2a, 0x26, 0xfd, 0x1a, 0x16, 0x21, 0xfd, 0x9e, 0x94, 0x0a, 0xfd,
    0xfb, 0xed, 0x00, 0xfc, 0xca, 0xb7, 0x00, 0xfd, 0x27, 0x1b, 0x0a, 0xfd, 0x23, 0x1b, 0x16, 0xfc,
    0x23, 0x1a, 0x12, 0xfc, 0x23, 0x1a, 0x10, 0xfc, 0x26, 0x1d, 0x0a, 0xfc, 0x28, 0x1e, 0x03, 0xfc,
    0x82, 0x67, 0x01, 0xfd, 0xf8, 0xcf, 0x01, 0xfd, 0xfe, 0xdb, 0x00, 0xfd, 0xed, 0xce, 0x11, 0xfd,
    0x6e, 0x5b, 0x0d, 0xfd, 0x36, 0x24, 0x00, 0xfd, 0x39, 0x28, 0x01, 0xfd, 0x39, 0x28, 0x02, 0xfd,
    0x39, 0x28, 0x02, 0xfd, 0x38, 0x27, 0x02, 0xfc, 0x38, 0x27, 0x02, 0xfd, 0x27, 0x1c, 0x03, 0xfc,
    0x22, 0x19, 0x04, 0xfc, 0x23, 0x17, 0x04, 0xfc, 0x21, 0x18, 0x05, 0xfd, 0x1d, 0x14, 0x05, 0xfc,
    0x1d, 0x14, 0x05, 0xfd, 0x1b, 0x14, 0x06, 0xfc, 0x15, 0x0e, 0x06, 0xfc, 0x1d, 0x15, 0x09, 0xfc,
    0x18, 0x11, 0x0c, 0xfd, 0x26, 0x1c, 0x05, 0xfd, 0xcf, 0xb7, 0x01, 0xfd, 0xf2, 0xd8, 0x01, 0xfd,
    0x93, 0x81, 0x06, 0xfd, 0x11, 0x0e, 0x17, 0xfc, 0x27, 0x23, 0x1e, 0xfc, 0x2a, 0x26, 0x21, 0xff,
    0x33, 0x2f, 0x29, 0xfd, 0x2c, 0x26, 0x1f, 0x28, 0x00, 0x00, 0x00, 0x00, 0x00, 0x00, 0x00, 0x00,
    0x00, 0x00, 0x00, 0x00, 0x00, 0x00, 0x00, 0x00, 0x35, 0x2f, 0x29, 0x2b, 0x3b, 0x35, 0x31, 0xff,
    0x2f, 0x2b, 0x27, 0xff, 0x2d, 0x29, 0x25, 0xfd, 0x19, 0x15, 0x20, 0xfd, 0x9e, 0x94, 0x0a, 0xfd,
    0xfa, 0xec, 0x01, 0xfc, 0xc9, 0xb6, 0x00, 0xfd, 0x23, 0x18, 0x0a, 0xfc, 0x23, 0x1b, 0x15, 0xfc,
    0x22, 0x1a, 0x10, 0xfc, 0x21, 0x19, 0x0f, 0xfc, 0x21, 0x19, 0x0e, 0xfc, 0x22, 0x1a, 0x09, 0xfc,
    0x1f, 0x18, 0x04, 0xfc, 0x5f, 0x49, 0x01, 0xfd, 0xe5, 0xb7, 0x01, 0xfd, 0xfe, 0xe6, 0x01, 0xfd,
    0x94, 0x7a, 0x04, 0xfc, 0x18, 0x10, 0x03, 0xfc, 0x1c, 0x14, 0x07, 0xfc, 0x1c, 0x14, 0x08, 0xfc,
    0x1c, 0x14, 0x07, 0xfc, 0x1c, 0x14, 0x08, 0xfc, 0x1c, 0x14, 0x08, 0xfc, 0x1d, 0x15, 0x08, 0xfc,
    0x1c, 0x14, 0x09, 0xfc, 0x1b, 0x13, 0x09, 0xfc, 0x1c, 0x14, 0x0a, 0xfc, 0x1b, 0x13, 0x0a, 0xfc,
    0x1a, 0x13, 0x0a, 0xfc, 0x1a, 0x12, 0x0a, 0xfc, 0x1b, 0x13, 0x0a, 0xfc, 0x1b, 0x13, 0x0a, 0xfc,
    0x18, 0x11, 0x0b, 0xfd, 0x22, 0x18, 0x05, 0xfd, 0xcd, 0xb5, 0x01, 0xfd, 0xf2, 0xd8, 0x01, 0xfd,
    0x92, 0x81, 0x06, 0xfd, 0x11, 0x0e, 0x17, 0xfc, 0x28, 0x23, 0x1f, 0xfc, 0x2a, 0x26, 0x21, 0xff,
    0x33, 0x2e, 0x28, 0xfd, 0x2b, 0x25, 0x1f, 0x29, 0x00, 0x00, 0x00, 0x00, 0x00, 0x00, 0x00, 0x00,
    0x00, 0x00, 0x00, 0x00, 0x00, 0x00, 0x00, 0x00, 0x2f, 0x29, 0x29, 0x2b, 0x3a, 0x35, 0x30, 0xff,
    0x2f, 0x2b, 0x27, 0xff, 0x2d, 0x29, 0x25, 0xfd, 0x19, 0x15, 0x1f, 0xfd, 0x9e, 0x94, 0x0a, 0xfd,
    0xf5, 0xe6, 0x01, 0xfd, 0xe1, 0xd0, 0x02, 0xfd, 0x32, 0x26, 0x05, 0xfd, 0x12, 0x0a, 0x13, 0xfc,
    0x20, 0x18, 0x12, 0xfc, 0x1f, 0x16, 0x11, 0xfc, 0x1e, 0x15, 0x10, 0xfc, 0x1d, 0x14, 0x0f, 0xfc,
    0x1e, 0x16, 0x0c, 0xfc, 0x1a, 0x12, 0x07, 0xfc, 0x43, 0x31, 0x04, 0xfd, 0x78, 0x5b, 0x03, 0xfd,
    0x39, 0x29, 0x03, 0xfd, 0x1d, 0x14, 0x09, 0xfc, 0x1a, 0x12, 0x0d, 0xfd, 0x1a, 0x12, 0x0c, 0xfd,
    0x1a, 0x12, 0x0c, 0xfc, 0x1a, 0x12, 0x0c, 0xfc, 0x1a, 0x11, 0x0c, 0xfc, 0x1a, 0x11, 0x0c, 0xfc,
    0x1a, 0x11, 0x0c, 0xfc, 0x19, 0x11, 0x0c, 0xfc, 0x1a, 0x11, 0x0c, 0xfc, 0x19, 0x11, 0x0b, 0xfc,
    0x19, 0x10, 0x0b, 0xfc, 0x18, 0x10, 0x0b, 0xfc, 0x19, 0x11, 0x0b, 0xfc, 0x19, 0x10, 0x0b, 0xfc,
    0x08, 0x01, 0x0b, 0xfc, 0x36, 0x2b, 0x03, 0xfd, 0xe3, 0xcd, 0x03, 0xfd, 0xec, 0xd2, 0x01, 0xfd,
    0x92, 0x82, 0x06, 0xfd, 0x11, 0x0e, 0x17, 0xfc, 0x27, 0x23, 0x1e, 0xfc, 0x2a, 0x26, 0x22, 0xff,
    0x33, 0x2e, 0x28, 0xfd, 0x2c, 0x26, 0x1f, 0x28, 0x00, 0x00, 0x00, 0x00, 0x00, 0x00, 0x00, 0x00,
    0x00, 0x00, 0x00, 0x00, 0x00, 0x00, 0x00, 0x00, 0x30, 0x2a, 0x24, 0x2a, 0x39, 0x34, 0x2f, 0xfe,
    0x2e, 0x2a, 0x26, 0xff, 0x2d, 0x29, 0x25, 0xfd, 0x17, 0x14, 0x1f, 0xfc, 0x99, 0x8d, 0x09, 0xfd,
    0xf1, 0xe2, 0x00, 0xfc, 0xee, 0xe0, 0x05, 0xfc, 0xb9, 0xb0, 0x0b, 0xfd, 0x35, 0x30, 0x08, 0xfd,
    0x24, 0x1e, 0x0a, 0xfd, 0x27, 0x20, 0x09, 0xfd, 0x27, 0x20, 0x09, 0xfd, 0x27, 0x20, 0x09, 0xfd,
    0x26, 0x20, 0x09, 0xfd, 0x26, 0x20, 0x07, 0xfd, 0x23, 0x1d, 0x06, 0xfd, 0x1d, 0x18, 0x05, 0xfd,
    0x25, 0x1f, 0x06, 0xfd, 0x27, 0x20, 0x07, 0xfd, 0x26, 0x1f, 0x08, 0xfd, 0x26, 0x1f, 0x08, 0xfd,
    0x26, 0x20, 0x08, 0xfd, 0x26, 0x1f, 0x07, 0xfd, 0x26, 0x1f, 0x07, 0xfd, 0x26, 0x1f, 0x08, 0xfd,
    0x26, 0x1f, 0x08, 0xfd, 0x26, 0x20, 0x08, 0xfd, 0x25, 0x1f, 0x07, 0xfd, 0x25, 0x1f, 0x07, 0xfd,
    0x25, 0x1f, 0x07, 0xfd, 0x25, 0x1e, 0x07, 0xfd, 0x24, 0x1e, 0x07, 0xfd, 0x21, 0x1c, 0x07, 0xfd,
    0x37, 0x32, 0x07, 0xfd, 0xc0, 0xb6, 0x0d, 0xfd, 0xe8, 0xd3, 0x05, 0xfc, 0xe7, 0xd0, 0x00, 0xfc,
    0x8d, 0x7a, 0x06, 0xfd, 0x10, 0x0d, 0x17, 0xfc, 0x27, 0x23, 0x1e, 0xfc, 0x2a, 0x25, 0x21, 0xff,
    0x33, 0x2e, 0x28, 0xfd, 0x2b, 0x25, 0x1f, 0x29, 0x00, 0x00, 0x00, 0x00, 0x00, 0x00, 0x00, 0x00,
    0x00, 0x00, 0x00, 0x00, 0x00, 0x00, 0x00, 0x00, 0x2f, 0x29, 0x29, 0x2b, 0x39, 0x34, 0x2f, 0xff,
    0x2e, 0x2a, 0x26, 0xff, 0x2c, 0x29, 0x25, 0xfc, 0x19, 0x16, 0x20, 0xfc, 0x70, 0x62, 0x0b, 0xfd,
    0xf1, 0xe0, 0x00, 0xfd, 0xdb, 0xce, 0x02, 0xfc, 0xef, 0xe3, 0x08, 0xfc, 0xeb, 0xe3, 0x0e, 0xfd,
    0xd9, 0xd3, 0x0d, 0xfd, 0xda, 0xd4, 0x0d, 0xfd, 0xda, 0xd4, 0x0e, 0xfd, 0xda, 0xd4, 0x0e, 0xfd,
    0xda, 0xd4, 0x0e, 0xfd, 0xda, 0xd4, 0x0e, 0xfd, 0xda, 0xd4, 0x0e, 0xfd, 0xd9, 0xd3, 0x0e, 0xfd,
    0xda, 0xd3, 0x0e, 0xfd, 0xda, 0xd4, 0x0c, 0xfd, 0xda, 0xd3, 0x0d, 0xfd, 0xda, 0xd3, 0x0d, 0xfd,
    0xd9, 0xd3, 0x0d, 0xfd, 0xda, 0xd2, 0x0d, 0xfd, 0xda, 0xd3, 0x0e, 0xfd, 0xda, 0xd3, 0x0e, 0xfd,
    0xda, 0xd2, 0x0d, 0xfd, 0xd9, 0xd1, 0x0d, 0xfd, 0xd9, 0xd1, 0x0d, 0xfd, 0xd9, 0xd1, 0x0d, 0xfd,
    0xda, 0xd1, 0x0d, 0xfd, 0xd9, 0xd0, 0x0c, 0xfd, 0xd8, 0xcf, 0x0c, 0xfd, 0xd7, 0xcf, 0x0d, 0xfd,
    0xeb, 0xe0, 0x0f, 0xfd, 0xe9, 0xd6, 0x08, 0xfd, 0xd4, 0xbf, 0x01, 0xfc, 0xe8, 0xce, 0x00, 0xfd,
    0x63, 0x52, 0x08, 0xfd, 0x12, 0x10, 0x18, 0xfd, 0x27, 0x22, 0x1e, 0xfc, 0x29, 0x25, 0x20, 0xff,
    0x32, 0x2d, 0x27, 0xfd, 0x2b, 0x25, 0x1f, 0x29, 0x00, 0x00, 0x00, 0x00, 0x00, 0x00, 0x00, 0x00,
    0x00, 0x00, 0x00, 0x00, 0x00, 0x00, 0x00, 0x00, 0x2f, 0x29, 0x23, 0x2b, 0x39, 0x33, 0x2e, 0xff,
    0x2d, 0x2a, 0x26, 0xff, 0x2c, 0x29, 0x24, 0xfd, 0x24, 0x20, 0x20, 0xfd, 0x27, 0x1f, 0x13, 0xfc,
    0xc1, 0xa9, 0x02, 0xfd, 0xeb, 0xda, 0x02, 0xfd, 0xdc, 0xcd, 0x02, 0xfc, 0xdd, 0xcd, 0x02, 0xfd,
    0xe1, 0xd1, 0x03, 0xfd, 0xe2, 0xd1, 0x03, 0xfd, 0xe0, 0xd1, 0x02, 0xfd, 0xe1, 0xd2, 0x02, 0xfc,
    0xe1, 0xd1, 0x03, 0xfd, 0xe1, 0xd1, 0x03, 0xfc, 0xe1, 0xd1, 0x02, 0xfc, 0xe0, 0xd0, 0x02, 0xfd,
    0xe0, 0xd0, 0x03, 0xfd, 0xdf, 0xcf, 0x02, 0xfd, 0xe0, 0xd0, 0x03, 0xfc, 0xe0, 0xcf, 0x03, 0xfc,
    0xe0, 0xcf, 0x03, 0xfc, 0xdf, 0xcc, 0x02, 0xfd, 0xdf, 0xce, 0x02, 0xfc, 0xe0, 0xce, 0x03, 0xfc,
    0xdf, 0xcd, 0x03, 0xfc, 0xdd, 0xc9, 0x02, 0xfd, 0xdd, 0xca, 0x03, 0xfd, 0xde, 0xca, 0x03, 0xfd,
    0xde, 0xcb, 0x03, 0xfc, 0xdd, 0xc9, 0x03, 0xfd, 0xdd, 0xc8, 0x02, 0xfc, 0xdb, 0xc6, 0x02, 0xfd,
    0xd6, 0xc0, 0x01, 0xfd, 0xd4, 0xbf, 0x01, 0xfc, 0xe6, 0xcf, 0x02, 0xfc, 0xb4, 0x98, 0x01, 0xfd,
    0x1e, 0x17, 0x0e, 0xfd, 0x1f, 0x1b, 0x1a, 0xfc, 0x28, 0x23, 0x1f, 0xfc, 0x29, 0x25, 0x20, 0xff,
    0x32, 0x2c, 0x26, 0xfd, 0x2c, 0x26, 0x1f, 0x28, 0x00, 0x00, 0x00, 0x00, 0x00, 0x00, 0x00, 0x00,
    0x00, 0x00, 0x00, 0x00, 0x00, 0x00, 0x00, 0x00, 0x2f, 0x29, 0x23, 0x2b, 0x38, 0x33, 0x2e, 0xff,
    0x2c, 0x29, 0x25, 0xff, 0x2b, 0x28, 0x24, 0xfc, 0x2b, 0x26, 0x21, 0xfd, 0x19, 0x16, 0x1b, 0xfc,
    0x35, 0x2a, 0x0d, 0xfd, 0xaf, 0x95, 0x02, 0xfd, 0xde, 0xc7, 0x01, 0xfd, 0xe3, 0xcf, 0x02, 0xfd,
    0xe3, 0xcf, 0x02, 0xfd, 0xe3, 0xce, 0x01, 0xfd, 0xe2, 0xcd, 0x01, 0xfd, 0xe2, 0xce, 0x01, 0xfd,
    0xe4, 0xd0, 0x02, 0xfc, 0xe3, 0xcf, 0x01, 0xfc, 0xe3, 0xcf, 0x02, 0xfc, 0xe0, 0xcc, 0x02, 0xfd,
    0xd7, 0xc5, 0x02, 0xfd, 0xda, 0xc6, 0x02, 0xfd, 0xda, 0xc6, 0x02, 0xfd, 0xda, 0xc6, 0x02, 0xfd,
    0xdb, 0xc7, 0x02, 0xfc, 0xdb, 0xc6, 0x02, 0xfc, 0xda, 0xc5, 0x02, 0xfc, 0xd8, 0xc4, 0x02, 0xfc,
    0xdf, 0xc8, 0x02, 0xfc, 0xe0, 0xc8, 0x01, 0xfd, 0xdf, 0xc7, 0x01, 0xfd, 0xe1, 0xc8, 0x01, 0xfc,
    0xe0, 0xc7, 0x01, 0xfc, 0xe0, 0xc8, 0x02, 0xfc, 0xdf, 0xc6, 0x02, 0xfd, 0xdd, 0xc4, 0x01, 0xfd,
    0xdd, 0xc5, 0x01, 0xfd, 0xd8, 0xbc, 0x01, 0xfd, 0xa6, 0x8a, 0x01, 0xfd, 0x2d, 0x21, 0x09, 0xfd,
    0x14, 0x12, 0x15, 0xfc, 0x25, 0x20, 0x1b, 0xfc, 0x27, 0x23, 0x1e, 0xfc, 0x28, 0x24, 0x1f, 0xff,
    0x31, 0x2b, 0x25, 0xfd, 0x2b, 0x25, 0x1f, 0x29, 0x00, 0x00, 0x00, 0x00, 0x00, 0x00, 0x00, 0x00,
    0x00, 0x00, 0x00, 0x00, 0x00, 0x00, 0x00, 0x00, 0x2f, 0x29, 0x23, 0x2b, 0x37, 0x31, 0x2c, 0xff,
    0x2b, 0x28, 0x24, 0xff, 0x2a, 0x27, 0x23, 0xfc, 0x2a, 0x26, 0x22, 0xfd, 0x28, 0x24, 0x1e, 0xfc,
    0x17, 0x15, 0x18, 0xfc, 0x19, 0x13, 0x10, 0xfc, 0x48, 0x38, 0x09, 0xfd, 0x61, 0x4d, 0x06, 0xfd,
    0x62, 0x4e, 0x05, 0xfd, 0x61, 0x4f, 0x05, 0xfd, 0x61, 0x4e, 0x05, 0xfd, 0x61, 0x4e, 0x05, 0xfd,
    0x62, 0x4f, 0x05, 0xfd, 0x62, 0x4f, 0x05, 0xfd, 0x5f, 0x4c, 0x05, 0xfd, 0x6c, 0x55, 0x03, 0xfd,
    0x95, 0x71, 0x01, 0xfd, 0x89, 0x69, 0x01, 0xfd, 0x87, 0x67, 0x01, 0xfd, 0x86, 0x65, 0x01, 0xfd,
    0x86, 0x65, 0x01, 0xfd, 0x86, 0x66, 0x01, 0xfd, 0x88, 0x66, 0x01, 0xfd, 0x93, 0x6d, 0x01, 0xfd,
    0x6b, 0x53, 0x03, 0xfd, 0x5e, 0x4b, 0x04, 0xfd, 0x60, 0x4c, 0x04, 0xfd, 0x60, 0x4c, 0x04, 0xfd,
    0x5f, 0x4c, 0x04, 0xfd, 0x60, 0x4c, 0x04, 0xfd, 0x61, 0x4d, 0x05, 0xfd, 0x60, 0x4c, 0x04, 0xfd,
    0x5e, 0x49, 0x04, 0xfd, 0x43, 0x33, 0x06, 0xfd, 0x15, 0x0f, 0x0c, 0xfc, 0x13, 0x11, 0x13, 0xfc,
    0x23, 0x1e, 0x19, 0xfc, 0x26, 0x22, 0x1d, 0xfc, 0x27, 0x23, 0x1f, 0xfc, 0x28, 0x23, 0x1f, 0xff,
    0x31, 0x2b, 0x25, 0xfd, 0x2c, 0x26, 0x1f, 0x28, 0x00, 0x00, 0x00, 0x00, 0x00, 0x00, 0x00, 0x00,
    0x00, 0x00, 0x00, 0x00, 0x00, 0x00, 0x00, 0x00, 0x2e, 0x28, 0x22, 0x2c, 0x37, 0x31, 0x2c, 0xff,
    0x2b, 0x28, 0x24, 0xff, 0x2b, 0x27, 0x23, 0xfc, 0x2a, 0x26, 0x22, 0xfc, 0x2a, 0x25, 0x21, 0xfc,
    0x27, 0x22, 0x1d, 0xfc, 0x1f, 0x1c, 0x1a, 0xfc, 0x13, 0x11, 0x16, 0xfd, 0x0e, 0x0c, 0x13, 0xfd,
    0x0d, 0x0a, 0x12, 0xfd, 0x0c, 0x0a, 0x11, 0xfc, 0x0c, 0x0a, 0x10, 0xfd, 0x0c, 0x09, 0x10, 0xfd,
    0x09, 0x07, 0x11, 0xfc, 0x09, 0x07, 0x11, 0xfc, 0x00, 0x00, 0x10, 0xfc, 0x28, 0x1f, 0x09, 0xfd,
    0xb0, 0x8a, 0x01, 0xfd, 0x81, 0x5b, 0x02, 0xfd, 0x7a, 0x56, 0x02, 0xfd, 0x77, 0x54, 0x02, 0xfd,
    0x77, 0x54, 0x02, 0xfd, 0x78, 0x55, 0x02, 0xfd, 0x7a, 0x56, 0x02, 0xfd, 0xa5, 0x7c, 0x01, 0xfd,
    0x23, 0x19, 0x07, 0xfd, 0x00, 0x00, 0x0f, 0xfd, 0x09, 0x07, 0x10, 0xfd, 0x09, 0x07, 0x10, 0xfd,
    0x0b, 0x09, 0x0f, 0xfc, 0x0a, 0x08, 0x0f, 0xfd, 0x0a, 0x08, 0x0f, 0xfd, 0x0b, 0x09, 0x0f, 0xfd,
    0x0b, 0x09, 0x10, 0xfd, 0x10, 0x0e, 0x12, 0xfd, 0x1c, 0x18, 0x15, 0xfc, 0x22, 0x1e, 0x19, 0xfd,
    0x25, 0x21, 0x1c, 0xfc, 0x27, 0x23, 0x1e, 0xfc, 0x28, 0x23, 0x1f, 0xfc, 0x28, 0x23, 0x1e, 0xff,
    0x31, 0x2b, 0x24, 0xfe, 0x2b, 0x25, 0x1f, 0x29, 0x00, 0x00, 0x00, 0x00, 0x00, 0x00, 0x00, 0x00,
    0x00, 0x00, 0x00, 0x00, 0x00, 0x00, 0x00, 0x00, 0x28, 0x21, 0x1a, 0x26, 0x36, 0x30, 0x2b, 0xfc,
    0x2c, 0x29, 0x24, 0xff, 0x2a, 0x27, 0x23, 0xfc, 0x2b, 0x27, 0x22, 0xfd, 0x2a, 0x25, 0x22, 0xfc,
    0x29, 0x25, 0x20, 0xfc, 0x28, 0x23, 0x1e, 0xfd, 0x26, 0x21, 0x1c, 0xfd, 0x24, 0x20, 0x1b, 0xfd,
    0x23, 0x1e, 0x19, 0xfc, 0x22, 0x1e, 0x18, 0xfd, 0x23, 0x1e, 0x19, 0xfd, 0x15, 0x11, 0x16, 0xfd,
    0x1b, 0x17, 0x11, 0xfc, 0x1f, 0x1b, 0x12, 0xfc, 0x14, 0x11, 0x10, 0xfd, 0x88, 0x77, 0x05, 0xfd,
    0xd3, 0xaf, 0x00, 0xfd, 0x9f, 0x75, 0x00, 0xfd, 0x9b, 0x72, 0x00, 0xfd, 0x98, 0x6f, 0x00, 0xfd,
    0x98, 0x6d, 0x00, 0xfd, 0x99, 0x6e, 0x00, 0xfd, 0x99, 0x6d, 0x00, 0xfd, 0xca, 0xa0, 0x00, 0xfd,
    0x80, 0x6b, 0x04, 0xfd, 0x13, 0x10, 0x0e, 0xfd, 0x1e, 0x1a, 0x11, 0xfd, 0x1a, 0x15, 0x11, 0xfd,
    0x14, 0x11, 0x15, 0xfc, 0x21, 0x1d, 0x17, 0xfc, 0x20, 0x1c, 0x16, 0xfc, 0x20, 0x1c, 0x17, 0xfc,
    0x21, 0x1d, 0x17, 0xfd, 0x22, 0x1e, 0x19, 0xfc, 0x24, 0x1f, 0x1a, 0xfc, 0x25, 0x21, 0x1c, 0xfc,
    0x27, 0x22, 0x1e, 0xfc, 0x27, 0x22, 0x1e, 0xfd, 0x27, 0x22, 0x1d, 0xfc, 0x27, 0x22, 0x1e, 0xff,
    0x30, 0x2a, 0x23, 0xfa, 0x24, 0x1d, 0x15, 0x23, 0x00, 0x00, 0x00, 0x00, 0x00, 0x00, 0x00, 0x00,
    0x00, 0x00, 0x00, 0x00, 0x00, 0x00, 0x00, 0x00, 0x12, 0x12, 0x12, 0x0e, 0x34, 0x2f, 0x2a, 0xec,
    0x2e, 0x2a, 0x26, 0xff, 0x2a, 0x26, 0x22, 0xfc, 0x2a, 0x26, 0x22, 0xfc, 0x2a, 0x26, 0x22, 0xfc,
    0x2a, 0x25, 0x21, 0xfc, 0x29, 0x25, 0x20, 0xfd, 0x29, 0x24, 0x1f, 0xfd, 0x27, 0x22, 0x1e, 0xfd,
    0x26, 0x21, 0x1d, 0xfc, 0x25, 0x21, 0x1c, 0xfc, 0x18, 0x13, 0x19, 0xfc, 0x68, 0x62, 0x18, 0xfd,
    0xd2, 0xcf, 0x28, 0xfd, 0xd7, 0xd3, 0x21, 0xfd, 0xdb, 0xd5, 0x1d, 0xfd, 0xf9, 0xed, 0x18, 0xfd,
    0xe5, 0xd5, 0x16, 0xfd, 0xdd, 0xcb, 0x15, 0xfd, 0xdc, 0xc9, 0x15, 0xfd, 0xdb, 0xc7, 0x14, 0xfd,
    0xdb, 0xc6, 0x14, 0xfd, 0xdd, 0xc7, 0x14, 0xfd, 0xde, 0xc7, 0x14, 0xfd, 0xe5, 0xcf, 0x16, 0xfd,
    0xf8, 0xe5, 0x17, 0xfd, 0xdb, 0xce, 0x1b, 0xfd, 0xd8, 0xcd, 0x1e, 0xfd, 0xd1, 0xca, 0x21, 0xfd,
    0x62, 0x5a, 0x15, 0xfd, 0x16, 0x12, 0x17, 0xfc, 0x23, 0x1f, 0x1a, 0xfc, 0x23, 0x1f, 0x1a, 0xfc,
    0x24, 0x20, 0x1b, 0xfc, 0x24, 0x20, 0x1b, 0xfc, 0x25, 0x21, 0x1c, 0xfc, 0x26, 0x22, 0x1d, 0xfc,
    0x27, 0x22, 0x1d, 0xfc, 0x27, 0x22, 0x1e, 0xfd, 0x26, 0x22, 0x1d, 0xfd, 0x2a, 0x25, 0x1f, 0xff,
    0x30, 0x29, 0x22, 0xe8, 0x17, 0x00, 0x00, 0x0b, 0x00, 0x00, 0x00, 0x00, 0x00, 0x00, 0x00, 0x00,
    0x00, 0x00, 0x00, 0x00, 0x00, 0x00, 0x00, 0x00, 0x00, 0x00, 0x00, 0x00, 0x31, 0x2a, 0x25, 0xbe,
    0x33, 0x2e, 0x28, 0xff, 0x29, 0x25, 0x21, 0xfd, 0x2a, 0x25, 0x21, 0xfd, 0x2a, 0x25, 0x21, 0xfd,
    0x2a, 0x26, 0x21, 0xfc, 0x29, 0x25, 0x20, 0xfc, 0x29, 0x25, 0x20, 0xfd, 0x29, 0x24, 0x20, 0xfd,
    0x28, 0x23, 0x1f, 0xfc, 0x20, 0x1c, 0x1d, 0xfc, 0x31, 0x2b, 0x14, 0xfc, 0xef, 0xe1, 0x0d, 0xfd,
    0xf6, 0xe9, 0x0b, 0xfd, 0xec, 0xdd, 0x05, 0xfd, 0xeb, 0xdd, 0x06, 0xfd, 0xe4, 0xd7, 0x06, 0xfd,
    0xe5, 0xd8, 0x06, 0xfd, 0xe7, 0xd9, 0x06, 0xfd, 0xea, 0xda, 0x06, 0xfc, 0xea, 0xd8, 0x05, 0xfd,
    0xeb, 0xd5, 0x05, 0xfd, 0xed, 0xd6, 0x05, 0xfc, 0xee, 0xd5, 0x05, 0xfd, 0xec, 0xd3, 0x05, 0xfd,
    0xeb, 0xd1, 0x05, 0xfc, 0xf1, 0xd4, 0x05, 0xfd, 0xf2, 0xd4, 0x05, 0xfc, 0xfb, 0xe0, 0x09, 0xfc,
    0xea, 0xd2, 0x0c, 0xfd, 0x2b, 0x24, 0x10, 0xfc, 0x1d, 0x1a, 0x1a, 0xfc, 0x26, 0x21, 0x1d, 0xfc,
    0x26, 0x21, 0x1d, 0xfc, 0x26, 0x21, 0x1c, 0xfc, 0x26, 0x22, 0x1d, 0xfc, 0x26, 0x22, 0x1d, 0xfc,
    0x26, 0x22, 0x1d, 0xfd, 0x27, 0x22, 0x1d, 0xfc, 0x26, 0x21, 0x1d, 0xfc, 0x30, 0x29, 0x22, 0xff,
    0x2e, 0x26, 0x1e, 0xba, 0x00, 0x00, 0x00, 0x00, 0x00, 0x00, 0x00, 0x00, 0x00, 0x00, 0x00, 0x00,
    0x00, 0x00, 0x00, 0x00, 0x00, 0x00, 0x00, 0x00, 0x00, 0x00, 0x00, 0x00, 0x27, 0x21, 0x1a, 0x62,
    0x37, 0x30, 0x28, 0xff, 0x29, 0x25, 0x20, 0xfd, 0x2a, 0x25, 0x21, 0xfc, 0x2a, 0x25, 0x21, 0xfd,
    0x2a, 0x25, 0x21, 0xfd, 0x29, 0x24, 0x20, 0xfc, 0x29, 0x24, 0x20, 0xfc, 0x2a, 0x25, 0x21, 0xfc,
    0x29, 0x24, 0x1f, 0xfc, 0x1f, 0x1b, 0x1d, 0xfc, 0x34, 0x2b, 0x12, 0xfd, 0xd7, 0xbf, 0x00, 0xfd,
    0xe9, 0xd4, 0x00, 0xfc, 0xe4, 0xcf, 0x01, 0xfc, 0xe3, 0xce, 0x00, 0xfd, 0xe3, 0xcd, 0x01, 0xfd,
    0xe3, 0xcd, 0x01, 0xfd, 0xe3, 0xcd, 0x01, 0xfc, 0xe4, 0xce, 0x01, 0xfc, 0xe4, 0xcc, 0x01, 0xfc,
    0xe5, 0xcb, 0x01, 0xfc, 0xe6, 0xca, 0x00, 0xfc, 0xe8, 0xc9, 0x00, 0xfd, 0xea, 0xca, 0x00, 0xfc,
    0xea, 0xc9, 0x00, 0xfc, 0xe9, 0xc7, 0x00, 0xfd, 0xe9, 0xc8, 0x00, 0xfc, 0xee, 0xcc, 0x00, 0xfc,
    0xd4, 0xb2, 0x00, 0xfd, 0x2c, 0x24, 0x0e, 0xfd, 0x1c, 0x19, 0x19, 0xfd, 0x26, 0x21, 0x1c, 0xfc,
    0x27, 0x22, 0x1d, 0xfc, 0x27, 0x22, 0x1d, 0xfd, 0x26, 0x21, 0x1d, 0xfd, 0x26, 0x21, 0x1d, 0xfc,
    0x27, 0x22, 0x1d, 0xfc, 0x27, 0x22, 0x1d, 0xfc, 0x27, 0x22, 0x1d, 0xfd, 0x34, 0x2c, 0x23, 0xff,
    0x25, 0x1d, 0x15, 0x5e, 0x00, 0x00, 0x00, 0x00, 0x00, 0x00, 0x00, 0x00, 0x00, 0x00, 0x00, 0x00,
    0x00, 0x00, 0x00, 0x00, 0x00, 0x00, 0x00, 0x00, 0x00, 0x00, 0x00, 0x00, 0x00, 0x00, 0x00, 0x08,
    0x2e, 0x27, 0x20, 0xdb, 0x32, 0x2c, 0x26, 0xff, 0x28, 0x24, 0x20, 0xfc, 0x29, 0x24, 0x20, 0xfc,
    0x29, 0x24, 0x20, 0xfd, 0x29, 0x24, 0x20, 0xfc, 0x29, 0x24, 0x20, 0xfc, 0x29, 0x24, 0x20, 0xfc,
    0x29, 0x23, 0x1f, 0xfc, 0x27, 0x22, 0x1d, 0xfc, 0x1b, 0x18, 0x17, 0xfc, 0x3b, 0x2f, 0x0b, 0xfd,
    0x63, 0x50, 0x04, 0xfd, 0x61, 0x4f, 0x04, 0xfd, 0x62, 0x50, 0x04, 0xfd, 0x61, 0x4f, 0x04, 0xfd,
    0x60, 0x4e, 0x04, 0xfd, 0x61, 0x4e, 0x04, 0xfd, 0x61, 0x4f, 0x04, 0xfd, 0x60, 0x4d, 0x04, 0xfd,
    0x60, 0x4d, 0x04, 0xfd, 0x60, 0x4d, 0x03, 0xfd, 0x61, 0x4d, 0x04, 0xfd, 0x63, 0x4e, 0x04, 0xfd,
    0x63, 0x4e, 0x04, 0xfd, 0x62, 0x4d, 0x04, 0xfd, 0x63, 0x4f, 0x04, 0xfd, 0x64, 0x4e, 0x04, 0xfd,
    0x37, 0x2a, 0x09, 0xfd, 0x18, 0x14, 0x13, 0xfc, 0x23, 0x1f, 0x19, 0xfc, 0x26, 0x21, 0x1c, 0xfc,
    0x26, 0x21, 0x1d, 0xfd, 0x26, 0x21, 0x1c, 0xfd, 0x26, 0x21, 0x1c, 0xfc, 0x26, 0x21, 0x1d, 0xfc,
    0x26, 0x21, 0x1c, 0xfc, 0x25, 0x20, 0x1b, 0xfc, 0x31, 0x2a, 0x21, 0xff, 0x2b, 0x24, 0x1b, 0xd7,
    0x00, 0x00, 0x00, 0x07, 0x00, 0x00, 0x00, 0x00, 0x00, 0x00, 0x00, 0x00, 0x00, 0x00, 0x00, 0x00,
    0x00, 0x00, 0x00, 0x00, 0x00, 0x00, 0x00, 0x00, 0x00, 0x00, 0x00, 0x00, 0x00, 0x00, 0x00, 0x00,
    0x1c, 0x18, 0x10, 0x3e, 0x32, 0x2a, 0x22, 0xff, 0x2f, 0x2a, 0x23, 0xff, 0x27, 0x23, 0x1f, 0xfc,
    0x29, 0x24, 0x1f, 0xfc, 0x29, 0x23, 0x1f, 0xfc, 0x29, 0x23, 0x1f, 0xfc, 0x29, 0x24, 0x1f, 0xfc,
    0x28, 0x23, 0x1e, 0xfc, 0x29, 0x24, 0x1e, 0xfc, 0x26, 0x21, 0x1b, 0xfc, 0x17, 0x14, 0x17, 0xfc,
    0x0e, 0x0b, 0x13, 0xfc, 0x0d, 0x0a, 0x12, 0xfc, 0x0d, 0x0a, 0x11, 0xfd, 0x0c, 0x0a, 0x11, 0xfd,
    0x0c, 0x0a, 0x11, 0xfd, 0x0c, 0x09, 0x11, 0xfd, 0x0c, 0x09, 0x10, 0xfd, 0x0c, 0x0a, 0x11, 0xfd,
    0x0c, 0x09, 0x10, 0xfd, 0x0b, 0x09, 0x10, 0xfd, 0x0b, 0x09, 0x10, 0xfd, 0x0b, 0x0a, 0x10, 0xfd,
    0x0b, 0x09, 0x10, 0xfd, 0x0b, 0x09, 0x10, 0xfd, 0x0c, 0x0a, 0x11, 0xfd, 0x0c, 0x0a, 0x12, 0xfc,
    0x16, 0x13, 0x15, 0xfc, 0x22, 0x1e, 0x18, 0xfc, 0x25, 0x20, 0x1b, 0xfc, 0x26, 0x21, 0x1c, 0xfd,
    0x25, 0x21, 0x1c, 0xfd, 0x26, 0x21, 0x1c, 0xfd, 0x26, 0x21, 0x1b, 0xfc, 0x26, 0x20, 0x1b, 0xfc,
    0x25, 0x20, 0x1b, 0xfc, 0x2d, 0x26, 0x1f, 0xff, 0x2f, 0x27, 0x1c, 0xfe, 0x19, 0x15, 0x0c, 0x3b,
    0x00, 0x00, 0x00, 0x00, 0x00, 0x00, 0x00, 0x00, 0x00, 0x00, 0x00, 0x00, 0x00, 0x00, 0x00, 0x00,
    0x00, 0x00, 0x00, 0x00, 0x00, 0x00, 0x00, 0x00, 0x00, 0x00, 0x00, 0x00, 0x00, 0x00, 0x00, 0x00,
    0x00, 0x00, 0x00, 0x00, 0x1f, 0x17, 0x12, 0x61, 0x31, 0x29, 0x20, 0xff, 0x32, 0x2b, 0x24, 0xff,
    0x29, 0x24, 0x1f, 0xfc, 0x28, 0x23, 0x1f, 0xfc, 0x28, 0x23, 0x1e, 0xfd, 0x28, 0x23, 0x1e, 0xfc,
    0x28, 0x23, 0x1d, 0xfc, 0x28, 0x23, 0x1d, 0xfc, 0x28, 0x23, 0x1d, 0xfd, 0x26, 0x22, 0x1c, 0xfd,
    0x26, 0x21, 0x1b, 0xfc, 0x24, 0x20, 0x1a, 0xfc, 0x24, 0x1f, 0x1a, 0xfc, 0x24, 0x1f, 0x19, 0xfd,
    0x24, 0x1f, 0x19, 0xfc, 0x24, 0x1f, 0x19, 0xfd, 0x24, 0x1f, 0x19, 0xfd, 0x23, 0x1e, 0x19, 0xfd,
    0x23, 0x1e, 0x19, 0xfd, 0x23, 0x1e, 0x19, 0xfd, 0x23, 0x1e, 0x19, 0xfd, 0x23, 0x1e, 0x19, 0xfd,
    0x23, 0x1e, 0x19, 0xfd, 0x23, 0x1e, 0x19, 0xfd, 0x23, 0x1e, 0x19, 0xfd, 0x23, 0x1e, 0x19, 0xfc,
    0x25, 0x20, 0x1a, 0xfd, 0x26, 0x21, 0x1b, 0xfc, 0x26, 0x21, 0x1c, 0xfd, 0x27, 0x21, 0x1c, 0xfd,
    0x26, 0x21, 0x1b, 0xfd, 0x26, 0x21, 0x1b, 0xfc, 0x24, 0x1f, 0x19, 0xfc, 0x25, 0x1f, 0x1a, 0xfc,
    0x2f, 0x28, 0x1f, 0xff, 0x2f, 0x25, 0x1b, 0xff, 0x1e, 0x16, 0x0d, 0x5c, 0x00, 0x00, 0x00, 0x00,
    0x00, 0x00, 0x00, 0x00, 0x00, 0x00, 0x00, 0x00, 0x00, 0x00, 0x00, 0x00, 0x00, 0x00, 0x00, 0x00,
    0x00, 0x00, 0x00, 0x00, 0x00, 0x00, 0x00, 0x00, 0x00, 0x00, 0x00, 0x00, 0x00, 0x00, 0x00, 0x00,
    0x00, 0x00, 0x00, 0x00, 0x00, 0x00, 0x00, 0x00, 0x1a, 0x14, 0x0d, 0x4c, 0x2d, 0x24, 0x1b, 0xe0,
    0x34, 0x2b, 0x22, 0xff, 0x30, 0x29, 0x22, 0xff, 0x2b, 0x26, 0x20, 0xff, 0x29, 0x24, 0x1f, 0xfe,
    0x28, 0x23, 0x1d, 0xfc, 0x28, 0x23, 0x1e, 0xfd, 0x29, 0x24, 0x1e, 0xfd, 0x29, 0x24, 0x1e, 0xfd,
    0x28, 0x23, 0x1e, 0xfd, 0x29, 0x23, 0x1e, 0xfd, 0x28, 0x23, 0x1d, 0xfd, 0x28, 0x23, 0x1d, 0xfd,
    0x28, 0x23, 0x1d, 0xfd, 0x29, 0x23, 0x1d, 0xfd, 0x28, 0x23, 0x1d, 0xfd, 0x28, 0x22, 0x1d, 0xfd,
    0x28, 0x22, 0x1d, 0xfd, 0x28, 0x22, 0x1d, 0xfd, 0x28, 0x22, 0x1c, 0xfd, 0x28, 0x23, 0x1d, 0xfd,
    0x28, 0x22, 0x1d, 0xfd, 0x27, 0x22, 0x1c, 0xfd, 0x27, 0x22, 0x1c, 0xfd, 0x27, 0x21, 0x1c, 0xfd,
    0x27, 0x22, 0x1d, 0xfd, 0x27, 0x22, 0x1c, 0xfd, 0x27, 0x21, 0x1c, 0xfd, 0x27, 0x21, 0x1c, 0xfd,
    0x27, 0x22, 0x1c, 0xfe, 0x29, 0x23, 0x1c, 0xff, 0x2c, 0x25, 0x1d, 0xff, 0x31, 0x28, 0x1d, 0xff,
    0x2b, 0x21, 0x16, 0xde, 0x19, 0x11, 0x0a, 0x47, 0x00, 0x00, 0x00, 0x00, 0x00, 0x00, 0x00, 0x00,
    0x00, 0x00, 0x00, 0x00, 0x00, 0x00, 0x00, 0x00, 0x00, 0x00, 0x00, 0x00, 0x00, 0x00, 0x00, 0x00,
    0x00, 0x00, 0x00, 0x00, 0x00, 0x00, 0x00, 0x00, 0x00, 0x00, 0x00, 0x00, 0x00, 0x00, 0x00, 0x00,
    0x00, 0x00, 0x00, 0x00, 0x00, 0x00, 0x00, 0x00, 0x00, 0x00, 0x00, 0x00, 0x00, 0x00, 0x00, 0x11,
    0x23, 0x1b, 0x12, 0x7a, 0x2b, 0x23, 0x19, 0xd3, 0x2d, 0x25, 0x1b, 0xfe, 0x30, 0x27, 0x1d, 0xff,
    0x30, 0x27, 0x1e, 0xff, 0x30, 0x27, 0x1e, 0xff, 0x30, 0x28, 0x1e, 0xff, 0x30, 0x27, 0x1e, 0xff,
    0x30, 0x27, 0x1d, 0xff, 0x2f, 0x27, 0x1d, 0xff, 0x2f, 0x27, 0x1d, 0xff, 0x30, 0x27, 0x1d, 0xff,
    0x30, 0x27, 0x1d, 0xff, 0x2f, 0x27, 0x1c, 0xff, 0x30, 0x27, 0x1c, 0xff, 0x2f, 0x26, 0x1c, 0xff,
    0x2f, 0x26, 0x1c, 0xff, 0x2f, 0x26, 0x1c, 0xff, 0x2f, 0x26, 0x1c, 0xff, 0x2f, 0x26, 0x1c, 0xff,
    0x2f, 0x26, 0x1c, 0xff, 0x2e, 0x25, 0x1b, 0xff, 0x2e, 0x25, 0x1b, 0xff, 0x2e, 0x25, 0x1b, 0xff,
    0x2f, 0x26, 0x1b, 0xff, 0x2e, 0x26, 0x1b, 0xff, 0x2e, 0x25, 0x1b, 0xff, 0x2f, 0x26, 0x1c, 0xff,
    0x2e, 0x25, 0x1b, 0xff, 0x2b, 0x23, 0x18, 0xfd, 0x29, 0x20, 0x15, 0xd3, 0x21, 0x19, 0x10, 0x7a,
    0x00, 0x00, 0x00, 0x0f, 0x00, 0x00, 0x00, 0x00, 0x00, 0x00, 0x00, 0x00, 0x00, 0x00, 0x00, 0x00,
    0x00, 0x00, 0x00, 0x00, 0x00, 0x00, 0x00, 0x00, 0x00, 0x00, 0x00, 0x00, 0x00, 0x00, 0x00, 0x00,
    0x00, 0x00, 0x00, 0x00, 0x00, 0x00, 0x00, 0x00, 0x00, 0x00, 0x00, 0x00, 0x00, 0x00, 0x00, 0x00,
    0x00, 0x00, 0x00, 0x00, 0x00, 0x00, 0x00, 0x00, 0x00, 0x00, 0x00, 0x00, 0x00, 0x00, 0x00, 0x00,
    0x00, 0x00, 0x00, 0x00, 0x00, 0x00, 0x00, 0x00, 0x12, 0x0c, 0x06, 0x2a, 0x1f, 0x14, 0x0d, 0x49,
    0x1d, 0x17, 0x0e, 0x56, 0x20, 0x17, 0x0e, 0x57, 0x20, 0x17, 0x0e, 0x56, 0x1d, 0x17, 0x0e, 0x56,
    0x1d, 0x17, 0x0e, 0x56, 0x1d, 0x17, 0x0b, 0x56, 0x1d, 0x17, 0x0e, 0x56, 0x1d, 0x17, 0x0e, 0x56,
    0x1d, 0x17, 0x0e, 0x56, 0x1d, 0x14, 0x0b, 0x56, 0x1d, 0x14, 0x0b, 0x56, 0x1d, 0x17, 0x0b, 0x57,
    0x1d, 0x17, 0x0b, 0x56, 0x1d, 0x17, 0x0b, 0x56, 0x1d, 0x14, 0x0b, 0x56, 0x1d, 0x14, 0x0b, 0x56,
    0x1d, 0x14, 0x0b, 0x56, 0x1d, 0x17, 0x0b, 0x56, 0x1d, 0x14, 0x0b, 0x56, 0x1d, 0x14, 0x0b, 0x56,
    0x1d, 0x17, 0x0b, 0x57, 0x1d, 0x17, 0x0b, 0x57, 0x1d, 0x17, 0x0e, 0x57, 0x20, 0x17, 0x0e, 0x56,
    0x1c, 0x15, 0x0e, 0x48, 0x13, 0x0c, 0x06, 0x28, 0x00, 0x00, 0x00, 0x00, 0x00, 0x00, 0x00, 0x00,
    0x00, 0x00, 0x00, 0x00, 0x00, 0x00, 0x00, 0x00, 0x00, 0x00, 0x00, 0x00, 0x00, 0x00, 0x00, 0x00,
    0x00, 0x00, 0x00, 0x00, 0x00, 0x00, 0x00, 0x00, 0x00, 0x00, 0x00, 0x00, 0x00, 0x00, 0x00, 0x00,
    0x00, 0x00, 0x00, 0x00, 0x00, 0x00, 0x00, 0x00, 0x00, 0x00, 0x00, 0x00, 0x00, 0x00, 0x00, 0x00,
    0x00, 0x00, 0x00, 0x00, 0x00, 0x00, 0x00, 0x00, 0x00, 0x00, 0x00, 0x00, 0x00, 0x00, 0x00, 0x00,
    0x00, 0x00, 0x00, 0x00, 0x00, 0x00, 0x00, 0x00, 0x00, 0x00, 0x00, 0x00, 0x00, 0x00, 0x00, 0x00,
    0x00, 0x00, 0x00, 0x00, 0x00, 0x00, 0x00, 0x00, 0x00, 0x00, 0x00, 0x00, 0x00, 0x00, 0x00, 0x00,
    0x00, 0x00, 0x00, 0x00, 0x00, 0x00, 0x00, 0x00, 0x00, 0x00, 0x00, 0x00, 0x00, 0x00, 0x00, 0x00,
    0x00, 0x00, 0x00, 0x00, 0x00, 0x00, 0x00, 0x00, 0x00, 0x00, 0x00, 0x00, 0x00, 0x00, 0x00, 0x00,
    0x00, 0x00, 0x00, 0x00, 0x00, 0x00, 0x00, 0x00, 0x00, 0x00, 0x00, 0x00, 0x00, 0x00, 0x00, 0x00,
    0x00, 0x00, 0x00, 0x00, 0x00, 0x00, 0x00, 0x00, 0x00, 0x00, 0x00, 0x00, 0x00, 0x00, 0x00, 0x00,
    0x00, 0x00, 0x00, 0x00, 0x00, 0x00, 0x00, 0x00, 0x00, 0x00, 0x00, 0x00, 0x00, 0x00, 0x00, 0x00,
    0x00, 0x00, 0x00, 0x00, 0x00, 0x00, 0x00, 0x00, 0x00, 0x00, 0x00, 0x00, 0x00, 0x00, 0x00, 0x00,
    0x00, 0x00, 0x00, 0x00, 0x00, 0x00, 0x00, 0x00, 0x00, 0x00, 0x00, 0x00, 0x00, 0x00, 0x00, 0x00,
    0x00, 0x00, 0x00, 0x00, 0x00, 0x00, 0x00, 0x00, 0x00, 0x00, 0x00, 0x00, 0x00, 0x00, 0x00, 0x00,
    0x00, 0x00, 0x00, 0x00, 0x00, 0x00, 0x00, 0x00, 0x00, 0x00, 0x00, 0x00, 0x00, 0x00, 0x00, 0x00,
    0x00, 0x00, 0x00, 0x00, 0x00, 0x00, 0x00, 0x00, 0x00, 0x00, 0x00, 0x00, 0x00, 0x00, 0x00, 0x00,
    0x00, 0x00, 0x00, 0x00, 0x00, 0x00, 0x00, 0x00, 0x00, 0x00, 0x00, 0x00, 0x00, 0x00, 0x00, 0x00,
    0x00, 0x00, 0x00, 0x00, 0x00, 0x00, 0x00, 0x00, 0x00, 0x00, 0x00, 0x00, 0x00, 0x00, 0x00, 0x00,
    0x00, 0x00, 0x00, 0x00, 0x00, 0x00, 0x00, 0x00, 0x00, 0x00, 0x00, 0x00, 0x00, 0x00, 0x00, 0x00,
    0x00, 0x00, 0x00, 0x00, 0x00, 0x00, 0x00, 0x00, 0x00, 0x00, 0x00, 0x00, 0x00, 0x00, 0x00, 0x00,
    0x00, 0x00, 0x00, 0x00, 0x00, 0x00, 0x00, 0x00, 0x00, 0x00, 0x00, 0x00, 0x00, 0x00, 0x00, 0x00,
    0x00, 0x00, 0x00, 0x00, 0x00, 0x00, 0x00, 0x01, 0x00, 0x00, 0x00, 0x00, 0x00, 0x00, 0x00, 0x00,
    0x00, 0x00, 0x00, 0x00, 0x00, 0x00, 0x00, 0x00, 0x00, 0x00, 0x00, 0x00, 0x00, 0x00, 0x00, 0x00,
    0x00, 0x00, 0x00, 0x00, 0x00, 0x00, 0x00, 0x00, 0x00, 0x00, 0x00, 0x00, 0x00, 0x00, 0x00, 0x00,
    0x00, 0x00, 0x00, 0x00, 0x00, 0x00, 0x00, 0x00, 0x00, 0x00, 0x00, 0x00, 0x00, 0x00, 0x00, 0x00,
    0x00, 0x00, 0x00, 0x00, 0x00, 0x00, 0x00, 0x00, 0x00, 0x00, 0x00, 0x00, 0x00, 0x00, 0x00, 0x00,
    0x00, 0x00, 0x00, 0x00, 0x00, 0x00, 0x00, 0x00, 0x00, 0x00, 0x00, 0x00, 0x00, 0x00, 0x00, 0x00,
    0x00, 0x00, 0x00, 0x00, 0x00, 0x00, 0x00, 0x00, 0x00, 0x00, 0x00, 0x00, 0x00, 0x00, 0x00, 0x00,
    0x00, 0x00, 0x00, 0x01, 0x00, 0x00, 0x00, 0x01, 0x00, 0x00, 0x00, 0x00, 0x00, 0x00, 0x00, 0x00,
    0x00, 0x00, 0x00, 0x00, 0x00, 0x00, 0x00, 0x00, 0x00, 0x00, 0x00, 0x00, 0x00, 0x00, 0x00, 0x00,
    0x00, 0x00, 0x00, 0x00, 0x00, 0x00, 0x00, 0x00, 0x00, 0x00, 0x00, 0x00, 0x00, 0x00, 0x00, 0x00,
    0x00, 0x00, 0x00, 0x00, 0x00, 0x00, 0x00, 0x00, 0x00, 0x00, 0x00, 0x00, 0x00, 0x00, 0x00, 0x00,
    0x00, 0x00, 0x00, 0x00, 0x00, 0x00, 0x00, 0x00, 0x00, 0x00, 0x00, 0x00, 0x00, 0x00, 0x00, 0x00,
    0x00, 0x00, 0x00, 0x00, 0x00, 0x00, 0x00, 0x00, 0x00, 0x00, 0x00, 0x00, 0x00, 0x00, 0x00, 0x00,
    0x00, 0x00, 0x00, 0x00, 0x00, 0x00, 0x00, 0x00, 0x00, 0x00, 0x00, 0x00, 0x00, 0x00, 0x00, 0x00,
    0x00, 0x00, 0x00, 0x00, 0x00, 0x00, 0x00, 0x00, 0x00, 0x00, 0x00, 0x00, 0x00, 0x00, 0x00, 0x00,
    0x00, 0x00, 0x00, 0x00, 0x00, 0x00, 0x00, 0x00, 0x00, 0x00, 0x00, 0x00, 0x00, 0x00, 0x00, 0x00,
    0x00, 0x00, 0x00, 0x00, 0x00, 0x00, 0x00, 0x00, 0x00, 0x00, 0x00, 0x00, 0x00, 0x00, 0x00, 0x00,
};

const lv_image_dsc_t toolbox_icon_uart_monitor = {
    .header.cf = LV_COLOR_FORMAT_ARGB8888,
    .header.magic = LV_IMAGE_HEADER_MAGIC,
    .header.w = 48,
    .header.h = 48,
    .data_size = sizeof(toolbox_icon_uart_monitor_map),
    .data = toolbox_icon_uart_monitor_map,
};

const LV_ATTRIBUTE_MEM_ALIGN LV_ATTRIBUTE_LARGE_CONST LV_ATTRIBUTE_IMAGE_TOOLBOX_ICON uint8_t toolbox_icon_gpio_tool_map[] = {
    0x00, 0x00, 0x00, 0x00, 0x00, 0x00, 0x00, 0x00, 0x00, 0x00, 0x00, 0x00, 0x00, 0x00, 0x00, 0x00,
    0x00, 0x00, 0x00, 0x00, 0x00, 0x00, 0x00, 0x00, 0x00, 0x00, 0x00, 0x00, 0x00, 0x00, 0x00, 0x00,
    0x00, 0x00, 0x00, 0x00, 0x00, 0x00, 0x00, 0x00, 0x00, 0x00, 0x00, 0x00, 0x00, 0x00, 0x00, 0x00,
    0x00, 0x00, 0x00, 0x00, 0x00, 0x00, 0x00, 0x00, 0x00, 0x00, 0x00, 0x00, 0x00, 0x00, 0x00, 0x00,
    0x00, 0x00, 0x00, 0x00, 0x00, 0x00, 0x00, 0x00, 0x00, 0x00, 0x00, 0x00, 0x00, 0x00, 0x00, 0x00,
    0x00, 0x00, 0x00, 0x00, 0x00, 0x00, 0x00, 0x00, 0x00, 0x00, 0x00, 0x00, 0x00, 0x00, 0x00, 0x01,
    0x00, 0x00, 0x00, 0x01, 0x00, 0x00, 0x00, 0x00, 0x00, 0x00, 0x00, 0x00, 0x00, 0x00, 0x00, 0x00,
    0x00, 0x00, 0x00, 0x00, 0x00, 0x00, 0x00, 0x00, 0x00, 0x00, 0x00, 0x01, 0x00, 0x00, 0x00, 0x00,
    0x00, 0x00, 0x00, 0x00, 0x00, 0x00, 0x00, 0x00, 0x00, 0x00, 0x00, 0x00, 0x00, 0x00, 0x00, 0x00,
    0x00, 0x00, 0x00, 0x00, 0x00, 0x00, 0x00, 0x00, 0x00, 0x00, 0x00, 0x00, 0x00, 0x00, 0x00, 0x00,
    0x00, 0x00, 0x00, 0x00, 0x00, 0x00, 0x00, 0x00, 0x00, 0x00, 0x00, 0x00, 0x00, 0x00, 0x00, 0x00,
    0x00, 0x00, 0x00, 0x00, 0x00, 0x00, 0x00, 0x00, 0x00, 0x00, 0x00, 0x00, 0x00, 0x00, 0x00, 0x00,
    0x00, 0x00, 0x00, 0x00, 0x00, 0x00, 0x00, 0x00, 0x00, 0x00, 0x00, 0x00, 0x00, 0x00, 0x00, 0x00,
    0x00, 0x00, 0x00, 0x00, 0x00, 0x00, 0x00, 0x00, 0x00, 0x00, 0x00, 0x00, 0x00, 0x00, 0x00, 0x00,
    0x00, 0x00, 0x00, 0x00, 0x00, 0x00, 0x00, 0x00, 0x00, 0x00, 0x00, 0x00, 0x00, 0x00, 0x00, 0x00,
    0x00, 0x00, 0x00, 0x00, 0x00, 0x00, 0x00, 0x00, 0x00, 0x00, 0x00, 0x00, 0x00, 0x00, 0x00, 0x00,
    0x00, 0x00, 0x00, 0x00, 0x00, 0x00, 0x00, 0x00, 0x00, 0x00, 0x00, 0x00, 0x00, 0x00, 0x00, 0x00,
    0x00, 0x00, 0x00, 0x00, 0x00, 0x00, 0x00, 0x00, 0x00, 0x00, 0x00, 0x00, 0x00, 0x00, 0x00, 0x00,
    0x00, 0x00, 0x00, 0x00, 0x00, 0x00, 0x00, 0x00, 0x00, 0x00, 0x00, 0x00, 0x00, 0x00, 0x00, 0x00,
    0x00, 0x00, 0x00, 0x00, 0x00, 0x00, 0x00, 0x00, 0x00, 0x00, 0x00, 0x00, 0x00, 0x00, 0x00, 0x00,
    0x00, 0x00, 0x00, 0x00, 0x00, 0x00, 0x00, 0x00, 0x00, 0x00, 0x00, 0x00, 0x00, 0x00, 0x00, 0x00,
    0x00, 0x00, 0x00, 0x00, 0x00, 0x00, 0x00, 0x00, 0x00, 0x00, 0x00, 0x00, 0x00, 0x00, 0x00, 0x00,
    0x00, 0x00, 0x00, 0x00, 0x00, 0x00, 0x00, 0x00, 0x00, 0x00, 0x00, 0x00, 0x00, 0x00, 0x00, 0x00,
    0x00, 0x00, 0x00, 0x00, 0x00, 0x00, 0x00, 0x00, 0x00, 0x00, 0x00, 0x00, 0x00, 0x00, 0x00, 0x00,
    0x00, 0x00, 0x00, 0x00, 0x00, 0x00, 0x00, 0x00, 0x00, 0x00, 0x00, 0x00, 0x00, 0x00, 0x00, 0x00,
    0x00, 0x00, 0x00, 0x00, 0x00, 0x00, 0x00, 0x00, 0x00, 0x00, 0x00, 0x00, 0x00, 0x00, 0x00, 0x00,
    0x00, 0x00, 0x00, 0x00, 0x00, 0x00, 0x00, 0x00, 0x00, 0x00, 0x00, 0x00, 0x7f, 0x3f, 0x3f, 0x04,
    0x77, 0x66, 0x66, 0x0f, 0x6b, 0x6b, 0x5d, 0x13, 0x6b, 0x5d, 0x5d, 0x13, 0x72, 0x66, 0x59, 0x14,
    0x72, 0x66, 0x59, 0x14, 0x72, 0x66, 0x59, 0x14, 0x72, 0x66, 0x59, 0x14, 0x72, 0x66, 0x59, 0x14,
    0x66, 0x59, 0x59, 0x14, 0x72, 0x66, 0x59, 0x14, 0x72, 0x66, 0x59, 0x14, 0x72, 0x59, 0x59, 0x14,
    0x66, 0x59, 0x4c, 0x14, 0x66, 0x59, 0x4c, 0x14, 0x66, 0x59, 0x4c, 0x14, 0x6b, 0x5d, 0x50, 0x13,
    0x66, 0x59, 0x4c, 0x14, 0x66, 0x59, 0x4c, 0x14, 0x66, 0x59, 0x4c, 0x14, 0x66, 0x59, 0x4c, 0x14,
    0x66, 0x59, 0x4c, 0x14, 0x66, 0x59, 0x4c, 0x14, 0x66, 0x59, 0x4c, 0x14, 0x66, 0x55, 0x55, 0x0f,
    0x7f, 0x3f, 0x3f, 0x04, 0x00, 0x00, 0x00, 0x00, 0x00, 0x00, 0x00, 0x00, 0x00, 0x00, 0x00, 0x00,
    0x00, 0x00, 0x00, 0x00, 0x00, 0x00, 0x00, 0x00, 0x00, 0x00, 0x00, 0x00, 0x00, 0x00, 0x00, 0x00,
    0x00, 0x00, 0x00, 0x00, 0x00, 0x00, 0x00, 0x00, 0x00, 0x00, 0x00, 0x00, 0x00, 0x00, 0x00, 0x00,
    0x00, 0x00, 0x00, 0x00, 0x00, 0x00, 0x00, 0x00, 0x00, 0x00, 0x00, 0x00, 0x00, 0x00, 0x00, 0x00,
    0x00, 0x00, 0x00, 0x00, 0x00, 0x00, 0x00, 0x00, 0x00, 0x00, 0x00, 0x00, 0x00, 0x00, 0x00, 0x00,
    0x58, 0x4e, 0x4e, 0x1a, 0x6a, 0x5f, 0x58, 0x6e, 0x66, 0x59, 0x52, 0xb3, 0x60, 0x54, 0x4c, 0xdb,
    0x56, 0x4c, 0x44, 0xe9, 0x50, 0x47, 0x3f, 0xed, 0x4e, 0x45, 0x3e, 0xee, 0x4e, 0x44, 0x3e, 0xee,
    0x4f, 0x45, 0x3e, 0xee, 0x4e, 0x44, 0x3d, 0xee, 0x4d, 0x43, 0x3d, 0xee, 0x4e, 0x44, 0x3e, 0xee,
    0x4e, 0x44, 0x3e, 0xee, 0x4c, 0x42, 0x3b, 0xed, 0x4c, 0x42, 0x3b, 0xee, 0x4c, 0x43, 0x3b, 0xee,
    0x49, 0x40, 0x39, 0xee, 0x48, 0x40, 0x39, 0xee, 0x4a, 0x41, 0x3a, 0xee, 0x49, 0x40, 0x39, 0xed,
    0x47, 0x3f, 0x38, 0xee, 0x48, 0x3f, 0x39, 0xed, 0x47, 0x3e, 0x37, 0xed, 0x47, 0x3f, 0x38, 0xee,
    0x45, 0x3d, 0x36, 0xee, 0x47, 0x3e, 0x37, 0xee, 0x47, 0x3e, 0x37, 0xee, 0x49, 0x3f, 0x38, 0xe9,
    0x4c, 0x42, 0x3c, 0xdb, 0x4e, 0x44, 0x3d, 0xb6, 0x4c, 0x43, 0x3c, 0x72, 0x46, 0x34, 0x34, 0x1d,
    0x00, 0x00, 0x00, 0x00, 0x00, 0x00, 0x00, 0x00, 0x00, 0x00, 0x00, 0x00, 0x00, 0x00, 0x00, 0x00,
    0x00, 0x00, 0x00, 0x00, 0x00, 0x00, 0x00, 0x00, 0x00, 0x00, 0x00, 0x00, 0x00, 0x00, 0x00, 0x00,
    0x00, 0x00, 0x00, 0x00, 0x00, 0x00, 0x00, 0x00, 0x00, 0x00, 0x00, 0x00, 0x00, 0x00, 0x00, 0x00,
    0x00, 0x00, 0x00, 0x00, 0x00, 0x00, 0x00, 0x00, 0x00, 0x00, 0x00, 0x03, 0x67, 0x5d, 0x54, 0x7e,
    0x62, 0x57, 0x50, 0xee, 0x55, 0x4b, 0x44, 0xff, 0x42, 0x3a, 0x34, 0xff, 0x38, 0x30, 0x2b, 0xff,
    0x32, 0x2c, 0x26, 0xff, 0x32, 0x2b, 0x25, 0xff, 0x31, 0x2a, 0x24, 0xff, 0x30, 0x2a, 0x25, 0xff,
    0x30, 0x2a, 0x25, 0xff, 0x31, 0x2b, 0x25, 0xff, 0x31, 0x2a, 0x25, 0xff, 0x31, 0x2a, 0x25, 0xff,
    0x31, 0x2b, 0x25, 0xff, 0x30, 0x2a, 0x24, 0xff, 0x2f, 0x29, 0x23, 0xff, 0x2f, 0x29, 0x23, 0xff,
    0x2f, 0x29, 0x24, 0xff, 0x2f, 0x29, 0x24, 0xff, 0x2e, 0x29, 0x23, 0xff, 0x2e, 0x28, 0x22, 0xff,
    0x2e, 0x27, 0x22, 0xff, 0x2d, 0x27, 0x22, 0xff, 0x2d, 0x28, 0x23, 0xff, 0x2d, 0x27, 0x22, 0xff,
    0x2c, 0x27, 0x21, 0xff, 0x2d, 0x27, 0x22, 0xff, 0x2c, 0x27, 0x22, 0xff, 0x2e, 0x28, 0x23, 0xff,
    0x32, 0x2b, 0x25, 0xff, 0x37, 0x30, 0x2a, 0xff, 0x42, 0x39, 0x34, 0xff, 0x45, 0x3d, 0x38, 0xf1,
    0x46, 0x3c, 0x36, 0x83, 0x33, 0x00, 0x00, 0x05, 0x00, 0x00, 0x00, 0x00, 0x00, 0x00, 0x00, 0x00,
    0x00, 0x00, 0x00, 0x00, 0x00, 0x00, 0x00, 0x00, 0x00, 0x00, 0x00, 0x00, 0x00, 0x00, 0x00, 0x00,
    0x00, 0x00, 0x00, 0x00, 0x00, 0x00, 0x00, 0x00, 0x00, 0x00, 0x00, 0x00, 0x00, 0x00, 0x00, 0x00,
    0x00, 0x00, 0x00, 0x00, 0x4c, 0x3f, 0x3f, 0x14, 0x64, 0x58, 0x51, 0xc0, 0x5b, 0x50, 0x48, 0xff,
    0x37, 0x2f, 0x2a, 0xff, 0x2b, 0x25, 0x20, 0xfc, 0x2c, 0x27, 0x22, 0xfc, 0x2f, 0x29, 0x23, 0xfc,
    0x30, 0x29, 0x23, 0xfc, 0x30, 0x29, 0x23, 0xfd, 0x2d, 0x27, 0x24, 0xfc, 0x2f, 0x29, 0x24, 0xfc,
    0x2f, 0x2a, 0x24, 0xfc, 0x2f, 0x29, 0x23, 0xfc, 0x30, 0x2a, 0x24, 0xfc, 0x2f, 0x29, 0x23, 0xfc,
    0x2e, 0x26, 0x20, 0xfc, 0x2f, 0x28, 0x22, 0xfc, 0x2f, 0x2a, 0x24, 0xfc, 0x2e, 0x28, 0x23, 0xfc,
    0x2e, 0x28, 0x23, 0xfc, 0x2e, 0x28, 0x22, 0xfc, 0x2b, 0x26, 0x22, 0xfc, 0x2b, 0x25, 0x22, 0xfc,
    0x2e, 0x28, 0x22, 0xfc, 0x2d, 0x28, 0x22, 0xfc, 0x2d, 0x27, 0x22, 0xfc, 0x2d, 0x27, 0x22, 0xfc,
    0x2c, 0x25, 0x20, 0xfc, 0x2b, 0x23, 0x1d, 0xfc, 0x2b, 0x25, 0x20, 0xfc, 0x2b, 0x26, 0x20, 0xfc,
    0x2c, 0x25, 0x20, 0xfd, 0x29, 0x24, 0x1f, 0xfc, 0x28, 0x22, 0x1d, 0xfc, 0x2d, 0x27, 0x22, 0xff,
    0x3f, 0x38, 0x32, 0xff, 0x42, 0x38, 0x33, 0xc5, 0x35, 0x2a, 0x2a, 0x18, 0x00, 0x00, 0x00, 0x00,
    0x00, 0x00, 0x00, 0x00, 0x00, 0x00, 0x00, 0x00, 0x00, 0x00, 0x00, 0x00, 0x00, 0x00, 0x00, 0x00,
    0x00, 0x00, 0x00, 0x00, 0x00, 0x00, 0x00, 0x00, 0x00, 0x00, 0x00, 0x00, 0x00, 0x00, 0x00, 0x00,
    0x3a, 0x3a, 0x3a, 0x0d, 0x5d, 0x52, 0x4a, 0xcd, 0x4c, 0x43, 0x3d, 0xff, 0x2c, 0x26, 0x21, 0xfd,
    0x2c, 0x27, 0x21, 0xfc, 0x2e, 0x28, 0x23, 0xfc, 0x2e, 0x28, 0x22, 0xfc, 0x30, 0x29, 0x23, 0xfc,
    0x2f, 0x29, 0x24, 0xfc, 0x25, 0x1d, 0x1f, 0xfd, 0x2f, 0x28, 0x21, 0xfc, 0x25, 0x1f, 0x23, 0xfc,
    0x2c, 0x26, 0x24, 0xfc, 0x30, 0x2a, 0x23, 0xfc, 0x30, 0x2a, 0x24, 0xfc, 0x2c, 0x20, 0x19, 0xfc,
    0x2e, 0x29, 0x24, 0xfc, 0x2f, 0x23, 0x1d, 0xfc, 0x2e, 0x24, 0x1d, 0xfc, 0x2e, 0x29, 0x23, 0xfc,
    0x2f, 0x29, 0x22, 0xfc, 0x27, 0x21, 0x20, 0xfc, 0x28, 0x21, 0x1f, 0xfc, 0x2a, 0x24, 0x22, 0xfc,
    0x24, 0x1e, 0x23, 0xfc, 0x2f, 0x29, 0x22, 0xfc, 0x2d, 0x28, 0x22, 0xfc, 0x2c, 0x23, 0x1d, 0xfc,
    0x28, 0x1e, 0x19, 0xfc, 0x2c, 0x28, 0x23, 0xfc, 0x2b, 0x1c, 0x16, 0xfc, 0x2b, 0x25, 0x21, 0xfc,
    0x2a, 0x25, 0x20, 0xfc, 0x2a, 0x25, 0x1f, 0xfc, 0x2a, 0x23, 0x1e, 0xfc, 0x29, 0x22, 0x1d, 0xfc,
    0x28, 0x22, 0x1d, 0xfc, 0x37, 0x2f, 0x2a, 0xff, 0x3b, 0x32, 0x2c, 0xd2, 0x36, 0x24, 0x24, 0x0e,
    0x00, 0x00, 0x00, 0x00, 0x00, 0x00, 0x00, 0x01, 0x00, 0x00, 0x00, 0x01, 0x00, 0x00, 0x00, 0x00,
    0x00, 0x00, 0x00, 0x00, 0x00, 0x00, 0x00, 0x00, 0x00, 0x00, 0x00, 0x00, 0x00, 0x00, 0x00, 0x00,
    0x58, 0x4e, 0x47, 0xa5, 0x4e, 0x44, 0x3d, 0xff, 0x2a, 0x25, 0x20, 0xfc, 0x2d, 0x28, 0x22, 0xfc,
    0x2e, 0x28, 0x23, 0xfc, 0x2e, 0x28, 0x23, 0xfc, 0x2e, 0x28, 0x22, 0xfc, 0x2d, 0x27, 0x21, 0xfc,
    0x25, 0x1d, 0x1d, 0xfd, 0x88, 0x83, 0x32, 0xfd, 0xdc, 0xdb, 0x26, 0xfd, 0xad, 0xa9, 0x0e, 0xfd,
    0x2f, 0x28, 0x1c, 0xfd, 0x2b, 0x26, 0x22, 0xfc, 0x2b, 0x1f, 0x18, 0xfc, 0x42, 0x6a, 0x6b, 0xfd,
    0x44, 0xd0, 0xda, 0xfd, 0x25, 0xab, 0xc0, 0xfd, 0x27, 0x33, 0x34, 0xfd, 0x2d, 0x23, 0x1d, 0xfc,
    0x25, 0x20, 0x1f, 0xfc, 0x48, 0x41, 0x25, 0xfd, 0xcb, 0xc9, 0x34, 0xfd, 0xd7, 0xd6, 0x14, 0xfd,
    0x60, 0x5a, 0x14, 0xfc, 0x21, 0x1b, 0x20, 0xfc, 0x2b, 0x23, 0x1d, 0xfc, 0x2c, 0x2c, 0x28, 0xfd,
    0x45, 0xa7, 0xb2, 0xfd, 0x2d, 0xcc, 0xdc, 0xfd, 0x22, 0x6d, 0x7c, 0xfd, 0x28, 0x1c, 0x17, 0xfc,
    0x2a, 0x24, 0x1f, 0xfc, 0x2a, 0x24, 0x1e, 0xfc, 0x2a, 0x23, 0x1e, 0xfc, 0x2a, 0x23, 0x1e, 0xfc,
    0x29, 0x22, 0x1d, 0xfc, 0x27, 0x21, 0x1c, 0xfc, 0x36, 0x2f, 0x29, 0xff, 0x36, 0x2d, 0x28, 0xa8,
    0x00, 0x00, 0x00, 0x00, 0x00, 0x00, 0x00, 0x00, 0x00, 0x00, 0x00, 0x00, 0x00, 0x00, 0x00, 0x00,
    0x00, 0x00, 0x00, 0x00, 0x00, 0x00, 0x00, 0x00, 0x00, 0x00, 0x00, 0x00, 0x52, 0x46, 0x3e, 0x41,
    0x52, 0x48, 0x41, 0xff, 0x2e, 0x28, 0x23, 0xfd, 0x2e, 0x28, 0x22, 0xfc, 0x2e, 0x28, 0x22, 0xfc,
    0x2e, 0x28, 0x22, 0xfc, 0x2f, 0x28, 0x22, 0xfd, 0x2e, 0x28, 0x21, 0xfc, 0x26, 0x20, 0x21, 0xfc,
    0x3f, 0x39, 0x1a, 0xfd, 0xfc, 0xf8, 0x18, 0xfd, 0xfe, 0xfc, 0x02, 0xfc, 0xfe, 0xfe, 0x00, 0xfd,
    0x67, 0x60, 0x0d, 0xfd, 0x1d, 0x15, 0x1d, 0xfc, 0x2a, 0x29, 0x25, 0xfd, 0x38, 0xd0, 0xe7, 0xfd,
    0x16, 0xd9, 0xfe, 0xfc, 0x10, 0xdd, 0xfe, 0xfd, 0x17, 0x6c, 0x89, 0xfd, 0x2a, 0x16, 0x0d, 0xfc,
    0x1b, 0x15, 0x1e, 0xfc, 0xaa, 0xa6, 0x1c, 0xfd, 0xfe, 0xfe, 0x0d, 0xfc, 0xfe, 0xfe, 0x00, 0xfc,
    0xcb, 0xc3, 0x02, 0xfd, 0x1d, 0x16, 0x17, 0xfc, 0x28, 0x16, 0x11, 0xfc, 0x2c, 0x69, 0x72, 0xfd,
    0x26, 0xea, 0xfe, 0xfc, 0x09, 0xcd, 0xfe, 0xfd, 0x10, 0xc0, 0xf8, 0xfd, 0x1c, 0x26, 0x2a, 0xfd,
    0x2b, 0x1f, 0x18, 0xfc, 0x2a, 0x24, 0x1e, 0xfc, 0x2a, 0x23, 0x1e, 0xfc, 0x29, 0x21, 0x1d, 0xfb,
    0x29, 0x22, 0x1c, 0xfc, 0x29, 0x21, 0x1c, 0xfc, 0x29, 0x22, 0x1d, 0xfd, 0x37, 0x2f, 0x29, 0xff,
    0x31, 0x29, 0x22, 0x43, 0x00, 0x00, 0x00, 0x00, 0x00, 0x00, 0x00, 0x00, 0x00, 0x00, 0x00, 0x00,
    0x00, 0x00, 0x00, 0x00, 0x00, 0x00, 0x00, 0x00, 0x00, 0x00, 0x00, 0x00, 0x4f, 0x45, 0x3e, 0xb4,
    0x40, 0x38, 0x32, 0xff, 0x2b, 0x26, 0x21, 0xfc, 0x2e, 0x28, 0x22, 0xfc, 0x2d, 0x27, 0x22, 0xfc,
    0x2d, 0x27, 0x21, 0xfc, 0x2f, 0x27, 0x21, 0xfd, 0x2f, 0x28, 0x21, 0xfc, 0x27, 0x1f, 0x21, 0xfd,
    0x49, 0x42, 0x17, 0xfd, 0xf7, 0xf2, 0x03, 0xfd, 0xf6, 0xeb, 0x01, 0xfb, 0xfe, 0xf7, 0x00, 0xfc,
    0x6b, 0x63, 0x06, 0xfd, 0x18, 0x0e, 0x17, 0xfc, 0x2a, 0x30, 0x2d, 0xfd, 0x1f, 0xc8, 0xe9, 0xfc,
    0x09, 0xc4, 0xfe, 0xfc, 0x07, 0xc9, 0xfe, 0xfc, 0x0e, 0x6a, 0x91, 0xfd, 0x25, 0x11, 0x07, 0xfc,
    0x1c, 0x16, 0x1e, 0xfc, 0xb4, 0xaf, 0x09, 0xfd, 0xfe, 0xfa, 0x00, 0xfc, 0xfb, 0xef, 0x02, 0xfc,
    0xc9, 0xc0, 0x00, 0xfd, 0x1b, 0x14, 0x10, 0xfd, 0x27, 0x13, 0x0e, 0xfc, 0x22, 0x70, 0x80, 0xfd,
    0x0f, 0xd3, 0xfe, 0xfc, 0x04, 0xba, 0xfe, 0xfc, 0x07, 0xb3, 0xf6, 0xfd, 0x14, 0x26, 0x2e, 0xfd,
    0x28, 0x1b, 0x14, 0xfd, 0x2b, 0x23, 0x1e, 0xfc, 0x29, 0x22, 0x1d, 0xfc, 0x28, 0x21, 0x1c, 0xfb,
    0x29, 0x22, 0x1d, 0xfc, 0x29, 0x21, 0x1c, 0xfc, 0x28, 0x21, 0x1c, 0xfc, 0x30, 0x29, 0x23, 0xff,
    0x32, 0x2b, 0x25, 0xb6, 0x00, 0x00, 0x00, 0x00, 0x00, 0x00, 0x00, 0x00, 0x00, 0x00, 0x00, 0x00,
    0x00, 0x00, 0x00, 0x00, 0x00, 0x00, 0x00, 0x00, 0x42, 0x37, 0x37, 0x17, 0x48, 0x3e, 0x38, 0xf4,
    0x30, 0x2a, 0x25, 0xff, 0x2d, 0x27, 0x22, 0xfc, 0x2d, 0x28, 0x22, 0xfc, 0x2c, 0x27, 0x21, 0xfc,
    0x2c, 0x26, 0x20, 0xfc, 0x2d, 0x27, 0x20, 0xfc, 0x2e, 0x27, 0x1f, 0xfd, 0x27, 0x1f, 0x20, 0xfd,
    0x44, 0x3f, 0x12, 0xfd, 0xfa, 0xf5, 0x00, 0xfd, 0xf9, 0xee, 0x00, 0xfc, 0xfe, 0xfa, 0x00, 0xfd,
    0x68, 0x61, 0x03, 0xfd, 0x18, 0x0d, 0x17, 0xfd, 0x26, 0x2c, 0x29, 0xfc, 0x14, 0xc4, 0xee, 0xfc,
    0x00, 0xc1, 0xfe, 0xfc, 0x00, 0xc6, 0xfe, 0xfc, 0x08, 0x65, 0x94, 0xfd, 0x24, 0x0f, 0x04, 0xfc,
    0x1a, 0x13, 0x1d, 0xfc, 0xb3, 0xae, 0x02, 0xfd, 0xfe, 0xfe, 0x00, 0xfc, 0xfe, 0xf2, 0x00, 0xfc,
    0xca, 0xc0, 0x00, 0xfd, 0x18, 0x12, 0x0e, 0xfd, 0x28, 0x12, 0x0c, 0xfd, 0x1a, 0x6c, 0x7d, 0xfd,
    0x04, 0xd2, 0xfe, 0xfd, 0x00, 0xb6, 0xfe, 0xfc, 0x00, 0xaf, 0xfe, 0xfd, 0x12, 0x22, 0x2b, 0xfd,
    0x27, 0x1a, 0x12, 0xfc, 0x29, 0x22, 0x1d, 0xfc, 0x29, 0x22, 0x1c, 0xfc, 0x28, 0x21, 0x1c, 0xfc,
    0x29, 0x22, 0x1c, 0xfc, 0x28, 0x21, 0x1b, 0xfc, 0x27, 0x20, 0x1b, 0xfc, 0x29, 0x22, 0x1d, 0xff,
    0x2f, 0x28, 0x23, 0xf5, 0x21, 0x21, 0x16, 0x17, 0x00, 0x00, 0x00, 0x00, 0x00, 0x00, 0x00, 0x00,
    0x00, 0x00, 0x00, 0x00, 0x00, 0x00, 0x00, 0x00, 0x45, 0x3b, 0x37, 0x49, 0x44, 0x3c, 0x35, 0xff,
    0x2c, 0x27, 0x22, 0xfd, 0x2d, 0x28, 0x22, 0xfc, 0x2c, 0x27, 0x21, 0xfc, 0x2c, 0x26, 0x20, 0xfc,
    0x2d, 0x27, 0x20, 0xfc, 0x2e, 0x28, 0x20, 0xfc, 0x2e, 0x27, 0x1e, 0xfd, 0x25, 0x1d, 0x1c, 0xfd,
    0x4c, 0x44, 0x22, 0xfd, 0xd5, 0xcb, 0x26, 0xfd, 0xc5, 0xb8, 0x1e, 0xfd, 0xcd, 0xc0, 0x1c, 0xfd,
    0x59, 0x50, 0x13, 0xfd, 0x18, 0x0f, 0x13, 0xfd, 0x30, 0x2f, 0x2b, 0xfd, 0x39, 0xa4, 0xc5, 0xfd,
    0x24, 0x95, 0xcd, 0xfd, 0x22, 0x95, 0xcc, 0xfd, 0x1e, 0x52, 0x73, 0xfd, 0x22, 0x12, 0x08, 0xfc,
    0x1f, 0x18, 0x1c, 0xfc, 0xa3, 0x99, 0x25, 0xfd, 0xd2, 0xc4, 0x1e, 0xfd, 0xc5, 0xb7, 0x1b, 0xfd,
    0xa0, 0x94, 0x17, 0xfd, 0x1c, 0x15, 0x11, 0xfd, 0x24, 0x14, 0x0d, 0xfd, 0x36, 0x64, 0x6f, 0xfd,
    0x2d, 0xa8, 0xd2, 0xfd, 0x22, 0x8b, 0xcb, 0xfd, 0x1f, 0x85, 0xc1, 0xfd, 0x1b, 0x22, 0x27, 0xfd,
    0x23, 0x19, 0x12, 0xfc, 0x29, 0x22, 0x1c, 0xfc, 0x29, 0x22, 0x1c, 0xfc, 0x29, 0x22, 0x1c, 0xfc,
    0x28, 0x21, 0x1b, 0xfc, 0x27, 0x20, 0x1b, 0xfc, 0x27, 0x20, 0x1b, 0xfc, 0x26, 0x1f, 0x1b, 0xfd,
    0x2e, 0x27, 0x22, 0xff, 0x29, 0x22, 0x1f, 0x49, 0x00, 0x00, 0x00, 0x00, 0x00, 0x00, 0x00, 0x00,
    0x00, 0x00, 0x00, 0x00, 0x00, 0x00, 0x00, 0x00, 0x43, 0x3c, 0x35, 0x69, 0x41, 0x39, 0x33, 0xff,
    0x2c, 0x27, 0x21, 0xfc, 0x2e, 0x28, 0x22, 0xfc, 0x2d, 0x28, 0x21, 0xfc, 0x2e, 0x28, 0x21, 0xfc,
    0x2d, 0x27, 0x20, 0xfc, 0x22, 0x1a, 0x1d, 0xfd, 0x1e, 0x16, 0x1e, 0xfd, 0x16, 0x11, 0x17, 0xfc,
    0x44, 0x37, 0x3b, 0xfd, 0x4f, 0x41, 0x4d, 0xfd, 0x30, 0x26, 0x35, 0xfd, 0x32, 0x26, 0x36, 0xfd,
    0x24, 0x1a, 0x23, 0xfd, 0x09, 0x03, 0x0a, 0xfc, 0x32, 0x27, 0x2b, 0xfd, 0x5e, 0x46, 0x44, 0xfd,
    0x3d, 0x27, 0x27, 0xfd, 0x3c, 0x25, 0x26, 0xfd, 0x31, 0x20, 0x22, 0xfd, 0x0c, 0x07, 0x0f, 0xfd,
    0x1e, 0x17, 0x1c, 0xfd, 0x56, 0x47, 0x50, 0xfd, 0x34, 0x29, 0x39, 0xfd, 0x2e, 0x22, 0x32, 0xfd,
    0x2e, 0x23, 0x30, 0xfd, 0x12, 0x0b, 0x12, 0xfd, 0x0d, 0x08, 0x11, 0xfc, 0x52, 0x3f, 0x40, 0xfd,
    0x49, 0x31, 0x32, 0xfd, 0x39, 0x23, 0x23, 0xfd, 0x39, 0x24, 0x24, 0xfd, 0x1b, 0x12, 0x19, 0xfd,
    0x0e, 0x08, 0x11, 0xfc, 0x17, 0x10, 0x1a, 0xfc, 0x1c, 0x14, 0x1c, 0xfc, 0x29, 0x21, 0x1c, 0xfc,
    0x28, 0x21, 0x1b, 0xfc, 0x27, 0x20, 0x1b, 0xfc, 0x27, 0x20, 0x1b, 0xfc, 0x26, 0x1f, 0x1a, 0xfc,
    0x2e, 0x27, 0x22, 0xff, 0x2b, 0x24, 0x1f, 0x6a, 0x00, 0x00, 0x00, 0x00, 0x00, 0x00, 0x00, 0x00,
    0x00, 0x00, 0x00, 0x00, 0x00, 0x00, 0x00, 0x00, 0x42, 0x3a, 0x36, 0x7a, 0x40, 0x38, 0x32, 0xff,
    0x2c, 0x27, 0x21, 0xfc, 0x2d, 0x27, 0x21, 0xfc, 0x2d, 0x27, 0x21, 0xfc, 0x2a, 0x25, 0x20, 0xfc,
    0x20, 0x19, 0x1d, 0xfd, 0x62, 0x5c, 0x26, 0xfd, 0xa8, 0xa5, 0x20, 0xfd, 0xb6, 0xb1, 0x17, 0xfd,
    0xc0, 0xba, 0x20, 0xfd, 0xc0, 0xba, 0x22, 0xfd, 0xb9, 0xb4, 0x1c, 0xfd, 0xba, 0xb5, 0x1d, 0xfd,
    0xb7, 0xb1, 0x1a, 0xfd, 0xb0, 0xab, 0x14, 0xfd, 0xba, 0xb4, 0x1c, 0xfd, 0xc3, 0xbc, 0x25, 0xfd,
    0xba, 0xb4, 0x1c, 0xfd, 0xba, 0xb3, 0x1b, 0xfd, 0xb9, 0xb3, 0x1c, 0xfd, 0xb0, 0xab, 0x15, 0xfd,
    0xb5, 0xb0, 0x19, 0xfd, 0xc2, 0xbc, 0x24, 0xfd, 0xba, 0xb4, 0x1c, 0xfd, 0xb9, 0xb2, 0x1a, 0xfd,
    0xb9, 0xb3, 0x1a, 0xfd, 0xb2, 0xad, 0x15, 0xfd, 0xb0, 0xab, 0x15, 0xfd, 0xc0, 0xba, 0x22, 0xfd,
    0xbc, 0xb5, 0x1c, 0xfd, 0xb8, 0xb2, 0x19, 0xfd, 0xb9, 0xb3, 0x19, 0xfd, 0xb4, 0xaf, 0x13, 0xfd,
    0xb1, 0xad, 0x11, 0xfd, 0xa5, 0xa2, 0x13, 0xfd, 0x5d, 0x58, 0x14, 0xfd, 0x19, 0x12, 0x19, 0xfc,
    0x25, 0x1d, 0x1a, 0xfc, 0x27, 0x20, 0x1b, 0xfc, 0x27, 0x20, 0x1b, 0xfc, 0x26, 0x1f, 0x1a, 0xfc,
    0x2d, 0x26, 0x21, 0xff, 0x29, 0x25, 0x1f, 0x7a, 0x00, 0x00, 0x00, 0x00, 0x00, 0x00, 0x00, 0x00,
    0x00, 0x00, 0x00, 0x00, 0x00, 0x00, 0x00, 0x00, 0x41, 0x39, 0x35, 0x7d, 0x3f, 0x37, 0x32, 0xff,
    0x2c, 0x27, 0x21, 0xfc, 0x2d, 0x27, 0x21, 0xfc, 0x2b, 0x25, 0x1f, 0xfc, 0x1f, 0x18, 0x1c, 0xfc,
    0x97, 0x92, 0x26, 0xfd, 0xfe, 0xfe, 0x19, 0xfd, 0xfe, 0xfe, 0x03, 0xfd, 0xfe, 0xfe, 0x00, 0xfd,
    0xfe, 0xfe, 0x00, 0xfc, 0xfe, 0xfd, 0x00, 0xfc, 0xfe, 0xfe, 0x00, 0xfc, 0xfe, 0xfd, 0x00, 0xfc,
    0xfe, 0xfd, 0x00, 0xfc, 0xfe, 0xfe, 0x00, 0xfc, 0xfe, 0xfc, 0x00, 0xfc, 0xfe, 0xfa, 0x00, 0xfc,
    0xfe, 0xfc, 0x00, 0xfc, 0xfe, 0xfa, 0x00, 0xfc, 0xfe, 0xfb, 0x00, 0xfc, 0xfe, 0xfc, 0x00, 0xfc,
    0xfe, 0xfb, 0x00, 0xfc, 0xfe, 0xf8, 0x00, 0xfc, 0xfe, 0xfa, 0x00, 0xfc, 0xfe, 0xfa, 0x00, 0xfc,
    0xfe, 0xfa, 0x00, 0xfc, 0xfe, 0xfb, 0x00, 0xfc, 0xfe, 0xfb, 0x00, 0xfc, 0xfe, 0xf8, 0x00, 0xfc,
    0xfe, 0xf9, 0x00, 0xfc, 0xfe, 0xf9, 0x00, 0xfc, 0xfe, 0xf8, 0x00, 0xfc, 0xfe, 0xfa, 0x00, 0xfc,
    0xfe, 0xfa, 0x00, 0xfc, 0xfe, 0xfe, 0x01, 0xfc, 0xfe, 0xfe, 0x05, 0xfd, 0x92, 0x8d, 0x0b, 0xfd,
    0x17, 0x10, 0x17, 0xfc, 0x25, 0x1f, 0x1a, 0xfb, 0x25, 0x1f, 0x1a, 0xfc, 0x25, 0x1e, 0x19, 0xfc,
    0x2d, 0x26, 0x20, 0xff, 0x28, 0x24, 0x1e, 0x7d, 0x00, 0x00, 0x00, 0x00, 0x00, 0x00, 0x00, 0x00,
    0x00, 0x00, 0x00, 0x00, 0x00, 0x00, 0x00, 0x00, 0x3f, 0x37, 0x32, 0x7d, 0x3d, 0x36, 0x30, 0xff,
    0x2c, 0x26, 0x21, 0xfc, 0x2c, 0x27, 0x20, 0xfc, 0x1d, 0x17, 0x1e, 0xfc, 0x64, 0x5f, 0x1b, 0xfd,
    0xfe, 0xfe, 0x0f, 0xfd, 0xe4, 0xdc, 0x00, 0xfd, 0x5f, 0x55, 0x07, 0xfd, 0x4b, 0x42, 0x11, 0xfd,
    0x5a, 0x51, 0x0f, 0xfd, 0x5a, 0x50, 0x0f, 0xfd, 0x5a, 0x50, 0x0f, 0xfd, 0x5b, 0x51, 0x10, 0xfd,
    0x5a, 0x50, 0x10, 0xfd, 0x5a, 0x50, 0x0f, 0xfd, 0x5b, 0x51, 0x10, 0xfd, 0x5b, 0x50, 0x10, 0xfd,
    0x5b, 0x50, 0x10, 0xfd, 0x5a, 0x50, 0x10, 0xfd, 0x5a, 0x50, 0x0f, 0xfd, 0x5a, 0x4f, 0x0f, 0xfd,
    0x59, 0x4f, 0x0f, 0xfd, 0x59, 0x4f, 0x0e, 0xfd, 0x59, 0x4f, 0x0e, 0xfd, 0x59, 0x4f, 0x0e, 0xfd,
    0x59, 0x4f, 0x0e, 0xfd, 0x58, 0x4e, 0x0e, 0xfd, 0x58, 0x4e, 0x0e, 0xfd, 0x58, 0x4e, 0x0e, 0xfd,
    0x58, 0x4e, 0x0e, 0xfd, 0x57, 0x4e, 0x0e, 0xfd, 0x57, 0x4c, 0x0e, 0xfd, 0x57, 0x4d, 0x0e, 0xfd,
    0x46, 0x3d, 0x0e, 0xfd, 0x5e, 0x54, 0x08, 0xfd, 0xe3, 0xd8, 0x00, 0xfd, 0xfe, 0xfe, 0x00, 0xfd,
    0x5e, 0x57, 0x0a, 0xfd, 0x15, 0x0f, 0x18, 0xfc, 0x24, 0x1f, 0x1a, 0xfb, 0x25, 0x1e, 0x19, 0xfc,
    0x2c, 0x25, 0x20, 0xff, 0x29, 0x25, 0x1e, 0x7c, 0x00, 0x00, 0x00, 0x00, 0x00, 0x00, 0x00, 0x00,
    0x00, 0x00, 0x00, 0x00, 0x00, 0x00, 0x00, 0x00, 0x3d, 0x35, 0x31, 0x7c, 0x3c, 0x34, 0x2f, 0xff,
    0x2c, 0x26, 0x21, 0xfc, 0x2b, 0x25, 0x20, 0xfc, 0x1b, 0x14, 0x1d, 0xfc, 0xb7, 0xb2, 0x0c, 0xfd,
    0xfe, 0xfe, 0x00, 0xfc, 0x59, 0x4f, 0x07, 0xfd, 0x7c, 0x74, 0x1c, 0xfd, 0x84, 0x79, 0x1c, 0xfd,
    0x2e, 0x23, 0x30, 0xfd, 0x3b, 0x30, 0x31, 0xfd, 0x3b, 0x30, 0x31, 0xfd, 0x3c, 0x31, 0x31, 0xfd,
    0x3c, 0x31, 0x31, 0xfd, 0x3b, 0x30, 0x30, 0xfd, 0x3b, 0x30, 0x30, 0xfd, 0x3d, 0x32, 0x31, 0xfd,
    0x3e, 0x32, 0x31, 0xfd, 0x3c, 0x31, 0x30, 0xfd, 0x3a, 0x2f, 0x2f, 0xfd, 0x39, 0x2e, 0x2e, 0xfd,
    0x39, 0x2e, 0x2e, 0xfd, 0x39, 0x2f, 0x2e, 0xfd, 0x3a, 0x2f, 0x30, 0xfd, 0x39, 0x2e, 0x2f, 0xfd,
    0x39, 0x2d, 0x2d, 0xfd, 0x38, 0x2c, 0x2c, 0xfd, 0x38, 0x2c, 0x2d, 0xfd, 0x38, 0x2e, 0x2d, 0xfd,
    0x38, 0x2d, 0x2d, 0xfd, 0x39, 0x2d, 0x2e, 0xfd, 0x38, 0x2c, 0x2d, 0xfd, 0x29, 0x1d, 0x2a, 0xfc,
    0x81, 0x76, 0x1f, 0xfd, 0x75, 0x6c, 0x10, 0xfd, 0x5c, 0x52, 0x08, 0xfd, 0xfe, 0xfd, 0x00, 0xfd,
    0xad, 0xa4, 0x02, 0xfd, 0x0f, 0x09, 0x12, 0xfc, 0x25, 0x1e, 0x19, 0xfc, 0x25, 0x1e, 0x19, 0xfc,
    0x2c, 0x25, 0x1f, 0xff, 0x28, 0x22, 0x1e, 0x7d, 0x00, 0x00, 0x00, 0x00, 0x00, 0x00, 0x00, 0x00,
    0x00, 0x00, 0x00, 0x00, 0x00, 0x00, 0x00, 0x00, 0x3d, 0x35, 0x31, 0x7c, 0x3b, 0x34, 0x2f, 0xff,
    0x2c, 0x26, 0x20, 0xfc, 0x2a, 0x25, 0x20, 0xfc, 0x21, 0x1a, 0x1b, 0xfc, 0xca, 0xc4, 0x05, 0xfd,
    0xfe, 0xf5, 0x00, 0xfd, 0x3d, 0x33, 0x11, 0xfd, 0x97, 0x8e, 0x0e, 0xfd, 0x88, 0x7e, 0x0d, 0xfd,
    0x30, 0x26, 0x2a, 0xfd, 0x2e, 0x22, 0x1c, 0xfc, 0x2d, 0x22, 0x1f, 0xfc, 0x3c, 0x32, 0x2b, 0xfd,
    0x43, 0x39, 0x2d, 0xfd, 0x41, 0x37, 0x2b, 0xfd, 0x42, 0x38, 0x2c, 0xfd, 0x3e, 0x34, 0x28, 0xfd,
    0x3b, 0x30, 0x25, 0xfc, 0x3d, 0x31, 0x27, 0xfc, 0x40, 0x34, 0x2b, 0xfc, 0x3e, 0x33, 0x29, 0xfc,
    0x3f, 0x33, 0x2a, 0xfc, 0x3f, 0x35, 0x2b, 0xfd, 0x30, 0x26, 0x1d, 0xfd, 0x2b, 0x20, 0x1b, 0xfd,
    0x35, 0x2a, 0x25, 0xfc, 0x40, 0x35, 0x2b, 0xfc, 0x3e, 0x33, 0x29, 0xfc, 0x3f, 0x35, 0x2a, 0xfc,
    0x3f, 0x34, 0x29, 0xfd, 0x39, 0x2d, 0x24, 0xfc, 0x38, 0x2d, 0x23, 0xfd, 0x30, 0x24, 0x27, 0xfd,
    0x8a, 0x80, 0x0f, 0xfd, 0x8b, 0x81, 0x09, 0xfd, 0x3e, 0x34, 0x0e, 0xfd, 0xfe, 0xf1, 0x00, 0xfd,
    0xbc, 0xb3, 0x01, 0xfd, 0x10, 0x0b, 0x0d, 0xfc, 0x23, 0x1c, 0x18, 0xfc, 0x24, 0x1e, 0x19, 0xfb,
    0x2b, 0x24, 0x1f, 0xff, 0x29, 0x22, 0x1e, 0x7c, 0x00, 0x00, 0x00, 0x00, 0x00, 0x00, 0x00, 0x00,
    0x00, 0x00, 0x00, 0x00, 0x00, 0x00, 0x00, 0x00, 0x3b, 0x35, 0x2e, 0x7d, 0x3a, 0x33, 0x2d, 0xff,
    0x2b, 0x26, 0x20, 0xfc, 0x2a, 0x25, 0x20, 0xfc, 0x20, 0x19, 0x1b, 0xfc, 0xc8, 0xc1, 0x05, 0xfd,
    0xfe, 0xf4, 0x00, 0xfd, 0x4b, 0x41, 0x10, 0xfd, 0x29, 0x1e, 0x2b, 0xfc, 0x2c, 0x22, 0x23, 0xfd,
    0x42, 0x3a, 0x12, 0xfd, 0x93, 0x8f, 0x1c, 0xfd, 0x8e, 0x8a, 0x0a, 0xfd, 0x3d, 0x35, 0x0d, 0xfd,
    0x3b, 0x31, 0x28, 0xfd, 0x43, 0x38, 0x2d, 0xfc, 0x39, 0x2f, 0x24, 0xfd, 0x23, 0x1a, 0x13, 0xfd,
    0x17, 0x11, 0x0c, 0xfd, 0x20, 0x18, 0x10, 0xfd, 0x34, 0x29, 0x20, 0xfd, 0x3f, 0x34, 0x2a, 0xfc,
    0x3d, 0x32, 0x29, 0xfc, 0x32, 0x29, 0x12, 0xfd, 0x78, 0x73, 0x1a, 0xfd, 0x9b, 0x97, 0x13, 0xfd,
    0x56, 0x4f, 0x06, 0xfd, 0x32, 0x29, 0x1e, 0xfd, 0x41, 0x36, 0x2c, 0xfc, 0x3d, 0x31, 0x28, 0xfc,
    0x2a, 0x21, 0x18, 0xfd, 0x17, 0x10, 0x0b, 0xfd, 0x18, 0x12, 0x0c, 0xfd, 0x2c, 0x22, 0x19, 0xfd,
    0x2d, 0x22, 0x23, 0xfc, 0x21, 0x17, 0x24, 0xfc, 0x4c, 0x42, 0x0d, 0xfd, 0xfd, 0xf0, 0x00, 0xfd,
    0xb9, 0xb0, 0x01, 0xfd, 0x0e, 0x09, 0x0b, 0xfd, 0x22, 0x1c, 0x17, 0xfc, 0x25, 0x1e, 0x19, 0xfc,
    0x2b, 0x24, 0x1f, 0xff, 0x28, 0x22, 0x1e, 0x7d, 0x00, 0x00, 0x00, 0x00, 0x00, 0x00, 0x00, 0x00,
    0x00, 0x00, 0x00, 0x00, 0x00, 0x00, 0x00, 0x00, 0x3b, 0x32, 0x2e, 0x7d, 0x39, 0x32, 0x2d, 0xff,
    0x2b, 0x25, 0x20, 0xfc, 0x2a, 0x24, 0x1f, 0xfc, 0x20, 0x19, 0x1b, 0xfc, 0xc7, 0xc1, 0x05, 0xfd,
    0xfe, 0xf4, 0x00, 0xfd, 0x4b, 0x41, 0x10, 0xfd, 0x36, 0x2b, 0x2e, 0xfd, 0x34, 0x2b, 0x10, 0xfd,
    0xc4, 0xbf, 0x1d, 0xfd, 0xfe, 0xfe, 0x17, 0xfc, 0xfe, 0xfe, 0x06, 0xfc, 0xb8, 0xb3, 0x00, 0xfd,
    0x33, 0x29, 0x14, 0xfd, 0x3f, 0x33, 0x2c, 0xfc, 0x28, 0x1e, 0x16, 0xfd, 0x0e, 0x0a, 0x06, 0xfd,
    0x13, 0x0e, 0x0a, 0xfc, 0x12, 0x0d, 0x0a, 0xfd, 0x24, 0x1b, 0x14, 0xfd, 0x3d, 0x31, 0x28, 0xfd,
    0x2f, 0x25, 0x1a, 0xfd, 0x84, 0x7e, 0x13, 0xfd, 0xfe, 0xfe, 0x23, 0xfd, 0xfe, 0xfe, 0x09, 0xfc,
    0xee, 0xe9, 0x02, 0xfd, 0x4c, 0x44, 0x06, 0xfd, 0x38, 0x2d, 0x29, 0xfc, 0x32, 0x28, 0x1f, 0xfc,
    0x13, 0x0d, 0x09, 0xfd, 0x0f, 0x0b, 0x07, 0xfd, 0x11, 0x0c, 0x09, 0xfd, 0x1a, 0x13, 0x0e, 0xfd,
    0x32, 0x28, 0x20, 0xfd, 0x2f, 0x25, 0x28, 0xfc, 0x4c, 0x43, 0x0e, 0xfd, 0xfc, 0xf0, 0x00, 0xfd,
    0xb8, 0xae, 0x01, 0xfd, 0x0e, 0x08, 0x0b, 0xfc, 0x22, 0x1b, 0x17, 0xfc, 0x24, 0x1e, 0x18, 0xfc,
    0x2b, 0x24, 0x1e, 0xff, 0x29, 0x22, 0x1c, 0x7c, 0x00, 0x00, 0x00, 0x00, 0x00, 0x00, 0x00, 0x00,
    0x00, 0x00, 0x00, 0x00, 0x00, 0x00, 0x00, 0x00, 0x3b, 0x32, 0x2c, 0x7d, 0x38, 0x31, 0x2c, 0xff,
    0x2a, 0x25, 0x1f, 0xfc, 0x2a, 0x24, 0x1f, 0xfc, 0x20, 0x19, 0x1a, 0xfc, 0xc7, 0xc0, 0x05, 0xfd,
    0xfe, 0xf4, 0x00, 0xfc, 0x4b, 0x41, 0x10, 0xfd, 0x30, 0x25, 0x2c, 0xfc, 0x4a, 0x42, 0x0e, 0xfd,
    0xf8, 0xf2, 0x05, 0xfd, 0xf8, 0xed, 0x00, 0xfb, 0xf8, 0xec, 0x02, 0xfb, 0xec, 0xe3, 0x00, 0xfd,
    0x43, 0x39, 0x0f, 0xfd, 0x3a, 0x2e, 0x2a, 0xfc, 0x24, 0x1c, 0x14, 0xfd, 0x1c, 0x15, 0x0f, 0xfc,
    0x2d, 0x21, 0x19, 0xfc, 0x24, 0x1c, 0x16, 0xfc, 0x26, 0x1e, 0x17, 0xfd, 0x3a, 0x2f, 0x28, 0xfd,
    0x2f, 0x25, 0x17, 0xfd, 0xc4, 0xbf, 0x06, 0xfd, 0xfe, 0xfc, 0x00, 0xfc, 0xef, 0xe3, 0x00, 0xfb,
    0xfe, 0xfd, 0x01, 0xfc, 0x76, 0x6e, 0x03, 0xfd, 0x30, 0x24, 0x24, 0xfc, 0x2f, 0x25, 0x1d, 0xfc,
    0x17, 0x11, 0x0c, 0xfc, 0x27, 0x1c, 0x15, 0xfd, 0x29, 0x1f, 0x18, 0xfc, 0x21, 0x1a, 0x14, 0xfc,
    0x34, 0x29, 0x21, 0xfd, 0x2e, 0x24, 0x27, 0xfc, 0x4d, 0x43, 0x0e, 0xfd, 0xfd, 0xf0, 0x00, 0xfd,
    0xb7, 0xad, 0x01, 0xfd, 0x0e, 0x08, 0x0b, 0xfd, 0x21, 0x1b, 0x16, 0xfc, 0x23, 0x1d, 0x18, 0xfb,
    0x2a, 0x24, 0x1e, 0xff, 0x28, 0x22, 0x1c, 0x7d, 0x00, 0x00, 0x00, 0x00, 0x00, 0x00, 0x00, 0x00,
    0x00, 0x00, 0x00, 0x00, 0x00, 0x00, 0x00, 0x00, 0x39, 0x30, 0x2c, 0x7d, 0x37, 0x30, 0x2b, 0xff,
    0x29, 0x24, 0x1e, 0xfc, 0x29, 0x23, 0x1e, 0xfc, 0x20, 0x19, 0x1a, 0xfc, 0xc7, 0xc0, 0x05, 0xfd,
    0xfc, 0xf2, 0x00, 0xfd, 0x4b, 0x41, 0x10, 0xfd, 0x33, 0x28, 0x2c, 0xfc, 0x32, 0x29, 0x0f, 0xfd,
    0xb8, 0xb1, 0x00, 0xfd, 0xfe, 0xf8, 0x03, 0xfc, 0xfe, 0xf6, 0x03, 0xfc, 0xa6, 0x9d, 0x00, 0xfd,
    0x33, 0x2a, 0x11, 0xfd, 0x3c, 0x31, 0x2a, 0xfc, 0x27, 0x1f, 0x17, 0xfc, 0x1c, 0x19, 0x1b, 0xfd,
    0x1e, 0x31, 0x3f, 0xfd, 0x20, 0x20, 0x25, 0xfd, 0x2c, 0x23, 0x1c, 0xfd, 0x3b, 0x30, 0x28, 0xfd,
    0x30, 0x26, 0x19, 0xfd, 0x7e, 0x76, 0x00, 0xfd, 0xfc, 0xf4, 0x02, 0xfc, 0xfc, 0xf1, 0x02, 0xfc,
    0xd9, 0xcf, 0x01, 0xfc, 0x44, 0x3c, 0x04, 0xfd, 0x39, 0x2e, 0x24, 0xfd, 0x31, 0x27, 0x1f, 0xfc,
    0x1b, 0x13, 0x11, 0xfd, 0x1d, 0x29, 0x34, 0xfd, 0x1d, 0x28, 0x32, 0xfd, 0x25, 0x1e, 0x1b, 0xfc,
    0x35, 0x2c, 0x23, 0xfd, 0x2e, 0x24, 0x27, 0xfc, 0x4d, 0x43, 0x0f, 0xfd, 0xfc, 0xef, 0x00, 0xfd,
    0xb7, 0xae, 0x01, 0xfd, 0x0e, 0x08, 0x0b, 0xfc, 0x20, 0x1a, 0x16, 0xfc, 0x22, 0x1d, 0x17, 0xfb,
    0x2a, 0x23, 0x1e, 0xff, 0x27, 0x22, 0x1c, 0x7c, 0x00, 0x00, 0x00, 0x00, 0x00, 0x00, 0x00, 0x00,
    0x00, 0x00, 0x00, 0x00, 0x00, 0x00, 0x00, 0x00, 0x39, 0x30, 0x2c, 0x7d, 0x37, 0x30, 0x2b, 0xff,
    0x29, 0x23, 0x1e, 0xfc, 0x29, 0x22, 0x1e, 0xfc, 0x1f, 0x18, 0x1a, 0xfd, 0xc6, 0xbf, 0x05, 0xfd,
    0xfd, 0xf2, 0x00, 0xfc, 0x4a, 0x40, 0x10, 0xfd, 0x33, 0x28, 0x2b, 0xfc, 0x2d, 0x24, 0x11, 0xfd,
    0x55, 0x4c, 0x00, 0xfd, 0xbd, 0xb2, 0x01, 0xfd, 0xaf, 0xa3, 0x01, 0xfd, 0x44, 0x3c, 0x00, 0xfd,
    0x37, 0x2d, 0x11, 0xfc, 0x3d, 0x31, 0x29, 0xfd, 0x26, 0x18, 0x12, 0xfd, 0x09, 0x62, 0x86, 0xfd,
    0x03, 0xbf, 0xed, 0xfd, 0x04, 0x6f, 0xa4, 0xfd, 0x26, 0x1f, 0x20, 0xfd, 0x3b, 0x2f, 0x27, 0xfd,
    0x3a, 0x30, 0x1c, 0xfd, 0x39, 0x30, 0x01, 0xfd, 0xab, 0x9f, 0x01, 0xfd, 0xb8, 0xad, 0x02, 0xfd,
    0x6b, 0x61, 0x00, 0xfd, 0x30, 0x27, 0x05, 0xfd, 0x3f, 0x33, 0x25, 0xfd, 0x32, 0x22, 0x18, 0xfd,
    0x10, 0x32, 0x44, 0xfd, 0x03, 0xad, 0xe3, 0xfd, 0x01, 0x99, 0xd9, 0xfd, 0x16, 0x2c, 0x3e, 0xfd,
    0x36, 0x29, 0x1f, 0xfd, 0x2f, 0x25, 0x27, 0xfc, 0x4d, 0x43, 0x0f, 0xfd, 0xfc, 0xee, 0x00, 0xfd,
    0xb7, 0xad, 0x01, 0xfd, 0x0e, 0x08, 0x0b, 0xfc, 0x20, 0x1a, 0x16, 0xfc, 0x23, 0x1d, 0x17, 0xfb,
    0x29, 0x22, 0x1d, 0xff, 0x26, 0x20, 0x1c, 0x7d, 0x00, 0x00, 0x00, 0x00, 0x00, 0x00, 0x00, 0x00,
    0x00, 0x00, 0x00, 0x00, 0x00, 0x00, 0x00, 0x00, 0x39, 0x30, 0x2c, 0x7d, 0x37, 0x30, 0x2b, 0xff,
    0x29, 0x23, 0x1d, 0xfc, 0x29, 0x22, 0x1e, 0xfc, 0x1e, 0x17, 0x1a, 0xfd, 0xc6, 0xbf, 0x05, 0xfd,
    0xfd, 0xf3, 0x00, 0xfc, 0x4a, 0x40, 0x10, 0xfd, 0x32, 0x27, 0x2b, 0xfc, 0x32, 0x28, 0x10, 0xfd,
    0x78, 0x6f, 0x00, 0xfd, 0xd1, 0xc4, 0x02, 0xfd, 0xc3, 0xb6, 0x02, 0xfd, 0x6a, 0x61, 0x00, 0xfc,
    0x3d, 0x32, 0x11, 0xfc, 0x3b, 0x2e, 0x27, 0xfd, 0x22, 0x1c, 0x1a, 0xfd, 0x00, 0x90, 0xd2, 0xfd,
    0x00, 0xb9, 0xfe, 0xfc, 0x00, 0x96, 0xed, 0xfc, 0x1e, 0x25, 0x2f, 0xfd, 0x3d, 0x2f, 0x25, 0xfd,
    0x3a, 0x30, 0x1d, 0xfc, 0x50, 0x47, 0x01, 0xfd, 0xc8, 0xbc, 0x01, 0xfc, 0xc8, 0xbb, 0x03, 0xfc,
    0x91, 0x87, 0x00, 0xfd, 0x45, 0x3b, 0x05, 0xfd, 0x3c, 0x30, 0x25, 0xfc, 0x32, 0x1c, 0x12, 0xfd,
    0x08, 0x5b, 0x82, 0xfd, 0x00, 0xbb, 0xfe, 0xfc, 0x00, 0xb0, 0xfe, 0xfc, 0x0c, 0x45, 0x6c, 0xfd,
    0x36, 0x24, 0x19, 0xfd, 0x2f, 0x25, 0x27, 0xfc, 0x4e, 0x43, 0x0f, 0xfd, 0xfc, 0xee, 0x00, 0xfc,
    0xb6, 0xac, 0x01, 0xfd, 0x0e, 0x08, 0x0b, 0xfc, 0x21, 0x1a, 0x16, 0xfc, 0x23, 0x1c, 0x17, 0xfc,
    0x2a, 0x23, 0x1d, 0xff, 0x26, 0x22, 0x1c, 0x7d, 0x00, 0x00, 0x00, 0x00, 0x00, 0x00, 0x00, 0x00,
    0x00, 0x00, 0x00, 0x00, 0x00, 0x00, 0x00, 0x00, 0x37, 0x2e, 0x2a, 0x7d, 0x36, 0x2f, 0x2a, 0xff,
    0x29, 0x23, 0x1e, 0xfc, 0x29, 0x22, 0x1e, 0xfc, 0x1f, 0x18, 0x1a, 0xfd, 0xc5, 0xbe, 0x05, 0xfd,
    0xfb, 0xf0, 0x00, 0xfd, 0x49, 0x3f, 0x10, 0xfd, 0x31, 0x26, 0x2a, 0xfd, 0x37, 0x2c, 0x0e, 0xfd,
    0x8c, 0x83, 0x00, 0xfd, 0xfb, 0xf0, 0x02, 0xfc, 0xf4, 0xe9, 0x02, 0xfc, 0x81, 0x79, 0x00, 0xfc,
    0x42, 0x37, 0x11, 0xfc, 0x3a, 0x2d, 0x27, 0xfd, 0x24, 0x1e, 0x1c, 0xfd, 0x00, 0x7d, 0xcc, 0xfd,
    0x00, 0x9e, 0xfc, 0xfc, 0x00, 0x83, 0xe4, 0xfd, 0x1e, 0x25, 0x2f, 0xfd, 0x3c, 0x2f, 0x27, 0xfc,
    0x3b, 0x30, 0x1c, 0xfd, 0x5b, 0x52, 0x01, 0xfd, 0xe9, 0xdf, 0x02, 0xfc, 0xfa, 0xed, 0x03, 0xfc,
    0xb2, 0xa8, 0x00, 0xfd, 0x51, 0x45, 0x05, 0xfd, 0x3a, 0x2f, 0x25, 0xfc, 0x32, 0x1f, 0x14, 0xfc,
    0x06, 0x53, 0x82, 0xfd, 0x00, 0x9e, 0xfc, 0xfc, 0x00, 0x98, 0xfc, 0xfd, 0x0c, 0x40, 0x69, 0xfd,
    0x35, 0x25, 0x19, 0xfc, 0x2e, 0x24, 0x27, 0xfc, 0x4d, 0x44, 0x0f, 0xfd, 0xfc, 0xef, 0x00, 0xfd,
    0xb6, 0xac, 0x01, 0xfd, 0x0e, 0x08, 0x0b, 0xfd, 0x21, 0x1a, 0x16, 0xfc, 0x22, 0x1c, 0x17, 0xfb,
    0x29, 0x22, 0x1d, 0xff, 0x28, 0x20, 0x1c, 0x7d, 0x00, 0x00, 0x00, 0x00, 0x00, 0x00, 0x00, 0x00,
    0x00, 0x00, 0x00, 0x00, 0x00, 0x00, 0x00, 0x00, 0x37, 0x2e, 0x2a, 0x7d, 0x36, 0x2f, 0x2a, 0xff,
    0x29, 0x23, 0x1d, 0xfc, 0x28, 0x21, 0x1d, 0xfc, 0x1e, 0x17, 0x19, 0xfd, 0xc5, 0xbe, 0x05, 0xfd,
    0xfb, 0xf0, 0x00, 0xfc, 0x48, 0x3e, 0x0f, 0xfd, 0x2e, 0x23, 0x2a, 0xfc, 0x3d, 0x31, 0x0d, 0xfd,
    0x88, 0x80, 0x00, 0xfd, 0xfe, 0xfd, 0x02, 0xfc, 0xfe, 0xf5, 0x02, 0xfc, 0x83, 0x7a, 0x00, 0xfc,
    0x4c, 0x40, 0x10, 0xfd, 0x37, 0x2c, 0x28, 0xfd, 0x1c, 0x1a, 0x20, 0xfd, 0x17, 0x7c, 0xb9, 0xfd,
    0x21, 0xb9, 0xe9, 0xfd, 0x09, 0x86, 0xce, 0xfd, 0x18, 0x1f, 0x30, 0xfd, 0x39, 0x2e, 0x28, 0xfc,
    0x3d, 0x32, 0x1a, 0xfd, 0x59, 0x50, 0x00, 0xfd, 0xec, 0xe3, 0x02, 0xfc, 0xfe, 0xfe, 0x02, 0xfa,
    0xb3, 0xa8, 0x00, 0xfc, 0x5e, 0x51, 0x05, 0xfd, 0x3a, 0x2f, 0x25, 0xfc, 0x2b, 0x1e, 0x1a, 0xfc,
    0x0f, 0x4a, 0x76, 0xfd, 0x22, 0xb5, 0xeb, 0xfd, 0x11, 0xa7, 0xe9, 0xfd, 0x0b, 0x37, 0x61, 0xfd,
    0x32, 0x25, 0x1f, 0xfd, 0x2d, 0x23, 0x26, 0xfc, 0x4c, 0x43, 0x0f, 0xfd, 0xfb, 0xed, 0x00, 0xfd,
    0xb6, 0xab, 0x01, 0xfd, 0x0e, 0x08, 0x0b, 0xfc, 0x20, 0x1a, 0x16, 0xfc, 0x22, 0x1c, 0x17, 0xfb,
    0x29, 0x22, 0x1c, 0xff, 0x27, 0x20, 0x1c, 0x7c, 0x00, 0x00, 0x00, 0x00, 0x00, 0x00, 0x00, 0x00,
    0x00, 0x00, 0x00, 0x00, 0x00, 0x00, 0x00, 0x00, 0x35, 0x2c, 0x28, 0x7d, 0x34, 0x2e, 0x28, 0xff,
    0x29, 0x23, 0x1d, 0xfc, 0x28, 0x21, 0x1d, 0xfc, 0x1e, 0x17, 0x19, 0xfd, 0xc5, 0xbd, 0x05, 0xfd,
    0xfc, 0xf1, 0x00, 0xfc, 0x48, 0x3f, 0x0f, 0xfd, 0x2c, 0x22, 0x2a, 0xfc, 0x4e, 0x42, 0x0d, 0xfd,
    0x58, 0x4f, 0x00, 0xfd, 0xa4, 0x9d, 0x02, 0xfd, 0x96, 0x8f, 0x01, 0xfd, 0x61, 0x58, 0x00, 0xfc,
    0x5f, 0x53, 0x10, 0xfd, 0x30, 0x20, 0x21, 0xfc, 0x1d, 0x48, 0x59, 0xfd, 0x2c, 0xd5, 0xf2, 0xfd,
    0x0f, 0xd0, 0xfe, 0xfc, 0x0d, 0xcc, 0xf8, 0xfd, 0x11, 0x51, 0x70, 0xfd, 0x31, 0x22, 0x21, 0xfc,
    0x44, 0x39, 0x19, 0xfd, 0x51, 0x47, 0x00, 0xfc, 0x81, 0x7a, 0x01, 0xfd, 0xaf, 0xa9, 0x01, 0xfc,
    0x64, 0x5b, 0x00, 0xfc, 0x76, 0x69, 0x03, 0xfd, 0x38, 0x2b, 0x22, 0xfc, 0x20, 0x25, 0x2f, 0xfc,
    0x28, 0xad, 0xc9, 0xfd, 0x1a, 0xdb, 0xfe, 0xfc, 0x0d, 0xd4, 0xfe, 0xfc, 0x0c, 0x85, 0xb1, 0xfd,
    0x26, 0x20, 0x26, 0xfd, 0x2d, 0x22, 0x25, 0xfc, 0x4c, 0x42, 0x0e, 0xfd, 0xfb, 0xee, 0x00, 0xfc,
    0xb5, 0xac, 0x01, 0xfd, 0x0d, 0x08, 0x0a, 0xfc, 0x20, 0x1a, 0x15, 0xfc, 0x24, 0x1c, 0x17, 0xfc,
    0x29, 0x22, 0x1c, 0xff, 0x27, 0x20, 0x1a, 0x7c, 0x00, 0x00, 0x00, 0x00, 0x00, 0x00, 0x00, 0x00,
    0x00, 0x00, 0x00, 0x00, 0x00, 0x00, 0x00, 0x00, 0x35, 0x2c, 0x28, 0x7d, 0x33, 0x2d, 0x28, 0xff,
    0x29, 0x22, 0x1c, 0xfc, 0x28, 0x20, 0x1c, 0xfc, 0x1d, 0x16, 0x19, 0xfd, 0xc5, 0xbd, 0x05, 0xfd,
    0xfb, 0xf0, 0x00, 0xfc, 0x48, 0x3e, 0x0f, 0xfd, 0x29, 0x1f, 0x2a, 0xfc, 0x5b, 0x50, 0x0d, 0xfd,
    0x6e, 0x63, 0x00, 0xfd, 0x41, 0x37, 0x02, 0xfc, 0x3b, 0x31, 0x02, 0xfc, 0x85, 0x78, 0x00, 0xfd,
    0x68, 0x5c, 0x0f, 0xfd, 0x2d, 0x18, 0x1b, 0xfc, 0x18, 0x66, 0x80, 0xfd, 0x08, 0xd6, 0xfe, 0xfc,
    0x00, 0xb2, 0xfd, 0xfc, 0x01, 0xc6, 0xfe, 0xfc, 0x08, 0x6a, 0x9e, 0xfd, 0x2e, 0x1c, 0x1a, 0xfc,
    0x45, 0x3b, 0x1a, 0xfc, 0x78, 0x6c, 0x00, 0xfd, 0x47, 0x3c, 0x01, 0xfc, 0x3f, 0x35, 0x01, 0xfc,
    0x67, 0x5b, 0x00, 0xfc, 0x90, 0x84, 0x03, 0xfd, 0x31, 0x22, 0x1f, 0xfc, 0x1e, 0x32, 0x40, 0xfd,
    0x0d, 0xc8, 0xfb, 0xfd, 0x01, 0xba, 0xfe, 0xfc, 0x02, 0xbc, 0xfe, 0xfc, 0x01, 0x9d, 0xe4, 0xfd,
    0x21, 0x21, 0x28, 0xfd, 0x2f, 0x23, 0x23, 0xfd, 0x4c, 0x42, 0x0e, 0xfd, 0xfb, 0xee, 0x00, 0xfc,
    0xb5, 0xac, 0x01, 0xfc, 0x0d, 0x08, 0x0b, 0xfc, 0x20, 0x19, 0x15, 0xfc, 0x24, 0x1c, 0x17, 0xfc,
    0x29, 0x22, 0x1c, 0xff, 0x26, 0x20, 0x1c, 0x7d, 0x00, 0x00, 0x00, 0x00, 0x00, 0x00, 0x00, 0x00,
    0x00, 0x00, 0x00, 0x00, 0x00, 0x00, 0x00, 0x00, 0x32, 0x2a, 0x26, 0x7d, 0x33, 0x2c, 0x27, 0xff,
    0x28, 0x22, 0x1c, 0xfc, 0x27, 0x20, 0x1c, 0xfc, 0x1d, 0x16, 0x18, 0xfd, 0xc5, 0xbd, 0x04, 0xfd,
    0xfa, 0xef, 0x00, 0xfd, 0x48, 0x3f, 0x0e, 0xfd, 0x24, 0x19, 0x28, 0xfc, 0x3b, 0x31, 0x1b, 0xfd,
    0xa4, 0x9a, 0x00, 0xfd, 0x97, 0x8e, 0x00, 0xfd, 0x9b, 0x92, 0x00, 0xfd, 0xaf, 0xa6, 0x01, 0xfd,
    0x45, 0x3a, 0x1e, 0xfd, 0x36, 0x27, 0x22, 0xfc, 0x1e, 0x32, 0x3f, 0xfd, 0x00, 0x9f, 0xe0, 0xfd,
    0x00, 0xbf, 0xfe, 0xfc, 0x00, 0x9d, 0xed, 0xfd, 0x13, 0x32, 0x4d, 0xfd, 0x36, 0x27, 0x1e, 0xfc,
    0x32, 0x28, 0x22, 0xfc, 0x8a, 0x80, 0x05, 0xfd, 0xa5, 0x9c, 0x00, 0xfc, 0x8e, 0x84, 0x01, 0xfd,
    0xbb, 0xb4, 0x00, 0xfd, 0x69, 0x60, 0x12, 0xfd, 0x30, 0x24, 0x25, 0xfc, 0x29, 0x22, 0x24, 0xfd,
    0x05, 0x77, 0xab, 0xfd, 0x00, 0xbd, 0xfe, 0xfd, 0x00, 0xb3, 0xfe, 0xfd, 0x06, 0x53, 0x88, 0xfd,
    0x26, 0x18, 0x19, 0xfd, 0x26, 0x1b, 0x24, 0xfd, 0x4c, 0x42, 0x0d, 0xfd, 0xfa, 0xed, 0x00, 0xfd,
    0xb5, 0xab, 0x01, 0xfd, 0x0d, 0x08, 0x0a, 0xfd, 0x20, 0x19, 0x15, 0xfc, 0x23, 0x1c, 0x17, 0xfc,
    0x29, 0x22, 0x1c, 0xff, 0x26, 0x20, 0x1a, 0x7d, 0x00, 0x00, 0x00, 0x00, 0x00, 0x00, 0x00, 0x00,
    0x00, 0x00, 0x00, 0x00, 0x00, 0x00, 0x00, 0x00, 0x30, 0x2a, 0x26, 0x7d, 0x32, 0x2b, 0x26, 0xff,
    0x28, 0x21, 0x1b, 0xfc, 0x27, 0x20, 0x1c, 0xfc, 0x1d, 0x16, 0x17, 0xfd, 0xc6, 0xbf, 0x04, 0xfd,
    0xfa, 0xee, 0x00, 0xfd, 0x40, 0x36, 0x0e, 0xfd, 0x59, 0x4f, 0x24, 0xfc, 0x52, 0x49, 0x1f, 0xfd,
    0x48, 0x3e, 0x1c, 0xfd, 0x8c, 0x84, 0x0e, 0xfd, 0x8c, 0x84, 0x10, 0xfd, 0x4d, 0x43, 0x1f, 0xfd,
    0x33, 0x29, 0x27, 0xfc, 0x38, 0x2e, 0x24, 0xfc, 0x36, 0x2a, 0x22, 0xfd, 0x1c, 0x2d, 0x40, 0xfd,
    0x0d, 0x48, 0x6d, 0xfd, 0x16, 0x2c, 0x45, 0xfd, 0x32, 0x26, 0x1e, 0xfd, 0x39, 0x2f, 0x25, 0xfd,
    0x34, 0x2a, 0x26, 0xfc, 0x39, 0x2f, 0x1f, 0xfd, 0x7c, 0x74, 0x0f, 0xfd, 0x91, 0x8a, 0x0f, 0xfd,
    0x65, 0x5c, 0x1a, 0xfd, 0x33, 0x28, 0x26, 0xfc, 0x36, 0x2b, 0x23, 0xfc, 0x36, 0x2b, 0x23, 0xfd,
    0x24, 0x25, 0x2e, 0xfd, 0x0f, 0x43, 0x6a, 0xfd, 0x10, 0x38, 0x5d, 0xfd, 0x21, 0x1a, 0x1e, 0xfd,
    0x56, 0x4d, 0x1f, 0xfd, 0x54, 0x4b, 0x1c, 0xfd, 0x44, 0x3a, 0x0c, 0xfd, 0xf9, 0xeb, 0x00, 0xfd,
    0xb6, 0xac, 0x01, 0xfd, 0x0d, 0x08, 0x0b, 0xfc, 0x20, 0x19, 0x15, 0xfc, 0x22, 0x1b, 0x16, 0xfc,
    0x28, 0x21, 0x1c, 0xff, 0x24, 0x1e, 0x1a, 0x7d, 0x00, 0x00, 0x00, 0x00, 0x00, 0x00, 0x00, 0x00,
    0x00, 0x00, 0x00, 0x00, 0x00, 0x00, 0x00, 0x00, 0x30, 0x2a, 0x26, 0x7d, 0x32, 0x2b, 0x26, 0xff,
    0x28, 0x21, 0x1b, 0xfc, 0x28, 0x20, 0x1c, 0xfc, 0x19, 0x12, 0x18, 0xfc, 0xbe, 0xb5, 0x05, 0xfd,
    0xfd, 0xf7, 0x00, 0xfd, 0x42, 0x38, 0x0a, 0xfd, 0xac, 0xa2, 0x0c, 0xfd, 0xa0, 0x96, 0x09, 0xfd,
    0x21, 0x17, 0x27, 0xfd, 0x2c, 0x20, 0x2a, 0xfd, 0x2c, 0x21, 0x29, 0xfd, 0x32, 0x27, 0x27, 0xfd,
    0x36, 0x2b, 0x25, 0xfd, 0x35, 0x2a, 0x25, 0xfd, 0x35, 0x2a, 0x25, 0xfc, 0x36, 0x28, 0x22, 0xfd,
    0x33, 0x21, 0x1c, 0xfd, 0x35, 0x27, 0x20, 0xfd, 0x36, 0x2b, 0x25, 0xfd, 0x35, 0x2a, 0x26, 0xfc,
    0x33, 0x28, 0x24, 0xfc, 0x32, 0x27, 0x25, 0xfd, 0x2c, 0x22, 0x28, 0xfd, 0x2c, 0x20, 0x28, 0xfd,
    0x2e, 0x23, 0x28, 0xfd, 0x33, 0x28, 0x24, 0xfc, 0x33, 0x29, 0x24, 0xfc, 0x33, 0x29, 0x24, 0xfc,
    0x35, 0x29, 0x23, 0xfd, 0x32, 0x22, 0x1c, 0xfd, 0x31, 0x22, 0x1c, 0xfd, 0x23, 0x18, 0x22, 0xfd,
    0xa2, 0x98, 0x0f, 0xfd, 0xa0, 0x96, 0x05, 0xfd, 0x46, 0x3d, 0x09, 0xfd, 0xfe, 0xf5, 0x01, 0xfd,
    0xac, 0xa2, 0x01, 0xfd, 0x0a, 0x04, 0x0b, 0xfd, 0x21, 0x1a, 0x15, 0xfc, 0x22, 0x1b, 0x16, 0xfc,
    0x28, 0x20, 0x1b, 0xff, 0x24, 0x1e, 0x1a, 0x7d, 0x00, 0x00, 0x00, 0x00, 0x00, 0x00, 0x00, 0x00,
    0x00, 0x00, 0x00, 0x00, 0x00, 0x00, 0x00, 0x00, 0x2e, 0x28, 0x24, 0x7d, 0x32, 0x2b, 0x25, 0xff,
    0x28, 0x21, 0x1b, 0xfc, 0x28, 0x21, 0x1b, 0xfc, 0x13, 0x0d, 0x19, 0xfc, 0x7b, 0x73, 0x08, 0xfd,
    0xfe, 0xfe, 0x01, 0xfd, 0xbd, 0xb3, 0x03, 0xfd, 0x41, 0x38, 0x07, 0xfd, 0x32, 0x28, 0x0e, 0xfd,
    0x34, 0x2a, 0x15, 0xfd, 0x35, 0x2b, 0x15, 0xfd, 0x34, 0x2a, 0x14, 0xfd, 0x35, 0x2b, 0x14, 0xfd,
    0x35, 0x2b, 0x15, 0xfd, 0x34, 0x2a, 0x15, 0xfd, 0x34, 0x2a, 0x15, 0xfd, 0x34, 0x2b, 0x14, 0xfd,
    0x35, 0x2b, 0x14, 0xfd, 0x35, 0x2b, 0x15, 0xfd, 0x35, 0x2b, 0x15, 0xfd, 0x35, 0x2b, 0x15, 0xfd,
    0x34, 0x2b, 0x14, 0xfd, 0x35, 0x2b, 0x14, 0xfd, 0x34, 0x2a, 0x13, 0xfd, 0x34, 0x2a, 0x13, 0xfd,
    0x34, 0x2a, 0x13, 0xfd, 0x33, 0x29, 0x13, 0xfd, 0x34, 0x2a, 0x14, 0xfd, 0x36, 0x2c, 0x15, 0xfd,
    0x34, 0x2a, 0x14, 0xfd, 0x34, 0x2a, 0x13, 0xfd, 0x34, 0x2a, 0x13, 0xfd, 0x32, 0x28, 0x14, 0xfd,
    0x32, 0x28, 0x0d, 0xfd, 0x3e, 0x36, 0x06, 0xfd, 0xbf, 0xb4, 0x04, 0xfd, 0xfe, 0xfb, 0x01, 0xfd,
    0x68, 0x60, 0x02, 0xfd, 0x08, 0x02, 0x0d, 0xfd, 0x21, 0x1b, 0x16, 0xfb, 0x21, 0x1b, 0x16, 0xfb,
    0x28, 0x20, 0x1b, 0xff, 0x24, 0x1e, 0x1a, 0x7d, 0x00, 0x00, 0x00, 0x00, 0x00, 0x00, 0x00, 0x00,
    0x00, 0x00, 0x00, 0x00, 0x00, 0x00, 0x00, 0x00, 0x2e, 0x28, 0x24, 0x7d, 0x31, 0x2a, 0x25, 0xff,
    0x27, 0x20, 0x1b, 0xfc, 0x26, 0x1f, 0x1a, 0xfc, 0x22, 0x1b, 0x1a, 0xfc, 0x1b, 0x15, 0x0f, 0xfc,
    0xbb, 0xaf, 0x02, 0xfd, 0xfe, 0xfe, 0x01, 0xfd, 0xed, 0xe2, 0x02, 0xfd, 0xd9, 0xce, 0x03, 0xfd,
    0xdc, 0xd1, 0x01, 0xfd, 0xd9, 0xce, 0x01, 0xfd, 0xd9, 0xce, 0x01, 0xfd, 0xd9, 0xce, 0x01, 0xfd,
    0xdb, 0xd0, 0x02, 0xfd, 0xdb, 0xd0, 0x02, 0xfd, 0xdc, 0xd0, 0x01, 0xfd, 0xdc, 0xcf, 0x00, 0xfd,
    0xdb, 0xce, 0x00, 0xfd, 0xdb, 0xce, 0x00, 0xfd, 0xdb, 0xce, 0x00, 0xfd, 0xdb, 0xd0, 0x02, 0xfd,
    0xdb, 0xd0, 0x02, 0xfd, 0xd9, 0xce, 0x02, 0xfd, 0xd9, 0xce, 0x02, 0xfd, 0xd9, 0xcf, 0x01, 0xfd,
    0xd9, 0xce, 0x02, 0xfd, 0xda, 0xcf, 0x02, 0xfd, 0xdb, 0xcf, 0x02, 0xfd, 0xdb, 0xcf, 0x00, 0xfd,
    0xdb, 0xce, 0x00, 0xfd, 0xdb, 0xce, 0x00, 0xfd, 0xdb, 0xce, 0x00, 0xfd, 0xda, 0xce, 0x01, 0xfd,
    0xd6, 0xca, 0x03, 0xfd, 0xeb, 0xdf, 0x03, 0xfd, 0xfe, 0xfa, 0x02, 0xfd, 0xaf, 0xa3, 0x01, 0xfd,
    0x0c, 0x09, 0x05, 0xfd, 0x19, 0x12, 0x11, 0xfc, 0x21, 0x1b, 0x16, 0xfb, 0x20, 0x1a, 0x16, 0xfc,
    0x27, 0x1f, 0x1a, 0xff, 0x24, 0x1c, 0x18, 0x7d, 0x00, 0x00, 0x00, 0x00, 0x00, 0x00, 0x00, 0x00,
    0x00, 0x00, 0x00, 0x00, 0x00, 0x00, 0x00, 0x00, 0x2c, 0x26, 0x22, 0x78, 0x2f, 0x28, 0x24, 0xff,
    0x26, 0x1f, 0x1a, 0xfc, 0x26, 0x1f, 0x1a, 0xfc, 0x26, 0x1f, 0x1a, 0xfc, 0x19, 0x13, 0x16, 0xfc,
    0x1b, 0x15, 0x0a, 0xfd, 0x8c, 0x83, 0x02, 0xfd, 0xd6, 0xcb, 0x01, 0xfd, 0xe3, 0xd7, 0x01, 0xfc,
    0xdf, 0xd3, 0x01, 0xfd, 0xde, 0xd1, 0x02, 0xfd, 0xde, 0xd1, 0x02, 0xfd, 0xde, 0xd1, 0x02, 0xfd,
    0xe0, 0xd3, 0x02, 0xfd, 0xdf, 0xd4, 0x02, 0xfd, 0xde, 0xd2, 0x01, 0xfd, 0xde, 0xd1, 0x06, 0xfd,
    0xde, 0xd0, 0x04, 0xfd, 0xde, 0xd0, 0x05, 0xfd, 0xde, 0xd2, 0x03, 0xfd, 0xde, 0xd3, 0x02, 0xfd,
    0xde, 0xd2, 0x01, 0xfd, 0xdc, 0xcf, 0x01, 0xfd, 0xdd, 0xd0, 0x02, 0xfd, 0xdd, 0xd0, 0x02, 0xfd,
    0xde, 0xd1, 0x02, 0xfd, 0xde, 0xd3, 0x02, 0xfd, 0xde, 0xd3, 0x02, 0xfd, 0xdd, 0xd1, 0x03, 0xfd,
    0xdd, 0xd0, 0x07, 0xfd, 0xde, 0xd1, 0x04, 0xfd, 0xde, 0xd1, 0x05, 0xfd, 0xde, 0xd2, 0x02, 0xfd,
    0xe0, 0xd4, 0x02, 0xfd, 0xd2, 0xc6, 0x01, 0xfd, 0x84, 0x7b, 0x01, 0xfd, 0x10, 0x0d, 0x03, 0xfd,
    0x0f, 0x0a, 0x0d, 0xfc, 0x20, 0x1a, 0x14, 0xfc, 0x22, 0x1b, 0x16, 0xfc, 0x21, 0x1b, 0x15, 0xfc,
    0x27, 0x20, 0x1b, 0xff, 0x22, 0x1b, 0x17, 0x78, 0x00, 0x00, 0x00, 0x00, 0x00, 0x00, 0x00, 0x00,
    0x00, 0x00, 0x00, 0x00, 0x00, 0x00, 0x00, 0x00, 0x27, 0x22, 0x1f, 0x68, 0x2e, 0x28, 0x23, 0xff,
    0x26, 0x1f, 0x1a, 0xfc, 0x26, 0x1f, 0x1a, 0xfc, 0x26, 0x1e, 0x19, 0xfc, 0x25, 0x1f, 0x18, 0xfc,
    0x1a, 0x14, 0x15, 0xfc, 0x07, 0x02, 0x0d, 0xfc, 0x16, 0x12, 0x06, 0xfd, 0x18, 0x14, 0x04, 0xfd,
    0x36, 0x31, 0x03, 0xfd, 0xb7, 0xab, 0x01, 0xfd, 0xa6, 0x98, 0x02, 0xfd, 0xb3, 0xa5, 0x02, 0xfd,
    0x4f, 0x48, 0x01, 0xfd, 0x14, 0x11, 0x01, 0xfd, 0x1c, 0x1f, 0x10, 0xfd, 0x13, 0x7d, 0xbf, 0xfd,
    0x12, 0x76, 0xcb, 0xfd, 0x12, 0x7b, 0xd2, 0xfd, 0x14, 0x47, 0x6c, 0xfd, 0x1c, 0x12, 0x00, 0xfd,
    0x13, 0x11, 0x05, 0xfd, 0x87, 0x7c, 0x02, 0xfd, 0xb6, 0xa9, 0x02, 0xfd, 0xad, 0x9f, 0x02, 0xfd,
    0x8f, 0x84, 0x01, 0xfd, 0x17, 0x14, 0x02, 0xfd, 0x1c, 0x11, 0x00, 0xfd, 0x17, 0x49, 0x5c, 0xfd,
    0x12, 0x86, 0xd8, 0xfd, 0x12, 0x72, 0xc7, 0xfd, 0x12, 0x70, 0xc2, 0xfd, 0x17, 0x1f, 0x19, 0xfd,
    0x1e, 0x16, 0x00, 0xfd, 0x13, 0x0f, 0x04, 0xfd, 0x01, 0x00, 0x07, 0xfc, 0x13, 0x0d, 0x0d, 0xfc,
    0x1f, 0x19, 0x13, 0xfc, 0x21, 0x1a, 0x15, 0xfc, 0x22, 0x1b, 0x16, 0xfc, 0x22, 0x1b, 0x16, 0xfc,
    0x27, 0x20, 0x1b, 0xff, 0x20, 0x19, 0x16, 0x66, 0x00, 0x00, 0x00, 0x00, 0x00, 0x00, 0x00, 0x00,
    0x00, 0x00, 0x00, 0x00, 0x00, 0x00, 0x00, 0x00, 0x21, 0x1a, 0x16, 0x44, 0x2c, 0x26, 0x21, 0xff,
    0x27, 0x20, 0x1b, 0xfd, 0x26, 0x1e, 0x19, 0xfc, 0x25, 0x1e, 0x19, 0xfc, 0x25, 0x1e, 0x19, 0xfc,
    0x24, 0x1d, 0x17, 0xfc, 0x22, 0x1b, 0x16, 0xfc, 0x1b, 0x15, 0x14, 0xfc, 0x0d, 0x07, 0x12, 0xfd,
    0x35, 0x30, 0x0b, 0xfd, 0xef, 0xe7, 0x01, 0xfd, 0xe3, 0xd6, 0x03, 0xfd, 0xf1, 0xe5, 0x02, 0xfc,
    0x57, 0x50, 0x03, 0xfd, 0x03, 0x00, 0x0a, 0xfc, 0x12, 0x19, 0x1f, 0xfd, 0x07, 0xae, 0xef, 0xfd,
    0x00, 0xa5, 0xfe, 0xfc, 0x00, 0xad, 0xfe, 0xfc, 0x00, 0x54, 0x8f, 0xfd, 0x11, 0x00, 0x00, 0xfd,
    0x06, 0x00, 0x11, 0xfd, 0xa9, 0xa2, 0x04, 0xfd, 0xf8, 0xec, 0x01, 0xfc, 0xec, 0xdf, 0x02, 0xfc,
    0xb7, 0xae, 0x01, 0xfd, 0x08, 0x03, 0x09, 0xfd, 0x12, 0x00, 0x01, 0xfc, 0x0d, 0x5b, 0x79, 0xfd,
    0x00, 0xbc, 0xfe, 0xfc, 0x00, 0x9b, 0xfe, 0xfc, 0x00, 0x96, 0xfc, 0xfd, 0x05, 0x13, 0x25, 0xfd,
    0x12, 0x08, 0x06, 0xfd, 0x18, 0x12, 0x11, 0xfc, 0x1d, 0x17, 0x12, 0xfc, 0x20, 0x19, 0x14, 0xfb,
    0x21, 0x1a, 0x15, 0xfc, 0x21, 0x1b, 0x15, 0xfc, 0x22, 0x1b, 0x16, 0xfc, 0x22, 0x1b, 0x16, 0xfd,
    0x26, 0x1f, 0x1a, 0xff, 0x1a, 0x12, 0x0f, 0x44, 0x00, 0x00, 0x00, 0x00, 0x00, 0x00, 0x00, 0x00,
    0x00, 0x00, 0x00, 0x00, 0x00, 0x00, 0x00, 0x00, 0x0d, 0x0d, 0x0d, 0x13, 0x26, 0x20, 0x1c, 0xf2,
    0x29, 0x21, 0x1c, 0xff, 0x25, 0x1e, 0x19, 0xfc, 0x25, 0x1e, 0x19, 0xfc, 0x25, 0x1d, 0x18, 0xfc,
    0x24, 0x1d, 0x18, 0xfc, 0x23, 0x1c, 0x17, 0xfc, 0x24, 0x1d, 0x18, 0xfc, 0x1b, 0x14, 0x18, 0xfc,
    0x3e, 0x39, 0x0e, 0xfd, 0xf3, 0xec, 0x01, 0xfc, 0xed, 0xe1, 0x02, 0xfb, 0xf9, 0xed, 0x02, 0xfc,
    0x61, 0x59, 0x04, 0xfd, 0x0e, 0x05, 0x0e, 0xfc, 0x1e, 0x24, 0x24, 0xfc, 0x13, 0xb8, 0xe6, 0xfd,
    0x01, 0xb1, 0xfe, 0xfc, 0x02, 0xb7, 0xfe, 0xfc, 0x09, 0x5d, 0x8c, 0xfd, 0x1b, 0x09, 0x00, 0xfc,
    0x12, 0x0c, 0x16, 0xfc, 0xaf, 0xa9, 0x05, 0xfd, 0xfd, 0xf1, 0x01, 0xfc, 0xf3, 0xe6, 0x02, 0xfc,
    0xbe, 0xb5, 0x01, 0xfd, 0x11, 0x0c, 0x0b, 0xfd, 0x1d, 0x0a, 0x05, 0xfc, 0x18, 0x67, 0x79, 0xfd,
    0x09, 0xc8, 0xfe, 0xfc, 0x00, 0xa7, 0xfe, 0xfc, 0x02, 0xa2, 0xf3, 0xfd, 0x0e, 0x1d, 0x27, 0xfd,
    0x1f, 0x13, 0x0c, 0xfc, 0x21, 0x1b, 0x16, 0xfc, 0x21, 0x1a, 0x16, 0xfc, 0x21, 0x1a, 0x15, 0xfc,
    0x21, 0x1a, 0x15, 0xfc, 0x21, 0x1a, 0x15, 0xfc, 0x21, 0x1a, 0x15, 0xfc, 0x24, 0x1d, 0x18, 0xff,
    0x20, 0x1a, 0x16, 0xf1, 0x0d, 0x0d, 0x00, 0x13, 0x00, 0x00, 0x00, 0x00, 0x00, 0x00, 0x00, 0x00,
    0x00, 0x00, 0x00, 0x00, 0x00, 0x00, 0x00, 0x00, 0x00, 0x00, 0x00, 0x00, 0x20, 0x1a, 0x16, 0xab,
    0x2b, 0x24, 0x1f, 0xff, 0x25, 0x1e, 0x19, 0xfc, 0x24, 0x1d, 0x18, 0xfc, 0x24, 0x1d, 0x18, 0xfc,
    0x24, 0x1d, 0x18, 0xfc, 0x23, 0x1c, 0x17, 0xfc, 0x23, 0x1d, 0x17, 0xfc, 0x1b, 0x14, 0x18, 0xfc,
    0x40, 0x3a, 0x0f, 0xfd, 0xf7, 0xf0, 0x01, 0xfd, 0xec, 0xde, 0x02, 0xfb, 0xfe, 0xf1, 0x02, 0xfc,
    0x63, 0x5c, 0x04, 0xfd, 0x0d, 0x04, 0x0e, 0xfc, 0x1d, 0x24, 0x23, 0xfc, 0x13, 0xbc, 0xec, 0xfd,
    0x01, 0xb2, 0xfe, 0xfc, 0x02, 0xbb, 0xfe, 0xfc, 0x08, 0x5e, 0x8f, 0xfd, 0x1b, 0x07, 0x00, 0xfc,
    0x10, 0x0a, 0x15, 0xfc, 0xb3, 0xad, 0x04, 0xfd, 0xfe, 0xf3, 0x02, 0xfc, 0xf4, 0xe6, 0x02, 0xfc,
    0xc4, 0xba, 0x01, 0xfd, 0x11, 0x0b, 0x0b, 0xfd, 0x1d, 0x09, 0x04, 0xfc, 0x18, 0x69, 0x7c, 0xfd,
    0x09, 0xcb, 0xfe, 0xfc, 0x00, 0xa7, 0xfe, 0xfc, 0x02, 0xa8, 0xfb, 0xfc, 0x0e, 0x1d, 0x27, 0xfd,
    0x1e, 0x13, 0x0b, 0xfc, 0x21, 0x1a, 0x16, 0xfc, 0x21, 0x1a, 0x16, 0xfc, 0x21, 0x1a, 0x15, 0xfc,
    0x21, 0x1a, 0x15, 0xfc, 0x21, 0x1a, 0x15, 0xfc, 0x21, 0x1b, 0x16, 0xfc, 0x27, 0x20, 0x1b, 0xff,
    0x1a, 0x14, 0x10, 0xab, 0x00, 0x00, 0x00, 0x00, 0x00, 0x00, 0x00, 0x00, 0x00, 0x00, 0x00, 0x00,
    0x00, 0x00, 0x00, 0x00, 0x00, 0x00, 0x00, 0x00, 0x00, 0x00, 0x00, 0x00, 0x17, 0x0e, 0x0e, 0x36,
    0x25, 0x1e, 0x19, 0xff, 0x27, 0x20, 0x1b, 0xfe, 0x24, 0x1d, 0x18, 0xfc, 0x24, 0x1d, 0x18, 0xfc,
    0x24, 0x1d, 0x18, 0xfc, 0x23, 0x1c, 0x17, 0xfc, 0x24, 0x1d, 0x17, 0xfc, 0x20, 0x19, 0x18, 0xfc,
    0x22, 0x1b, 0x11, 0xfc, 0xcc, 0xc4, 0x02, 0xfd, 0xfe, 0xfc, 0x02, 0xfc, 0xe7, 0xdb, 0x02, 0xfd,
    0x31, 0x2b, 0x05, 0xfd, 0x15, 0x0e, 0x11, 0xfc, 0x1e, 0x13, 0x0d, 0xfc, 0x0c, 0x8b, 0xb6, 0xfd,
    0x01, 0xc6, 0xfe, 0xfc, 0x01, 0xb1, 0xfe, 0xfd, 0x08, 0x32, 0x4e, 0xfd, 0x1c, 0x0c, 0x04, 0xfc,
    0x11, 0x0b, 0x15, 0xfc, 0x73, 0x6c, 0x06, 0xfd, 0xfe, 0xfa, 0x01, 0xfd, 0xfe, 0xf9, 0x02, 0xfc,
    0x86, 0x7d, 0x01, 0xfd, 0x08, 0x03, 0x0b, 0xfd, 0x20, 0x12, 0x0b, 0xfc, 0x16, 0x3a, 0x45, 0xfd,
    0x03, 0xb8, 0xfb, 0xfd, 0x01, 0xbf, 0xfe, 0xfc, 0x02, 0x81, 0xc7, 0xfd, 0x10, 0x0b, 0x0b, 0xfc,
    0x1e, 0x16, 0x10, 0xfc, 0x21, 0x1a, 0x15, 0xfc, 0x21, 0x1a, 0x15, 0xfc, 0x21, 0x1a, 0x15, 0xfc,
    0x21, 0x1a, 0x15, 0xfc, 0x21, 0x1a, 0x15, 0xfc, 0x26, 0x1f, 0x1a, 0xfe, 0x21, 0x1a, 0x15, 0xff,
    0x0e, 0x09, 0x04, 0x35, 0x00, 0x00, 0x00, 0x00, 0x00, 0x00, 0x00, 0x00, 0x00, 0x00, 0x00, 0x00,
    0x00, 0x00, 0x00, 0x00, 0x00, 0x00, 0x00, 0x00, 0x00, 0x00, 0x00, 0x00, 0x00, 0x00, 0x00, 0x00,
    0x1a, 0x13, 0x0f, 0x91, 0x28, 0x21, 0x1c, 0xff, 0x26, 0x1f, 0x1a, 0xfc, 0x24, 0x1d, 0x18, 0xfc,
    0x24, 0x1d, 0x18, 0xfc, 0x24, 0x1d, 0x17, 0xfc, 0x24, 0x1c, 0x17, 0xfc, 0x24, 0x1d, 0x18, 0xfc,
    0x19, 0x13, 0x15, 0xfc, 0x29, 0x22, 0x0a, 0xfd, 0x65, 0x60, 0x02, 0xfd, 0x32, 0x2d, 0x03, 0xfd,
    0x0c, 0x07, 0x0a, 0xfd, 0x20, 0x1a, 0x14, 0xfc, 0x21, 0x17, 0x10, 0xfc, 0x15, 0x18, 0x1a, 0xfd,
    0x07, 0x46, 0x62, 0xfd, 0x06, 0x2a, 0x43, 0xfd, 0x12, 0x07, 0x03, 0xfc, 0x1f, 0x18, 0x13, 0xfc,
    0x20, 0x1a, 0x16, 0xfc, 0x14, 0x0e, 0x0e, 0xfc, 0x50, 0x4a, 0x04, 0xfd, 0x57, 0x51, 0x02, 0xfd,
    0x0e, 0x0a, 0x05, 0xfd, 0x18, 0x12, 0x0f, 0xfc, 0x21, 0x1b, 0x16, 0xfc, 0x1d, 0x10, 0x0a, 0xfc,
    0x0d, 0x2d, 0x3f, 0xfd, 0x05, 0x46, 0x63, 0xfd, 0x0b, 0x12, 0x19, 0xfc, 0x18, 0x0e, 0x08, 0xfc,
    0x1f, 0x19, 0x14, 0xfc, 0x20, 0x1a, 0x15, 0xfc, 0x21, 0x1a, 0x15, 0xfc, 0x21, 0x1a, 0x15, 0xfc,
    0x21, 0x1a, 0x15, 0xfd, 0x24, 0x1d, 0x18, 0xfc, 0x24, 0x1d, 0x18, 0xff, 0x15, 0x0f, 0x0a, 0x90,
    0x00, 0x00, 0x00, 0x00, 0x00, 0x00, 0x00, 0x00, 0x00, 0x00, 0x00, 0x00, 0x00, 0x00, 0x00, 0x00,
    0x00, 0x00, 0x00, 0x00, 0x00, 0x00, 0x00, 0x00, 0x00, 0x00, 0x00, 0x00, 0x00, 0x00, 0x00, 0x00,
    0x00, 0x00, 0x00, 0x04, 0x1a, 0x13, 0x10, 0xb8, 0x27, 0x1f, 0x1a, 0xff, 0x27, 0x20, 0x1b, 0xfd,
    0x24, 0x1d, 0x18, 0xfc, 0x23, 0x1c, 0x17, 0xfc, 0x23, 0x1c, 0x17, 0xfc, 0x23, 0x1c, 0x17, 0xfc,
    0x24, 0x1d, 0x17, 0xfc, 0x19, 0x13, 0x14, 0xfc, 0x07, 0x02, 0x0f, 0xfd, 0x0f, 0x09, 0x0e, 0xfc,
    0x1f, 0x19, 0x13, 0xfc, 0x22, 0x1b, 0x16, 0xfc, 0x22, 0x1c, 0x17, 0xfc, 0x20, 0x16, 0x10, 0xfc,
    0x1a, 0x07, 0x00, 0xfc, 0x18, 0x0a, 0x00, 0xfc, 0x1c, 0x16, 0x11, 0xfc, 0x21, 0x1a, 0x15, 0xfc,
    0x22, 0x1b, 0x16, 0xfc, 0x1e, 0x18, 0x14, 0xfc, 0x0b, 0x06, 0x0f, 0xfd, 0x06, 0x01, 0x0d, 0xfd,
    0x18, 0x12, 0x0f, 0xfd, 0x20, 0x19, 0x13, 0xfc, 0x21, 0x1a, 0x15, 0xfc, 0x21, 0x1a, 0x16, 0xfc,
    0x1d, 0x0e, 0x06, 0xfc, 0x18, 0x05, 0x00, 0xfc, 0x1a, 0x10, 0x09, 0xfc, 0x1e, 0x18, 0x14, 0xfc,
    0x20, 0x19, 0x15, 0xfc, 0x21, 0x1a, 0x15, 0xfd, 0x20, 0x1a, 0x15, 0xfd, 0x21, 0x1a, 0x15, 0xfc,
    0x24, 0x1d, 0x18, 0xfd, 0x22, 0x1b, 0x16, 0xff, 0x14, 0x0f, 0x0b, 0xb8, 0x00, 0x00, 0x00, 0x04,
    0x00, 0x00, 0x00, 0x00, 0x00, 0x00, 0x00, 0x00, 0x00, 0x00, 0x00, 0x00, 0x00, 0x00, 0x00, 0x00,
    0x00, 0x00, 0x00, 0x00, 0x00, 0x00, 0x00, 0x00, 0x00, 0x00, 0x00, 0x00, 0x00, 0x00, 0x00, 0x00,
    0x00, 0x00, 0x00, 0x00, 0x00, 0x00, 0x00, 0x07, 0x16, 0x10, 0x0d, 0xa7, 0x22, 0x1b, 0x17, 0xff,
    0x26, 0x1f, 0x1a, 0xff, 0x25, 0x1e, 0x19, 0xfd, 0x24, 0x1d, 0x18, 0xfc, 0x23, 0x1c, 0x17, 0xfc,
    0x23, 0x1c, 0x17, 0xfc, 0x23, 0x1c, 0x17, 0xfc, 0x23, 0x1c, 0x17, 0xfc, 0x23, 0x1c, 0x16, 0xfc,
    0x23, 0x1c, 0x17, 0xfc, 0x23, 0x1c, 0x17, 0xfc, 0x23, 0x1c, 0x17, 0xfc, 0x23, 0x1c, 0x17, 0xfc,
    0x22, 0x1c, 0x17, 0xfc, 0x22, 0x1b, 0x16, 0xfc, 0x22, 0x1b, 0x16, 0xfc, 0x22, 0x1b, 0x16, 0xfc,
    0x22, 0x1b, 0x16, 0xfd, 0x22, 0x1b, 0x16, 0xfc, 0x21, 0x1a, 0x15, 0xfc, 0x20, 0x1a, 0x15, 0xfc,
    0x21, 0x1a, 0x15, 0xfc, 0x21, 0x1a, 0x15, 0xfc, 0x22, 0x1b, 0x15, 0xfd, 0x22, 0x1b, 0x16, 0xfc,
    0x22, 0x1b, 0x16, 0xfc, 0x21, 0x1a, 0x15, 0xfc, 0x20, 0x19, 0x15, 0xfc, 0x20, 0x1a, 0x15, 0xfc,
    0x20, 0x1a, 0x15, 0xfd, 0x21, 0x1a, 0x15, 0xfd, 0x22, 0x1b, 0x16, 0xfd, 0x23, 0x1c, 0x17, 0xff,
    0x1e, 0x17, 0x12, 0xff, 0x14, 0x0e, 0x0a, 0xa3, 0x00, 0x00, 0x00, 0x07, 0x00, 0x00, 0x00, 0x00,
    0x00, 0x00, 0x00, 0x00, 0x00, 0x00, 0x00, 0x00, 0x00, 0x00, 0x00, 0x00, 0x00, 0x00, 0x00, 0x00,
    0x00, 0x00, 0x00, 0x00, 0x00, 0x00, 0x00, 0x00, 0x00, 0x00, 0x00, 0x00, 0x00, 0x00, 0x00, 0x00,
    0x00, 0x00, 0x00, 0x00, 0x00, 0x00, 0x00, 0x00, 0x00, 0x00, 0x00, 0x00, 0x12, 0x0d, 0x07, 0x61,
    0x18, 0x12, 0x0d, 0xdb, 0x1f, 0x18, 0x14, 0xff, 0x24, 0x1d, 0x18, 0xff, 0x25, 0x1e, 0x19, 0xff,
    0x24, 0x1d, 0x18, 0xff, 0x25, 0x1d, 0x18, 0xff, 0x25, 0x1e, 0x19, 0xff, 0x26, 0x1e, 0x19, 0xff,
    0x26, 0x1e, 0x19, 0xff, 0x25, 0x1e, 0x18, 0xff, 0x25, 0x1e, 0x19, 0xff, 0x25, 0x1e, 0x18, 0xff,
    0x25, 0x1e, 0x18, 0xff, 0x25, 0x1e, 0x19, 0xff, 0x25, 0x1e, 0x18, 0xff, 0x24, 0x1d, 0x18, 0xff,
    0x24, 0x1d, 0x18, 0xff, 0x24, 0x1d, 0x18, 0xff, 0x24, 0x1d, 0x17, 0xff, 0x25, 0x1d, 0x18, 0xff,
    0x24, 0x1d, 0x17, 0xff, 0x24, 0x1c, 0x17, 0xff, 0x24, 0x1d, 0x17, 0xff, 0x23, 0x1c, 0x17, 0xff,
    0x24, 0x1d, 0x17, 0xff, 0x24, 0x1c, 0x17, 0xff, 0x23, 0x1c, 0x17, 0xff, 0x23, 0x1c, 0x17, 0xff,
    0x22, 0x1b, 0x16, 0xff, 0x21, 0x1a, 0x15, 0xff, 0x1d, 0x16, 0x11, 0xff, 0x16, 0x10, 0x0c, 0xd8,
    0x10, 0x0a, 0x08, 0x5e, 0x00, 0x00, 0x00, 0x00, 0x00, 0x00, 0x00, 0x00, 0x00, 0x00, 0x00, 0x00,
    0x00, 0x00, 0x00, 0x00, 0x00, 0x00, 0x00, 0x00, 0x00, 0x00, 0x00, 0x00, 0x00, 0x00, 0x00, 0x00,
    0x00, 0x00, 0x00, 0x00, 0x00, 0x00, 0x00, 0x00, 0x00, 0x00, 0x00, 0x00, 0x00, 0x00, 0x00, 0x00,
    0x00, 0x00, 0x00, 0x00, 0x00, 0x00, 0x00, 0x00, 0x00, 0x00, 0x00, 0x00, 0x00, 0x00, 0x00, 0x00,
    0x00, 0x00, 0x00, 0x08, 0x0f, 0x09, 0x06, 0x50, 0x12, 0x0d, 0x0a, 0x94, 0x17, 0x10, 0x0c, 0xbb,
    0x16, 0x11, 0x0c, 0xcd, 0x17, 0x11, 0x0d, 0xd0, 0x17, 0x11, 0x0d, 0xcf, 0x17, 0x11, 0x0d, 0xcf,
    0x17, 0x12, 0x0d, 0xcf, 0x17, 0x11, 0x0d, 0xcf, 0x18, 0x12, 0x0d, 0xd0, 0x17, 0x12, 0x0d, 0xd0,
    0x17, 0x11, 0x0d, 0xcf, 0x17, 0x11, 0x0c, 0xcf, 0x17, 0x11, 0x0d, 0xd0, 0x17, 0x11, 0x0c, 0xcf,
    0x17, 0x11, 0x0c, 0xcf, 0x17, 0x11, 0x0d, 0xd0, 0x17, 0x11, 0x0c, 0xcf, 0x17, 0x11, 0x0d, 0xcf,
    0x17, 0x11, 0x0c, 0xcf, 0x17, 0x11, 0x0c, 0xcf, 0x17, 0x11, 0x0c, 0xcf, 0x17, 0x11, 0x0c, 0xcf,
    0x17, 0x11, 0x0c, 0xd0, 0x17, 0x11, 0x0d, 0xd0, 0x17, 0x11, 0x0c, 0xd0, 0x16, 0x11, 0x0c, 0xcc,
    0x16, 0x0f, 0x0b, 0xb9, 0x13, 0x0e, 0x08, 0x90, 0x0d, 0x0a, 0x06, 0x4b, 0x00, 0x00, 0x00, 0x06,
    0x00, 0x00, 0x00, 0x00, 0x00, 0x00, 0x00, 0x00, 0x00, 0x00, 0x00, 0x00, 0x00, 0x00, 0x00, 0x00,
    0x00, 0x00, 0x00, 0x00, 0x00, 0x00, 0x00, 0x00, 0x00, 0x00, 0x00, 0x00, 0x00, 0x00, 0x00, 0x00,
    0x00, 0x00, 0x00, 0x00, 0x00, 0x00, 0x00, 0x00, 0x00, 0x00, 0x00, 0x00, 0x00, 0x00, 0x00, 0x00,
    0x00, 0x00, 0x00, 0x00, 0x00, 0x00, 0x00, 0x00, 0x00, 0x00, 0x00, 0x00, 0x00, 0x00, 0x00, 0x00,
    0x00, 0x00, 0x00, 0x00, 0x00, 0x00, 0x00, 0x00, 0x00, 0x00, 0x00, 0x00, 0x00, 0x00, 0x00, 0x00,
    0x00, 0x00, 0x00, 0x00, 0x00, 0x00, 0x00, 0x00, 0x00, 0x00, 0x00, 0x00, 0x00, 0x00, 0x00, 0x00,
    0x00, 0x00, 0x00, 0x00, 0x00, 0x00, 0x00, 0x00, 0x00, 0x00, 0x00, 0x00, 0x00, 0x00, 0x00, 0x00,
    0x00, 0x00, 0x00, 0x00, 0x00, 0x00, 0x00, 0x00, 0x00, 0x00, 0x00, 0x00, 0x00, 0x00, 0x00, 0x00,
    0x00, 0x00, 0x00, 0x00, 0x00, 0x00, 0x00, 0x00, 0x00, 0x00, 0x00, 0x00, 0x00, 0x00, 0x00, 0x00,
    0x00, 0x00, 0x00, 0x00, 0x00, 0x00, 0x00, 0x00, 0x00, 0x00, 0x00, 0x00, 0x00, 0x00, 0x00, 0x00,
    0x00, 0x00, 0x00, 0x00, 0x00, 0x00, 0x00, 0x00, 0x00, 0x00, 0x00, 0x00, 0x00, 0x00, 0x00, 0x00,
    0x00, 0x00, 0x00, 0x00, 0x00, 0x00, 0x00, 0x00, 0x00, 0x00, 0x00, 0x00, 0x00, 0x00, 0x00, 0x00,
    0x00, 0x00, 0x00, 0x00, 0x00, 0x00, 0x00, 0x00, 0x00, 0x00, 0x00, 0x00, 0x00, 0x00, 0x00, 0x00,
    0x00, 0x00, 0x00, 0x00, 0x00, 0x00, 0x00, 0x00, 0x00, 0x00, 0x00, 0x00, 0x00, 0x00, 0x00, 0x00,
    0x00, 0x00, 0x00, 0x00, 0x00, 0x00, 0x00, 0x00, 0x00, 0x00, 0x00, 0x00, 0x00, 0x00, 0x00, 0x00,
    0x00, 0x00, 0x00, 0x00, 0x00, 0x00, 0x00, 0x00, 0x00, 0x00, 0x00, 0x00, 0x00, 0x00, 0x00, 0x00,
    0x00, 0x00, 0x00, 0x00, 0x00, 0x00, 0x00, 0x00, 0x00, 0x00, 0x00, 0x00, 0x00, 0x00, 0x00, 0x00,
    0x00, 0x00, 0x00, 0x00, 0x00, 0x00, 0x00, 0x00, 0x00, 0x00, 0x00, 0x00, 0x00, 0x00, 0x00, 0x00,
    0x00, 0x00, 0x00, 0x00, 0x00, 0x00, 0x00, 0x00, 0x00, 0x00, 0x00, 0x00, 0x00, 0x00, 0x00, 0x00,
    0x00, 0x00, 0x00, 0x00, 0x00, 0x00, 0x00, 0x00, 0x00, 0x00, 0x00, 0x00, 0x00, 0x00, 0x00, 0x00,
    0x00, 0x00, 0x00, 0x00, 0x00, 0x00, 0x00, 0x00, 0x00, 0x00, 0x00, 0x00, 0x00, 0x00, 0x00, 0x00,
    0x00, 0x00, 0x00, 0x00, 0x00, 0x00, 0x00, 0x00, 0x00, 0x00, 0x00, 0x00, 0x00, 0x00, 0x00, 0x00,
    0x00, 0x00, 0x00, 0x00, 0x00, 0x00, 0x00, 0x00, 0x00, 0x00, 0x00, 0x00, 0x00, 0x00, 0x00, 0x00,
    0x00, 0x00, 0x00, 0x00, 0x00, 0x00, 0x00, 0x00, 0x00, 0x00, 0x00, 0x00, 0x00, 0x00, 0x00, 0x00,
    0x00, 0x00, 0x00, 0x00, 0x00, 0x00, 0x00, 0x00, 0x00, 0x00, 0x00, 0x00, 0x00, 0x00, 0x00, 0x00,
    0x00, 0x00, 0x00, 0x00, 0x00, 0x00, 0x00, 0x00, 0x00, 0x00, 0x00, 0x00, 0x00, 0x00, 0x00, 0x00,
    0x00, 0x00, 0x00, 0x00, 0x00, 0x00, 0x00, 0x00, 0x00, 0x00, 0x00, 0x00, 0x00, 0x00, 0x00, 0x00,
    0x00, 0x00, 0x00, 0x00, 0x00, 0x00, 0x00, 0x00, 0x00, 0x00, 0x00, 0x00, 0x00, 0x00, 0x00, 0x00,
    0x00, 0x00, 0x00, 0x00, 0x00, 0x00, 0x00, 0x00, 0x00, 0x00, 0x00, 0x00, 0x00, 0x00, 0x00, 0x00,
    0x00, 0x00, 0x00, 0x00, 0x00, 0x00, 0x00, 0x00, 0x00, 0x00, 0x00, 0x01, 0x00, 0x00, 0x00, 0x00,
    0x00, 0x00, 0x00, 0x00, 0x00, 0x00, 0x00, 0x00, 0x00, 0x00, 0x00, 0x00, 0x00, 0x00, 0x00, 0x00,
    0x00, 0x00, 0x00, 0x00, 0x00, 0x00, 0x00, 0x00, 0x00, 0x00, 0x00, 0x00, 0x00, 0x00, 0x00, 0x00,
    0x00, 0x00, 0x00, 0x00, 0x00, 0x00, 0x00, 0x00, 0x00, 0x00, 0x00, 0x00, 0x00, 0x00, 0x00, 0x00,
    0x00, 0x00, 0x00, 0x00, 0x00, 0x00, 0x00, 0x00, 0x00, 0x00, 0x00, 0x00, 0x00, 0x00, 0x00, 0x00,
    0x00, 0x00, 0x00, 0x00, 0x00, 0x00, 0x00, 0x00, 0x00, 0x00, 0x00, 0x00, 0x00, 0x00, 0x00, 0x00,
    0x00, 0x00, 0x00, 0x00, 0x00, 0x00, 0x00, 0x00, 0x00, 0x00, 0x00, 0x00, 0x00, 0x00, 0x00, 0x00,
    0x00, 0x00, 0x00, 0x00, 0x00, 0x00, 0x00, 0x00, 0x00, 0x00, 0x00, 0x00, 0x00, 0x00, 0x00, 0x00,
    0x00, 0x00, 0x00, 0x00, 0x00, 0x00, 0x00, 0x00, 0x00, 0x00, 0x00, 0x00, 0x00, 0x00, 0x00, 0x00,
    0x00, 0x00, 0x00, 0x00, 0x00, 0x00, 0x00, 0x00, 0x00, 0x00, 0x00, 0x00, 0x00, 0x00, 0x00, 0x00,
    0x00, 0x00, 0x00, 0x00, 0x00, 0x00, 0x00, 0x00, 0x00, 0x00, 0x00, 0x00, 0x00, 0x00, 0x00, 0x00,
    0x00, 0x00, 0x00, 0x00, 0x00, 0x00, 0x00, 0x00, 0x00, 0x00, 0x00, 0x00, 0x00, 0x00, 0x00, 0x00,
    0x00, 0x00, 0x00, 0x00, 0x00, 0x00, 0x00, 0x00, 0x00, 0x00, 0x00, 0x00, 0x00, 0x00, 0x00, 0x00,
    0x00, 0x00, 0x00, 0x00, 0x00, 0x00, 0x00, 0x00, 0x00, 0x00, 0x00, 0x00, 0x00, 0x00, 0x00, 0x00,
    0x00, 0x00, 0x00, 0x00, 0x00, 0x00, 0x00, 0x00, 0x00, 0x00, 0x00, 0x00, 0x00, 0x00, 0x00, 0x00,
    0x00, 0x00, 0x00, 0x00, 0x00, 0x00, 0x00, 0x00, 0x00, 0x00, 0x00, 0x00, 0x00, 0x00, 0x00, 0x00,
    0x00, 0x00, 0x00, 0x00, 0x00, 0x00, 0x00, 0x00, 0x00, 0x00, 0x00, 0x00, 0x00, 0x00, 0x00, 0x00,
    0x00, 0x00, 0x00, 0x00, 0x00, 0x00, 0x00, 0x00, 0x00, 0x00, 0x00, 0x00, 0x00, 0x00, 0x00, 0x00,
    0x00, 0x00, 0x00, 0x00, 0x00, 0x00, 0x00, 0x00, 0x00, 0x00, 0x00, 0x00, 0x00, 0x00, 0x00, 0x00,
    0x00, 0x00, 0x00, 0x00, 0x00, 0x00, 0x00, 0x00, 0x00, 0x00, 0x00, 0x00, 0x00, 0x00, 0x00, 0x00,
    0x00, 0x00, 0x00, 0x00, 0x00, 0x00, 0x00, 0x00, 0x00, 0x00, 0x00, 0x00, 0x00, 0x00, 0x00, 0x00,
};

const lv_image_dsc_t toolbox_icon_gpio_tool = {
    .header.cf = LV_COLOR_FORMAT_ARGB8888,
    .header.magic = LV_IMAGE_HEADER_MAGIC,
    .header.w = 48,
    .header.h = 48,
    .data_size = sizeof(toolbox_icon_gpio_tool_map),
    .data = toolbox_icon_gpio_tool_map,
};

const LV_ATTRIBUTE_MEM_ALIGN LV_ATTRIBUTE_LARGE_CONST LV_ATTRIBUTE_IMAGE_TOOLBOX_ICON uint8_t toolbox_icon_logic_analyzer_map[] = {
    0x00, 0x00, 0x00, 0x00, 0x00, 0x00, 0x00, 0x00, 0x00, 0x00, 0x00, 0x00, 0x00, 0x00, 0x00, 0x00,
    0x00, 0x00, 0x00, 0x00, 0x00, 0x00, 0x00, 0x00, 0x00, 0x00, 0x00, 0x00, 0x00, 0x00, 0x00, 0x00,
    0x00, 0x00, 0x00, 0x00, 0x00, 0x00, 0x00, 0x00, 0x00, 0x00, 0x00, 0x00, 0x00, 0x00, 0x00, 0x00,
    0x00, 0x00, 0x00, 0x00, 0x00, 0x00, 0x00, 0x00, 0x00, 0x00, 0x00, 0x00, 0x00, 0x00, 0x00, 0x00,
    0x00, 0x00, 0x00, 0x00, 0x00, 0x00, 0x00, 0x00, 0x00, 0x00, 0x00, 0x00, 0x00, 0x00, 0x00, 0x00,
    0x00, 0x00, 0x00, 0x00, 0x00, 0x00, 0x00, 0x00, 0x00, 0x00, 0x00, 0x00, 0x00, 0x00, 0x00, 0x00,
    0x00, 0x00, 0x00, 0x00, 0x00, 0x00, 0x00, 0x00, 0x00, 0x00, 0x00, 0x00, 0x00, 0x00, 0x00, 0x00,
    0x00, 0x00, 0x00, 0x00, 0x00, 0x00, 0x00, 0x00, 0x00, 0x00, 0x00, 0x00, 0x00, 0x00, 0x00, 0x00,
    0x00, 0x00, 0x00, 0x00, 0x00, 0x00, 0x00, 0x00, 0x00, 0x00, 0x00, 0x00, 0x00, 0x00, 0x00, 0x00,
    0x00, 0x00, 0x00, 0x00, 0x00, 0x00, 0x00, 0x00, 0x00, 0x00, 0x00, 0x00, 0x00, 0x00, 0x00, 0x00,
    0x00, 0x00, 0x00, 0x00, 0x00, 0x00, 0x00, 0x00, 0x00, 0x00, 0x00, 0x00, 0x00, 0x00, 0x00, 0x00,
    0x00, 0x00, 0x00, 0x00, 0x00, 0x00, 0x00, 0x00, 0x00, 0x00, 0x00, 0x00, 0x00, 0x00, 0x00, 0x00,
    0x00, 0x00, 0x00, 0x00, 0x00, 0x00, 0x00, 0x00, 0x00, 0x00, 0x00, 0x00, 0x00, 0x00, 0x00, 0x00,
    0x00, 0x00, 0x00, 0x00, 0x00, 0x00, 0x00, 0x00, 0x00, 0x00, 0x00, 0x00, 0x00, 0x00, 0x00, 0x00,
    0x00, 0x00, 0x00, 0x00, 0x00, 0x00, 0x00, 0x00, 0x00, 0x00, 0x00, 0x00, 0x00, 0x00, 0x00, 0x00,
    0x00, 0x00, 0x00, 0x00, 0x00, 0x00, 0x00, 0x00, 0x00, 0x00, 0x00, 0x00, 0x00, 0x00, 0x00, 0x00,
    0x00, 0x00, 0x00, 0x00, 0x00, 0x00, 0x00, 0x00, 0x00, 0x00, 0x00, 0x00, 0x00, 0x00, 0x00, 0x00,
    0x00, 0x00, 0x00, 0x00, 0x00, 0x00, 0x00, 0x00, 0x00, 0x00, 0x00, 0x00, 0x00, 0x00, 0x00, 0x00,
    0x00, 0x00, 0x00, 0x00, 0x00, 0x00, 0x00, 0x00, 0x00, 0x00, 0x00, 0x00, 0x00, 0x00, 0x00, 0x00,
    0x00, 0x00, 0x00, 0x00, 0x00, 0x00, 0x00, 0x00, 0x00, 0x00, 0x00, 0x00, 0x00, 0x00, 0x00, 0x00,
    0x00, 0x00, 0x00, 0x00, 0x00, 0x00, 0x00, 0x00, 0x00, 0x00, 0x00, 0x00, 0x00, 0x00, 0x00, 0x00,
    0x00, 0x00, 0x00, 0x00, 0x00, 0x00, 0x00, 0x00, 0x00, 0x00, 0x00, 0x00, 0x00, 0x00, 0x00, 0x00,
    0x00, 0x00, 0x00, 0x00, 0x00, 0x00, 0x00, 0x00, 0x00, 0x00, 0x00, 0x00, 0x00, 0x00, 0x00, 0x00,
    0x00, 0x00, 0x00, 0x00, 0x00, 0x00, 0x00, 0x00, 0x00, 0x00, 0x00, 0x00, 0x00, 0x00, 0x00, 0x00,
    0x00, 0x00, 0x00, 0x00, 0x00, 0x00, 0x00, 0x00, 0x00, 0x00, 0x00, 0x00, 0x00, 0x00, 0x00, 0x00,
    0x00, 0x00, 0x00, 0x00, 0x00, 0x00, 0x00, 0x00, 0x00, 0x00, 0x00, 0x00, 0x00, 0x00, 0x00, 0x00,
    0x00, 0x00, 0x00, 0x00, 0x00, 0x00, 0x00, 0x00, 0x00, 0x00, 0x00, 0x00, 0x00, 0x00, 0x00, 0x00,
    0x7f, 0x66, 0x66, 0x0a, 0x7f, 0x6a, 0x55, 0x0c, 0x6a, 0x6a, 0x55, 0x0c, 0x73, 0x73, 0x5c, 0x0b,
    0x7f, 0x6a, 0x55, 0x0c, 0x7f, 0x6a, 0x55, 0x0c, 0x7f, 0x6a, 0x55, 0x0c, 0x6a, 0x6a, 0x55, 0x0c,
    0x7f, 0x6a, 0x55, 0x0c, 0x6a, 0x6a, 0x55, 0x0c, 0x6a, 0x6a, 0x55, 0x0c, 0x6a, 0x6a, 0x55, 0x0c,
    0x6a, 0x6a, 0x55, 0x0c, 0x6a, 0x6a, 0x55, 0x0c, 0x6a, 0x6a, 0x55, 0x0c, 0x6a, 0x6a, 0x55, 0x0c,
    0x6a, 0x6a, 0x55, 0x0c, 0x6a, 0x6a, 0x55, 0x0c, 0x6a, 0x6a, 0x55, 0x0c, 0x6a, 0x55, 0x55, 0x0c,
    0x6a, 0x55, 0x55, 0x0c, 0x6a, 0x55, 0x55, 0x0c, 0x6a, 0x55, 0x55, 0x0c, 0x66, 0x66, 0x4c, 0x0a,
    0x00, 0x00, 0x00, 0x00, 0x00, 0x00, 0x00, 0x00, 0x00, 0x00, 0x00, 0x00, 0x00, 0x00, 0x00, 0x00,
    0x00, 0x00, 0x00, 0x00, 0x00, 0x00, 0x00, 0x00, 0x00, 0x00, 0x00, 0x00, 0x00, 0x00, 0x00, 0x00,
    0x00, 0x00, 0x00, 0x00, 0x00, 0x00, 0x00, 0x00, 0x00, 0x00, 0x00, 0x00, 0x00, 0x00, 0x00, 0x00,
    0x00, 0x00, 0x00, 0x00, 0x00, 0x00, 0x00, 0x00, 0x00, 0x00, 0x00, 0x00, 0x00, 0x00, 0x00, 0x00,
    0x00, 0x00, 0x00, 0x00, 0x00, 0x00, 0x00, 0x00, 0x00, 0x00, 0x00, 0x00, 0x00, 0x00, 0x00, 0x00,
    0x4f, 0x4f, 0x3f, 0x10, 0x71, 0x63, 0x59, 0x61, 0x6a, 0x5e, 0x54, 0xa8, 0x64, 0x58, 0x4e, 0xd3,
    0x5c, 0x50, 0x46, 0xe3, 0x55, 0x4a, 0x41, 0xe6, 0x54, 0x49, 0x40, 0xe6, 0x53, 0x48, 0x3f, 0xe6,
    0x53, 0x49, 0x3f, 0xe6, 0x53, 0x49, 0x3f, 0xe6, 0x52, 0x48, 0x3e, 0xe6, 0x52, 0x48, 0x3e, 0xe6,
    0x52, 0x46, 0x3e, 0xe6, 0x50, 0x45, 0x3b, 0xe6, 0x50, 0x45, 0x3c, 0xe6, 0x50, 0x45, 0x3c, 0xe6,
    0x4f, 0x44, 0x3b, 0xe6, 0x4f, 0x44, 0x3b, 0xe6, 0x4f, 0x45, 0x3b, 0xe6, 0x4f, 0x44, 0x3b, 0xe6,
    0x4d, 0x42, 0x39, 0xe6, 0x4c, 0x42, 0x39, 0xe6, 0x4b, 0x41, 0x38, 0xe6, 0x4c, 0x42, 0x39, 0xe6,
    0x4b, 0x41, 0x38, 0xe6, 0x4c, 0x42, 0x39, 0xe6, 0x4c, 0x41, 0x38, 0xe7, 0x4e, 0x44, 0x3b, 0xe4,
    0x52, 0x48, 0x3e, 0xd4, 0x54, 0x49, 0x40, 0xaa, 0x50, 0x46, 0x3e, 0x62, 0x38, 0x38, 0x2a, 0x12,
    0x00, 0x00, 0x00, 0x00, 0x00, 0x00, 0x00, 0x00, 0x00, 0x00, 0x00, 0x00, 0x00, 0x00, 0x00, 0x00,
    0x00, 0x00, 0x00, 0x00, 0x00, 0x00, 0x00, 0x00, 0x00, 0x00, 0x00, 0x00, 0x00, 0x00, 0x00, 0x00,
    0x00, 0x00, 0x00, 0x00, 0x00, 0x00, 0x00, 0x00, 0x00, 0x00, 0x00, 0x00, 0x00, 0x00, 0x00, 0x00,
    0x00, 0x00, 0x00, 0x00, 0x00, 0x00, 0x00, 0x00, 0x00, 0x00, 0x00, 0x00, 0x6d, 0x62, 0x58, 0x6d,
    0x69, 0x5d, 0x53, 0xe4, 0x5b, 0x50, 0x46, 0xff, 0x49, 0x3f, 0x35, 0xff, 0x3e, 0x35, 0x2b, 0xff,
    0x38, 0x2e, 0x26, 0xff, 0x36, 0x2d, 0x25, 0xff, 0x36, 0x2d, 0x25, 0xff, 0x36, 0x2d, 0x25, 0xff,
    0x35, 0x2d, 0x24, 0xff, 0x35, 0x2d, 0x24, 0xff, 0x35, 0x2c, 0x24, 0xff, 0x34, 0x2c, 0x23, 0xff,
    0x34, 0x2b, 0x23, 0xff, 0x34, 0x2c, 0x23, 0xff, 0x32, 0x2a, 0x22, 0xff, 0x32, 0x2a, 0x22, 0xff,
    0x32, 0x2a, 0x22, 0xff, 0x32, 0x2a, 0x22, 0xff, 0x33, 0x2a, 0x22, 0xff, 0x31, 0x29, 0x21, 0xff,
    0x31, 0x29, 0x21, 0xff, 0x31, 0x29, 0x21, 0xff, 0x30, 0x28, 0x21, 0xff, 0x30, 0x29, 0x21, 0xff,
    0x2f, 0x29, 0x21, 0xff, 0x30, 0x29, 0x21, 0xff, 0x2f, 0x28, 0x20, 0xff, 0x2f, 0x29, 0x21, 0xff,
    0x34, 0x2c, 0x24, 0xff, 0x3c, 0x33, 0x2b, 0xff, 0x47, 0x3d, 0x35, 0xff, 0x4c, 0x43, 0x3a, 0xe6,
    0x4b, 0x42, 0x39, 0x73, 0x00, 0x00, 0x00, 0x00, 0x00, 0x00, 0x00, 0x00, 0x00, 0x00, 0x00, 0x00,
    0x00, 0x00, 0x00, 0x00, 0x00, 0x00, 0x00, 0x00, 0x00, 0x00, 0x00, 0x00, 0x00, 0x00, 0x00, 0x00,
    0x00, 0x00, 0x00, 0x00, 0x00, 0x00, 0x00, 0x00, 0x00, 0x00, 0x00, 0x00, 0x00, 0x00, 0x00, 0x00,
    0x00, 0x00, 0x00, 0x00, 0x3a, 0x3a, 0x3a, 0x0d, 0x69, 0x5e, 0x54, 0xb3, 0x61, 0x55, 0x4b, 0xff,
    0x3c, 0x33, 0x2b, 0xff, 0x2f, 0x27, 0x1f, 0xfd, 0x32, 0x29, 0x21, 0xfd, 0x34, 0x2b, 0x23, 0xfd,
    0x34, 0x2b, 0x23, 0xfd, 0x34, 0x2b, 0x23, 0xfd, 0x33, 0x2b, 0x22, 0xfd, 0x32, 0x2a, 0x22, 0xfd,
    0x32, 0x2a, 0x22, 0xfd, 0x2f, 0x26, 0x22, 0xfd, 0x2c, 0x24, 0x22, 0xfd, 0x30, 0x29, 0x21, 0xfd,
    0x31, 0x28, 0x20, 0xfd, 0x31, 0x29, 0x21, 0xfd, 0x30, 0x29, 0x21, 0xfd, 0x2a, 0x22, 0x20, 0xfd,
    0x2a, 0x22, 0x21, 0xfd, 0x2f, 0x28, 0x20, 0xfd, 0x2e, 0x27, 0x1f, 0xfd, 0x2f, 0x27, 0x1f, 0xfd,
    0x2f, 0x27, 0x1f, 0xfd, 0x28, 0x20, 0x20, 0xfd, 0x29, 0x22, 0x1f, 0xfc, 0x2e, 0x26, 0x1e, 0xfc,
    0x2b, 0x25, 0x1e, 0xfc, 0x2c, 0x25, 0x1e, 0xfc, 0x2b, 0x25, 0x1d, 0xfc, 0x2c, 0x25, 0x1e, 0xfc,
    0x2d, 0x25, 0x1d, 0xfd, 0x2a, 0x23, 0x1c, 0xfd, 0x28, 0x22, 0x1b, 0xfd, 0x31, 0x2a, 0x22, 0xff,
    0x46, 0x3d, 0x34, 0xff, 0x48, 0x3e, 0x36, 0xb7, 0x33, 0x22, 0x22, 0x0f, 0x00, 0x00, 0x00, 0x00,
    0x00, 0x00, 0x00, 0x00, 0x00, 0x00, 0x00, 0x00, 0x00, 0x00, 0x00, 0x00, 0x00, 0x00, 0x00, 0x00,
    0x00, 0x00, 0x00, 0x00, 0x00, 0x00, 0x00, 0x00, 0x00, 0x00, 0x00, 0x00, 0x00, 0x00, 0x00, 0x00,
    0x48, 0x24, 0x24, 0x07, 0x62, 0x56, 0x4d, 0xc2, 0x55, 0x4a, 0x40, 0xff, 0x30, 0x28, 0x20, 0xfe,
    0x31, 0x29, 0x21, 0xfd, 0x34, 0x2b, 0x23, 0xfd, 0x34, 0x2b, 0x23, 0xfd, 0x33, 0x2b, 0x22, 0xfd,
    0x32, 0x2a, 0x23, 0xfc, 0x33, 0x2a, 0x22, 0xfd, 0x32, 0x2a, 0x21, 0xfd, 0x32, 0x2b, 0x21, 0xfc,
    0x2b, 0x23, 0x22, 0xfd, 0x33, 0x2c, 0x20, 0xfd, 0x3c, 0x35, 0x1e, 0xfd, 0x26, 0x1e, 0x20, 0xfd,
    0x2f, 0x28, 0x20, 0xfd, 0x30, 0x28, 0x20, 0xfd, 0x26, 0x1e, 0x20, 0xfd, 0x3a, 0x32, 0x1d, 0xfd,
    0x38, 0x31, 0x1c, 0xfd, 0x25, 0x1d, 0x1f, 0xfd, 0x2d, 0x27, 0x1e, 0xfc, 0x2e, 0x26, 0x1f, 0xfc,
    0x25, 0x1d, 0x1f, 0xfd, 0x3d, 0x36, 0x1c, 0xfd, 0x30, 0x29, 0x1c, 0xfd, 0x26, 0x1e, 0x1e, 0xfd,
    0x2c, 0x25, 0x1d, 0xfc, 0x2b, 0x25, 0x1e, 0xfc, 0x2b, 0x25, 0x1d, 0xfc, 0x2b, 0x25, 0x1d, 0xfc,
    0x2c, 0x24, 0x1d, 0xfd, 0x2a, 0x24, 0x1d, 0xfc, 0x2a, 0x24, 0x1c, 0xfc, 0x29, 0x22, 0x1b, 0xfd,
    0x29, 0x22, 0x1b, 0xfd, 0x3e, 0x36, 0x2d, 0xff, 0x40, 0x37, 0x31, 0xc5, 0x1f, 0x1f, 0x1f, 0x08,
    0x00, 0x00, 0x00, 0x00, 0x00, 0x00, 0x00, 0x01, 0x00, 0x00, 0x00, 0x01, 0x00, 0x00, 0x00, 0x00,
    0x00, 0x00, 0x00, 0x00, 0x00, 0x00, 0x00, 0x00, 0x00, 0x00, 0x00, 0x00, 0x00, 0x00, 0x00, 0x00,
    0x5d, 0x52, 0x48, 0x98, 0x56, 0x4b, 0x41, 0xff, 0x2f, 0x27, 0x20, 0xfd, 0x33, 0x2a, 0x22, 0xfd,
    0x35, 0x2c, 0x23, 0xfd, 0x34, 0x2b, 0x23, 0xfd, 0x32, 0x2a, 0x23, 0xfc, 0x32, 0x2a, 0x22, 0xfd,
    0x33, 0x2a, 0x22, 0xfd, 0x32, 0x2a, 0x21, 0xfd, 0x31, 0x29, 0x21, 0xfd, 0x29, 0x22, 0x21, 0xfc,
    0x41, 0x3a, 0x1d, 0xfd, 0xd8, 0xd4, 0x10, 0xfd, 0xee, 0xed, 0x06, 0xfd, 0x66, 0x60, 0x10, 0xfd,
    0x1f, 0x18, 0x1e, 0xfd, 0x23, 0x1b, 0x1f, 0xfd, 0x58, 0x51, 0x19, 0xfd, 0xeb, 0xe9, 0x0b, 0xfd,
    0xe8, 0xe4, 0x05, 0xfd, 0x4c, 0x45, 0x12, 0xfd, 0x21, 0x1a, 0x1d, 0xfc, 0x1e, 0x18, 0x1d, 0xfc,
    0x72, 0x6c, 0x17, 0xfd, 0xf1, 0xf1, 0x0a, 0xfd, 0xd5, 0xd0, 0x06, 0xfd, 0x37, 0x30, 0x14, 0xfd,
    0x25, 0x1e, 0x1d, 0xfd, 0x2b, 0x24, 0x1d, 0xfc, 0x2b, 0x24, 0x1d, 0xfc, 0x2b, 0x24, 0x1c, 0xfd,
    0x2a, 0x23, 0x1c, 0xfc, 0x2a, 0x23, 0x1c, 0xfc, 0x2a, 0x23, 0x1c, 0xfc, 0x2a, 0x23, 0x1c, 0xfc,
    0x2a, 0x23, 0x1c, 0xfd, 0x28, 0x22, 0x1b, 0xfd, 0x3d, 0x34, 0x2c, 0xff, 0x39, 0x32, 0x2a, 0x9b,
    0x00, 0x00, 0x00, 0x00, 0x00, 0x00, 0x00, 0x00, 0x00, 0x00, 0x00, 0x00, 0x00, 0x00, 0x00, 0x00,
    0x00, 0x00, 0x00, 0x00, 0x00, 0x00, 0x00, 0x00, 0x00, 0x00, 0x00, 0x00, 0x54, 0x4c, 0x43, 0x39,
    0x57, 0x4c, 0x42, 0xff, 0x33, 0x2b, 0x23, 0xfe, 0x33, 0x2a, 0x22, 0xfd, 0x33, 0x2b, 0x22, 0xfd,
    0x32, 0x2a, 0x22, 0xfc, 0x33, 0x2b, 0x22, 0xfd, 0x33, 0x2a, 0x22, 0xfd, 0x32, 0x2a, 0x22, 0xfd,
    0x32, 0x2a, 0x22, 0xfc, 0x31, 0x29, 0x21, 0xfd, 0x31, 0x29, 0x20, 0xfd, 0x1e, 0x16, 0x21, 0xfc,
    0x78, 0x73, 0x13, 0xfd, 0xfe, 0xfe, 0x01, 0xfd, 0xfe, 0xfe, 0x00, 0xfd, 0xad, 0xa5, 0x02, 0xfd,
    0x12, 0x0c, 0x16, 0xfd, 0x18, 0x10, 0x1d, 0xfc, 0x9d, 0x98, 0x0e, 0xfd, 0xfe, 0xfe, 0x00, 0xfc,
    0xfe, 0xfe, 0x00, 0xfc, 0x84, 0x7d, 0x04, 0xfd, 0x11, 0x0a, 0x18, 0xfc, 0x1c, 0x15, 0x1b, 0xfc,
    0xc2, 0xbe, 0x0a, 0xfd, 0xfe, 0xfe, 0x00, 0xfc, 0xfe, 0xfe, 0x00, 0xfc, 0x60, 0x59, 0x06, 0xfd,
    0x16, 0x0f, 0x19, 0xfd, 0x2b, 0x23, 0x1c, 0xfc, 0x2a, 0x23, 0x1c, 0xfd, 0x2b, 0x23, 0x1c, 0xfd,
    0x2a, 0x23, 0x1c, 0xfc, 0x2a, 0x23, 0x1b, 0xfc, 0x2a, 0x22, 0x1b, 0xfc, 0x2a, 0x22, 0x1b, 0xfc,
    0x2a, 0x22, 0x1b, 0xfc, 0x29, 0x22, 0x1b, 0xfc, 0x2a, 0x23, 0x1c, 0xfe, 0x3b, 0x33, 0x2b, 0xff,
    0x33, 0x2b, 0x26, 0x3b, 0x00, 0x00, 0x00, 0x00, 0x00, 0x00, 0x00, 0x00, 0x00, 0x00, 0x00, 0x00,
    0x00, 0x00, 0x00, 0x00, 0x00, 0x00, 0x00, 0x00, 0x00, 0x00, 0x00, 0x00, 0x53, 0x49, 0x3f, 0xb1,
    0x44, 0x3a, 0x32, 0xff, 0x2f, 0x27, 0x1f, 0xfc, 0x32, 0x2a, 0x21, 0xfd, 0x31, 0x2a, 0x22, 0xfc,
    0x31, 0x2a, 0x22, 0xfc, 0x31, 0x29, 0x21, 0xfd, 0x32, 0x2a, 0x22, 0xfd, 0x32, 0x2a, 0x22, 0xfd,
    0x30, 0x2a, 0x21, 0xfc, 0x2d, 0x25, 0x20, 0xfd, 0x2b, 0x23, 0x20, 0xfc, 0x17, 0x0f, 0x20, 0xfd,
    0x72, 0x6c, 0x0f, 0xfd, 0xfe, 0xfe, 0x01, 0xfc, 0xfe, 0xfa, 0x02, 0xfc, 0xa2, 0x9a, 0x01, 0xfd,
    0x07, 0x01, 0x11, 0xfd, 0x11, 0x09, 0x1c, 0xfd, 0x96, 0x91, 0x0a, 0xfd, 0xfe, 0xfd, 0x01, 0xfc,
    0xfe, 0xfa, 0x01, 0xfc, 0x79, 0x73, 0x02, 0xfd, 0x07, 0x01, 0x14, 0xfd, 0x16, 0x0e, 0x19, 0xfd,
    0xbb, 0xb5, 0x06, 0xfd, 0xfe, 0xf7, 0x01, 0xfc, 0xfe, 0xf6, 0x01, 0xfc, 0x55, 0x4e, 0x03, 0xfd,
    0x0b, 0x05, 0x16, 0xfd, 0x25, 0x1d, 0x1c, 0xfc, 0x27, 0x1f, 0x1c, 0xfd, 0x2a, 0x22, 0x1b, 0xfd,
    0x2a, 0x22, 0x1b, 0xfd, 0x2a, 0x22, 0x1b, 0xfd, 0x2a, 0x22, 0x1b, 0xfc, 0x29, 0x22, 0x1a, 0xfc,
    0x29, 0x22, 0x1b, 0xfc, 0x29, 0x21, 0x1a, 0xfc, 0x28, 0x20, 0x1a, 0xfc, 0x33, 0x2b, 0x23, 0xff,
    0x35, 0x2d, 0x26, 0xb2, 0x00, 0x00, 0x00, 0x00, 0x00, 0x00, 0x00, 0x00, 0x00, 0x00, 0x00, 0x00,
    0x00, 0x00, 0x00, 0x00, 0x00, 0x00, 0x00, 0x00, 0x42, 0x37, 0x37, 0x17, 0x4b, 0x40, 0x38, 0xf4,
    0x32, 0x2b, 0x23, 0xff, 0x30, 0x29, 0x21, 0xfc, 0x31, 0x29, 0x21, 0xfc, 0x2f, 0x29, 0x21, 0xfc,
    0x2f, 0x29, 0x21, 0xfc, 0x2f, 0x28, 0x20, 0xfc, 0x30, 0x29, 0x20, 0xfc, 0x2a, 0x24, 0x20, 0xfc,
    0x1e, 0x17, 0x1e, 0xfc, 0x2f, 0x28, 0x20, 0xfd, 0x3b, 0x34, 0x1f, 0xfd, 0x29, 0x23, 0x1e, 0xfd,
    0x78, 0x72, 0x0f, 0xfd, 0xf3, 0xea, 0x05, 0xfd, 0xef, 0xe4, 0x06, 0xfd, 0x9e, 0x97, 0x05, 0xfd,
    0x1c, 0x18, 0x11, 0xfd, 0x23, 0x1e, 0x19, 0xfd, 0x96, 0x90, 0x0b, 0xfd, 0xef, 0xe4, 0x04, 0xfd,
    0xef, 0xe4, 0x05, 0xfd, 0x7c, 0x76, 0x06, 0xfd, 0x1c, 0x18, 0x13, 0xfd, 0x28, 0x23, 0x17, 0xfd,
    0xb5, 0xad, 0x08, 0xfd, 0xed, 0xe2, 0x05, 0xfd, 0xec, 0xe1, 0x04, 0xfd, 0x5e, 0x58, 0x07, 0xfd,
    0x20, 0x1c, 0x14, 0xfd, 0x36, 0x30, 0x19, 0xfd, 0x2a, 0x23, 0x19, 0xfd, 0x17, 0x10, 0x19, 0xfd,
    0x23, 0x1b, 0x1a, 0xfc, 0x2a, 0x22, 0x1a, 0xfc, 0x29, 0x21, 0x1a, 0xfc, 0x28, 0x20, 0x19, 0xfc,
    0x29, 0x21, 0x1a, 0xfc, 0x27, 0x20, 0x19, 0xfc, 0x28, 0x20, 0x19, 0xfc, 0x2a, 0x23, 0x1b, 0xff,
    0x31, 0x2a, 0x24, 0xf5, 0x21, 0x21, 0x16, 0x17, 0x00, 0x00, 0x00, 0x00, 0x00, 0x00, 0x00, 0x00,
    0x00, 0x00, 0x00, 0x00, 0x00, 0x00, 0x00, 0x00, 0x49, 0x3e, 0x37, 0x49, 0x47, 0x3d, 0x34, 0xff,
    0x2f, 0x28, 0x20, 0xfd, 0x30, 0x29, 0x21, 0xfc, 0x2f, 0x28, 0x20, 0xfc, 0x2e, 0x28, 0x20, 0xfc,
    0x2e, 0x28, 0x20, 0xfc, 0x2f, 0x28, 0x1f, 0xfc, 0x26, 0x1e, 0x1e, 0xfc, 0x2e, 0x26, 0x1e, 0xfd,
    0x96, 0x92, 0x22, 0xfd, 0xdd, 0xda, 0x1c, 0xfd, 0xed, 0xea, 0x12, 0xfd, 0xec, 0xe9, 0x10, 0xfd,
    0xf1, 0xed, 0x0f, 0xfd, 0xf7, 0xf2, 0x0e, 0xfd, 0xf6, 0xf1, 0x0e, 0xfd, 0xf2, 0xee, 0x0d, 0xfd,
    0xeb, 0xe8, 0x0d, 0xfd, 0xeb, 0xe8, 0x0d, 0xfd, 0xf1, 0xed, 0x0d, 0xfd, 0xf6, 0xf0, 0x0c, 0xfd,
    0xf6, 0xf0, 0x0d, 0xfd, 0xf0, 0xec, 0x0c, 0xfd, 0xea, 0xe6, 0x0c, 0xfd, 0xeb, 0xe7, 0x0d, 0xfd,
    0xf3, 0xee, 0x0c, 0xfd, 0xf5, 0xf0, 0x0b, 0xfd, 0xf5, 0xf0, 0x0a, 0xfd, 0xee, 0xea, 0x0c, 0xfd,
    0xea, 0xe7, 0x0c, 0xfd, 0xeb, 0xe7, 0x0c, 0xfd, 0xdd, 0xda, 0x0e, 0xfd, 0x97, 0x95, 0x0e, 0xfd,
    0x27, 0x20, 0x14, 0xfd, 0x1e, 0x17, 0x19, 0xfc, 0x28, 0x21, 0x19, 0xfc, 0x27, 0x20, 0x19, 0xfc,
    0x27, 0x20, 0x19, 0xfc, 0x27, 0x1f, 0x19, 0xfc, 0x27, 0x20, 0x19, 0xfc, 0x27, 0x1f, 0x19, 0xfd,
    0x31, 0x29, 0x23, 0xff, 0x29, 0x22, 0x1f, 0x49, 0x00, 0x00, 0x00, 0x00, 0x00, 0x00, 0x00, 0x00,
    0x00, 0x00, 0x00, 0x00, 0x00, 0x00, 0x00, 0x00, 0x48, 0x3e, 0x37, 0x6a, 0x44, 0x3a, 0x32, 0xff,
    0x30, 0x28, 0x20, 0xfd, 0x30, 0x29, 0x21, 0xfc, 0x2f, 0x28, 0x20, 0xfc, 0x2e, 0x28, 0x20, 0xfc,
    0x2e, 0x27, 0x1f, 0xfc, 0x29, 0x21, 0x1e, 0xfc, 0x2c, 0x24, 0x1d, 0xfd, 0xca, 0xc7, 0x22, 0xfd,
    0xfe, 0xfe, 0x0d, 0xfd, 0xfe, 0xfe, 0x00, 0xfd, 0xfe, 0xfe, 0x00, 0xfd, 0xfe, 0xf9, 0x00, 0xfd,
    0xfe, 0xf8, 0x00, 0xfd, 0xfb, 0xf4, 0x00, 0xfd, 0xfa, 0xf3, 0x00, 0xfd, 0xfd, 0xf5, 0x00, 0xfd,
    0xfe, 0xf8, 0x00, 0xfd, 0xfe, 0xf8, 0x00, 0xfd, 0xfc, 0xf4, 0x00, 0xfd, 0xf9, 0xf1, 0x00, 0xfd,
    0xf9, 0xf2, 0x00, 0xfd, 0xfc, 0xf4, 0x00, 0xfd, 0xfe, 0xf6, 0x00, 0xfd, 0xfe, 0xf6, 0x00, 0xfd,
    0xfa, 0xf2, 0x00, 0xfd, 0xf8, 0xf1, 0x00, 0xfd, 0xfa, 0xf2, 0x00, 0xfc, 0xfc, 0xf4, 0x00, 0xfd,
    0xfd, 0xf5, 0x00, 0xfd, 0xfe, 0xf9, 0x00, 0xfd, 0xfe, 0xfe, 0x01, 0xfc, 0xfe, 0xfe, 0x03, 0xfc,
    0xcb, 0xc7, 0x04, 0xfd, 0x22, 0x1c, 0x12, 0xfd, 0x21, 0x1a, 0x19, 0xfc, 0x27, 0x20, 0x19, 0xfc,
    0x27, 0x1f, 0x18, 0xfd, 0x26, 0x1f, 0x18, 0xfc, 0x27, 0x1f, 0x19, 0xfc, 0x27, 0x1f, 0x19, 0xfc,
    0x30, 0x28, 0x21, 0xff, 0x2d, 0x26, 0x21, 0x6b, 0x00, 0x00, 0x00, 0x00, 0x00, 0x00, 0x00, 0x00,
    0x00, 0x00, 0x00, 0x00, 0x00, 0x00, 0x00, 0x00, 0x42, 0x3a, 0x33, 0x7b, 0x41, 0x37, 0x2f, 0xff,
    0x2e, 0x27, 0x1f, 0xfd, 0x2e, 0x27, 0x20, 0xfc, 0x2d, 0x27, 0x1f, 0xfc, 0x2d, 0x27, 0x1f, 0xfc,
    0x2e, 0x26, 0x1e, 0xfd, 0x1c, 0x13, 0x1c, 0xfd, 0x94, 0x90, 0x1d, 0xfd, 0xfe, 0xfe, 0x0c, 0xfd,
    0xfe, 0xfc, 0x00, 0xfd, 0xa4, 0x9e, 0x01, 0xfd, 0x4c, 0x44, 0x07, 0xfd, 0x49, 0x41, 0x0b, 0xfd,
    0x4b, 0x43, 0x0b, 0xfd, 0x4a, 0x43, 0x0a, 0xfd, 0x4a, 0x42, 0x0a, 0xfd, 0x4a, 0x43, 0x0a, 0xfd,
    0x4a, 0x43, 0x0a, 0xfd, 0x4a, 0x42, 0x0a, 0xfd, 0x4a, 0x42, 0x0a, 0xfd, 0x4a, 0x43, 0x0a, 0xfd,
    0x4a, 0x42, 0x0a, 0xfd, 0x49, 0x41, 0x09, 0xfd, 0x49, 0x41, 0x0a, 0xfd, 0x49, 0x41, 0x09, 0xfd,
    0x49, 0x41, 0x0a, 0xfd, 0x49, 0x41, 0x0a, 0xfd, 0x49, 0x41, 0x0a, 0xfd, 0x49, 0x41, 0x0a, 0xfd,
    0x47, 0x40, 0x0a, 0xfd, 0x49, 0x41, 0x08, 0xfd, 0x9b, 0x94, 0x02, 0xfd, 0xfc, 0xf5, 0x02, 0xfc,
    0xfe, 0xfe, 0x01, 0xfc, 0x8c, 0x86, 0x05, 0xfd, 0x0e, 0x08, 0x14, 0xfd, 0x26, 0x1e, 0x18, 0xfc,
    0x26, 0x1f, 0x18, 0xfc, 0x26, 0x1f, 0x18, 0xfc, 0x26, 0x1f, 0x18, 0xfc, 0x26, 0x1e, 0x18, 0xfc,
    0x2e, 0x26, 0x20, 0xff, 0x2b, 0x25, 0x1f, 0x7a, 0x00, 0x00, 0x00, 0x00, 0x00, 0x00, 0x00, 0x00,
    0x00, 0x00, 0x00, 0x00, 0x00, 0x00, 0x00, 0x00, 0x40, 0x38, 0x30, 0x7e, 0x3f, 0x36, 0x2d, 0xff,
    0x2e, 0x27, 0x1f, 0xfd, 0x2e, 0x27, 0x1f, 0xfc, 0x2c, 0x25, 0x1f, 0xfc, 0x29, 0x22, 0x1f, 0xfc,
    0x26, 0x1e, 0x1f, 0xfd, 0x22, 0x1c, 0x1a, 0xfd, 0xdc, 0xd8, 0x11, 0xfd, 0xfe, 0xfe, 0x00, 0xfd,
    0xa8, 0xa1, 0x00, 0xfd, 0x17, 0x0e, 0x15, 0xfd, 0x38, 0x2c, 0x29, 0xfd, 0x3c, 0x30, 0x27, 0xfd,
    0x3a, 0x2e, 0x27, 0xfd, 0x39, 0x2d, 0x27, 0xfc, 0x39, 0x2d, 0x26, 0xfd, 0x39, 0x2d, 0x25, 0xfd,
    0x38, 0x2d, 0x26, 0xfd, 0x36, 0x2b, 0x24, 0xfc, 0x36, 0x2a, 0x24, 0xfc, 0x37, 0x29, 0x22, 0xfc,
    0x37, 0x29, 0x21, 0xfd, 0x35, 0x2a, 0x23, 0xfd, 0x36, 0x2a, 0x24, 0xfd, 0x36, 0x2a, 0x24, 0xfd,
    0x36, 0x2a, 0x23, 0xfd, 0x35, 0x29, 0x23, 0xfd, 0x35, 0x29, 0x23, 0xfd, 0x34, 0x28, 0x22, 0xfd,
    0x35, 0x29, 0x23, 0xfd, 0x31, 0x25, 0x24, 0xfd, 0x12, 0x09, 0x14, 0xfd, 0xa0, 0x99, 0x02, 0xfd,
    0xfe, 0xfe, 0x01, 0xfc, 0xcf, 0xc8, 0x01, 0xfd, 0x11, 0x0c, 0x0d, 0xfd, 0x1b, 0x15, 0x18, 0xfc,
    0x20, 0x18, 0x19, 0xfc, 0x25, 0x1d, 0x19, 0xfc, 0x26, 0x1f, 0x18, 0xfc, 0x24, 0x1d, 0x17, 0xfc,
    0x2d, 0x26, 0x1f, 0xff, 0x2b, 0x25, 0x1f, 0x7b, 0x00, 0x00, 0x00, 0x00, 0x00, 0x00, 0x00, 0x00,
    0x00, 0x00, 0x00, 0x00, 0x00, 0x00, 0x00, 0x00, 0x40, 0x38, 0x30, 0x7e, 0x3d, 0x34, 0x2d, 0xff,
    0x2d, 0x27, 0x1e, 0xfc, 0x2a, 0x24, 0x1f, 0xfc, 0x25, 0x1e, 0x1e, 0xfd, 0x37, 0x31, 0x1c, 0xfd,
    0x34, 0x2d, 0x1b, 0xfd, 0x3d, 0x37, 0x14, 0xfd, 0xec, 0xe8, 0x0a, 0xfd, 0xfe, 0xfd, 0x00, 0xfd,
    0x54, 0x4d, 0x07, 0xfd, 0x37, 0x2b, 0x29, 0xfd, 0x44, 0x38, 0x24, 0xfc, 0x41, 0x34, 0x22, 0xfc,
    0x40, 0x34, 0x21, 0xfd, 0x3f, 0x33, 0x21, 0xfd, 0x40, 0x34, 0x21, 0xfc, 0x3f, 0x33, 0x21, 0xfc,
    0x3d, 0x31, 0x21, 0xfc, 0x3a, 0x2e, 0x21, 0xfc, 0x3b, 0x2d, 0x1f, 0xfc, 0x35, 0x27, 0x25, 0xfd,
    0x35, 0x28, 0x26, 0xfd, 0x3b, 0x2d, 0x1f, 0xfd, 0x38, 0x2c, 0x20, 0xfc, 0x3a, 0x2e, 0x20, 0xfc,
    0x3c, 0x30, 0x1f, 0xfc, 0x3b, 0x2f, 0x1f, 0xfc, 0x3a, 0x2e, 0x1e, 0xfc, 0x39, 0x2d, 0x1d, 0xfc,
    0x39, 0x2d, 0x1e, 0xfc, 0x3a, 0x2e, 0x1f, 0xfc, 0x2c, 0x21, 0x21, 0xfd, 0x54, 0x4c, 0x09, 0xfd,
    0xfe, 0xfb, 0x01, 0xfc, 0xdc, 0xd3, 0x01, 0xfd, 0x2c, 0x28, 0x07, 0xfd, 0x30, 0x2a, 0x12, 0xfd,
    0x34, 0x2f, 0x14, 0xfd, 0x1e, 0x18, 0x16, 0xfd, 0x22, 0x1b, 0x18, 0xfc, 0x25, 0x1e, 0x17, 0xfc,
    0x2d, 0x25, 0x1e, 0xff, 0x2b, 0x25, 0x1f, 0x7a, 0x00, 0x00, 0x00, 0x00, 0x00, 0x00, 0x00, 0x00,
    0x00, 0x00, 0x00, 0x00, 0x00, 0x00, 0x00, 0x00, 0x3c, 0x34, 0x2e, 0x7e, 0x3b, 0x33, 0x2b, 0xff,
    0x29, 0x23, 0x1e, 0xfc, 0x27, 0x20, 0x1c, 0xfc, 0xac, 0xa7, 0x11, 0xfd, 0xeb, 0xe7, 0x07, 0xfd,
    0xe8, 0xe3, 0x06, 0xfd, 0xd1, 0xc8, 0x03, 0xfd, 0xf3, 0xee, 0x09, 0xfd, 0xfe, 0xf9, 0x00, 0xfd,
    0x52, 0x4a, 0x0b, 0xfd, 0x38, 0x2d, 0x27, 0xfd, 0x40, 0x33, 0x22, 0xfc, 0x40, 0x33, 0x22, 0xfc,
    0x3f, 0x33, 0x21, 0xfd, 0x3f, 0x33, 0x20, 0xfd, 0x3e, 0x32, 0x1f, 0xfd, 0x3d, 0x31, 0x1f, 0xfc,
    0x37, 0x2c, 0x18, 0xfd, 0x3b, 0x2d, 0x12, 0xfd, 0x28, 0x33, 0x3d, 0xfd, 0x08, 0x9b, 0xc4, 0xfd,
    0x07, 0x92, 0xc3, 0xfd, 0x28, 0x30, 0x3f, 0xfd, 0x3b, 0x2c, 0x10, 0xfd, 0x35, 0x2a, 0x13, 0xfd,
    0x39, 0x2d, 0x1b, 0xfc, 0x38, 0x2d, 0x1d, 0xfc, 0x3a, 0x2e, 0x1c, 0xfd, 0x39, 0x2e, 0x1d, 0xfd,
    0x38, 0x2c, 0x1d, 0xfc, 0x38, 0x2b, 0x1d, 0xfc, 0x2f, 0x22, 0x20, 0xfd, 0x52, 0x4a, 0x0b, 0xfd,
    0xfc, 0xf4, 0x01, 0xfd, 0xe0, 0xd6, 0x02, 0xfd, 0xb5, 0xa8, 0x02, 0xfd, 0xe5, 0xdd, 0x03, 0xfd,
    0xed, 0xe7, 0x03, 0xfd, 0xab, 0xa5, 0x07, 0xfd, 0x1e, 0x18, 0x13, 0xfd, 0x22, 0x1b, 0x17, 0xfc,
    0x2c, 0x25, 0x1e, 0xff, 0x2b, 0x23, 0x1f, 0x7a, 0x00, 0x00, 0x00, 0x00, 0x00, 0x00, 0x00, 0x00,
    0x00, 0x00, 0x00, 0x00, 0x00, 0x00, 0x00, 0x00, 0x3c, 0x34, 0x2e, 0x7e, 0x3a, 0x32, 0x2a, 0xff,
    0x23, 0x1c, 0x1d, 0xfc, 0x3d, 0x36, 0x16, 0xfd, 0xfe, 0xfe, 0x02, 0xfd, 0xfe, 0xfe, 0x01, 0xfc,
    0xfe, 0xfc, 0x01, 0xfd, 0xe4, 0xd8, 0x02, 0xfd, 0xf3, 0xee, 0x08, 0xfd, 0xfe, 0xf9, 0x00, 0xfd,
    0x54, 0x4c, 0x0a, 0xfd, 0x27, 0x1d, 0x1a, 0xfd, 0x2c, 0x22, 0x13, 0xfd, 0x2c, 0x21, 0x13, 0xfd,
    0x2f, 0x24, 0x17, 0xfd, 0x3d, 0x31, 0x1e, 0xfd, 0x3c, 0x30, 0x1e, 0xfd, 0x2f, 0x23, 0x17, 0xfd,
    0x8e, 0x88, 0x08, 0xfd, 0xe1, 0xdd, 0x01, 0xfd, 0x75, 0xb3, 0x5b, 0xfd, 0x00, 0xce, 0xfe, 0xfd,
    0x00, 0xc3, 0xfe, 0xfc, 0x76, 0xab, 0x5a, 0xfd, 0xe5, 0xe2, 0x00, 0xfd, 0xb8, 0xb3, 0x04, 0xfd,
    0x36, 0x2c, 0x0e, 0xfd, 0x34, 0x29, 0x1b, 0xfc, 0x37, 0x2c, 0x1b, 0xfd, 0x2f, 0x23, 0x17, 0xfd,
    0x29, 0x1d, 0x12, 0xfd, 0x28, 0x1d, 0x10, 0xfd, 0x20, 0x15, 0x14, 0xfd, 0x53, 0x4b, 0x09, 0xfd,
    0xfd, 0xf5, 0x01, 0xfc, 0xdf, 0xd5, 0x02, 0xfd, 0xbd, 0xad, 0x02, 0xfd, 0xfb, 0xf0, 0x02, 0xfc,
    0xfe, 0xfc, 0x01, 0xfc, 0xfa, 0xf1, 0x00, 0xfd, 0x2a, 0x25, 0x09, 0xfd, 0x1b, 0x14, 0x16, 0xfc,
    0x2b, 0x24, 0x1d, 0xff, 0x29, 0x23, 0x1d, 0x7a, 0x00, 0x00, 0x00, 0x00, 0x00, 0x00, 0x00, 0x00,
    0x00, 0x00, 0x00, 0x00, 0x00, 0x00, 0x00, 0x00, 0x3c, 0x34, 0x2c, 0x7e, 0x39, 0x31, 0x2a, 0xff,
    0x29, 0x23, 0x1d, 0xfc, 0x20, 0x19, 0x18, 0xfc, 0x89, 0x82, 0x06, 0xfd, 0xcf, 0xca, 0x01, 0xfd,
    0xc8, 0xc2, 0x01, 0xfd, 0xb2, 0xa9, 0x02, 0xfd, 0xf1, 0xeb, 0x07, 0xfd, 0xfd, 0xf6, 0x01, 0xfd,
    0x59, 0x52, 0x08, 0xfd, 0xa5, 0xa2, 0x0c, 0xfd, 0xc1, 0xbf, 0x05, 0xfd, 0xbb, 0xb9, 0x07, 0xfd,
    0x89, 0x84, 0x04, 0xfd, 0x31, 0x27, 0x11, 0xfd, 0x39, 0x2d, 0x1d, 0xfc, 0x2b, 0x20, 0x12, 0xfd,
    0xc4, 0xbf, 0x03, 0xfd, 0xcc, 0xc8, 0x00, 0xfd, 0x4a, 0x51, 0x24, 0xfd, 0x05, 0x73, 0xb7, 0xfd,
    0x05, 0x70, 0xb4, 0xfd, 0x4e, 0x53, 0x20, 0xfd, 0xa6, 0xa1, 0x00, 0xfd, 0xef, 0xec, 0x00, 0xfd,
    0x3d, 0x34, 0x0a, 0xfd, 0x31, 0x26, 0x1b, 0xfc, 0x2a, 0x21, 0x16, 0xfc, 0x6f, 0x69, 0x08, 0xfd,
    0xb8, 0xb6, 0x06, 0xfd, 0xc3, 0xc0, 0x05, 0xfd, 0xa6, 0xa2, 0x08, 0xfd, 0x5a, 0x52, 0x06, 0xfd,
    0xfa, 0xf1, 0x01, 0xfd, 0xdd, 0xd2, 0x02, 0xfd, 0x92, 0x86, 0x01, 0xfd, 0xbf, 0xb6, 0x01, 0xfd,
    0xca, 0xc2, 0x01, 0xfd, 0x74, 0x6e, 0x00, 0xfd, 0x0c, 0x08, 0x0b, 0xfd, 0x21, 0x1a, 0x15, 0xfc,
    0x2b, 0x23, 0x1d, 0xff, 0x29, 0x23, 0x1d, 0x7b, 0x00, 0x00, 0x00, 0x00, 0x00, 0x00, 0x00, 0x00,
    0x00, 0x00, 0x00, 0x00, 0x00, 0x00, 0x00, 0x00, 0x3a, 0x32, 0x2c, 0x7e, 0x39, 0x31, 0x29, 0xff,
    0x2a, 0x24, 0x1c, 0xfc, 0x29, 0x21, 0x1b, 0xfc, 0x10, 0x0a, 0x14, 0xfc, 0x08, 0x03, 0x0b, 0xfd,
    0x00, 0x00, 0x09, 0xfd, 0x12, 0x0f, 0x07, 0xfd, 0xe9, 0xe4, 0x07, 0xfd, 0xfe, 0xfa, 0x01, 0xfd,
    0x58, 0x51, 0x07, 0xfd, 0xa0, 0x9b, 0x06, 0xfd, 0xb4, 0xb0, 0x01, 0xfd, 0xd7, 0xd4, 0x03, 0xfd,
    0xe5, 0xe1, 0x00, 0xfd, 0x32, 0x28, 0x0c, 0xfd, 0x37, 0x2b, 0x1b, 0xfd, 0x2c, 0x21, 0x11, 0xfd,
    0xc3, 0xbe, 0x04, 0xfd, 0x9a, 0x94, 0x01, 0xfd, 0x1b, 0x0f, 0x12, 0xfd, 0x2e, 0x20, 0x1c, 0xfd,
    0x2e, 0x20, 0x1b, 0xfd, 0x21, 0x14, 0x13, 0xfd, 0x5e, 0x57, 0x05, 0xfd, 0xe8, 0xe4, 0x00, 0xfd,
    0x3d, 0x34, 0x09, 0xfd, 0x30, 0x26, 0x19, 0xfd, 0x23, 0x1a, 0x11, 0xfd, 0xba, 0xb5, 0x05, 0xfd,
    0xed, 0xea, 0x03, 0xfd, 0xb3, 0xaf, 0x01, 0xfd, 0x9e, 0x99, 0x04, 0xfd, 0x59, 0x52, 0x06, 0xfd,
    0xfc, 0xf4, 0x01, 0xfd, 0xd8, 0xd0, 0x02, 0xfd, 0x07, 0x05, 0x03, 0xfd, 0x00, 0x00, 0x07, 0xfc,
    0x01, 0x00, 0x08, 0xfd, 0x03, 0x00, 0x0b, 0xfc, 0x1e, 0x18, 0x12, 0xfc, 0x23, 0x1c, 0x16, 0xfc,
    0x2b, 0x23, 0x1d, 0xff, 0x29, 0x23, 0x1d, 0x7b, 0x00, 0x00, 0x00, 0x00, 0x00, 0x00, 0x00, 0x00,
    0x00, 0x00, 0x00, 0x00, 0x00, 0x00, 0x00, 0x00, 0x3a, 0x32, 0x2c, 0x7f, 0x38, 0x30, 0x28, 0xff,
    0x29, 0x23, 0x1b, 0xfc, 0x26, 0x1e, 0x1c, 0xfc, 0x26, 0x1f, 0x1a, 0xfd, 0x3c, 0x37, 0x15, 0xfd,
    0x36, 0x31, 0x12, 0xfd, 0x3e, 0x39, 0x0c, 0xfd, 0xeb, 0xe6, 0x07, 0xfd, 0xfe, 0xfb, 0x00, 0xfd,
    0x53, 0x4c, 0x09, 0xfd, 0x24, 0x19, 0x18, 0xfd, 0x17, 0x0d, 0x0e, 0xfc, 0x71, 0x69, 0x00, 0xfd,
    0xe8, 0xe1, 0x00, 0xfd, 0x32, 0x29, 0x0a, 0xfc, 0x34, 0x28, 0x1a, 0xfd, 0x2b, 0x20, 0x10, 0xfd,
    0xc2, 0xbd, 0x04, 0xfd, 0xa1, 0x9b, 0x01, 0xfd, 0x25, 0x1b, 0x10, 0xfd, 0x35, 0x2a, 0x15, 0xfd,
    0x35, 0x29, 0x16, 0xfd, 0x2b, 0x1f, 0x14, 0xfd, 0x69, 0x62, 0x06, 0xfd, 0xe7, 0xe2, 0x00, 0xfd,
    0x3c, 0x33, 0x09, 0xfd, 0x30, 0x25, 0x18, 0xfd, 0x24, 0x1b, 0x11, 0xfd, 0xbc, 0xb7, 0x04, 0xfd,
    0xa5, 0x9e, 0x01, 0xfd, 0x13, 0x0a, 0x09, 0xfd, 0x1b, 0x11, 0x13, 0xfd, 0x52, 0x4a, 0x09, 0xfd,
    0xfe, 0xf6, 0x01, 0xfd, 0xd9, 0xd0, 0x01, 0xfd, 0x30, 0x2b, 0x05, 0xfd, 0x37, 0x32, 0x0d, 0xfd,
    0x3d, 0x38, 0x0f, 0xfd, 0x21, 0x1b, 0x13, 0xfd, 0x1f, 0x18, 0x16, 0xfc, 0x23, 0x1d, 0x16, 0xfc,
    0x2b, 0x23, 0x1c, 0xff, 0x29, 0x22, 0x1c, 0x7c, 0x00, 0x00, 0x00, 0x00, 0x00, 0x00, 0x00, 0x00,
    0x00, 0x00, 0x00, 0x00, 0x00, 0x00, 0x00, 0x00, 0x38, 0x30, 0x2a, 0x7f, 0x36, 0x2f, 0x27, 0xff,
    0x26, 0x1f, 0x1b, 0xfc, 0x29, 0x22, 0x19, 0xfd, 0xbd, 0xb8, 0x0c, 0xfd, 0xf5, 0xf0, 0x04, 0xfd,
    0xf0, 0xea, 0x03, 0xfd, 0xd6, 0xcc, 0x02, 0xfd, 0xf2, 0xec, 0x06, 0xfd, 0xfe, 0xf7, 0x00, 0xfd,
    0x53, 0x4c, 0x0a, 0xfd, 0x30, 0x25, 0x22, 0xfd, 0x2b, 0x1f, 0x1a, 0xfc, 0x6c, 0x61, 0x0e, 0xfd,
    0xc4, 0xc3, 0x10, 0xfd, 0x30, 0x24, 0x12, 0xfc, 0x32, 0x27, 0x1a, 0xfc, 0x27, 0x1d, 0x11, 0xfd,
    0xc1, 0xbc, 0x03, 0xfd, 0xa0, 0x9a, 0x01, 0xfd, 0x24, 0x1a, 0x10, 0xfd, 0x32, 0x29, 0x17, 0xfc,
    0x32, 0x28, 0x17, 0xfd, 0x29, 0x1e, 0x14, 0xfd, 0x69, 0x61, 0x06, 0xfd, 0xe7, 0xe3, 0x00, 0xfd,
    0x3b, 0x32, 0x09, 0xfd, 0x2e, 0x24, 0x18, 0xfc, 0x23, 0x1a, 0x11, 0xfd, 0xbb, 0xb6, 0x04, 0xfd,
    0xab, 0xa4, 0x00, 0xfd, 0x23, 0x19, 0x10, 0xfd, 0x28, 0x1d, 0x1c, 0xfd, 0x53, 0x4a, 0x0a, 0xfd,
    0xfb, 0xf2, 0x01, 0xfd, 0xde, 0xd3, 0x02, 0xfd, 0xb6, 0xa8, 0x02, 0xfd, 0xed, 0xe5, 0x02, 0xfd,
    0xf6, 0xf0, 0x02, 0xfd, 0xbc, 0xb6, 0x05, 0xfd, 0x1e, 0x19, 0x11, 0xfd, 0x1f, 0x18, 0x15, 0xfc,
    0x2a, 0x22, 0x1c, 0xff, 0x27, 0x21, 0x1d, 0x7b, 0x00, 0x00, 0x00, 0x00, 0x00, 0x00, 0x00, 0x00,
    0x00, 0x00, 0x00, 0x00, 0x00, 0x00, 0x00, 0x00, 0x38, 0x30, 0x28, 0x7f, 0x36, 0x2e, 0x27, 0xff,
    0x22, 0x1a, 0x1b, 0xfc, 0x39, 0x33, 0x14, 0xfd, 0xfe, 0xfa, 0x01, 0xfd, 0xfe, 0xfe, 0x01, 0xfc,
    0xfe, 0xf9, 0x02, 0xfc, 0xe0, 0xd3, 0x02, 0xfc, 0xf2, 0xec, 0x06, 0xfd, 0xfe, 0xf6, 0x00, 0xfd,
    0x52, 0x4a, 0x09, 0xfd, 0x30, 0x23, 0x1d, 0xfd, 0x2f, 0x25, 0x25, 0xfd, 0x0e, 0x84, 0xa9, 0xfd,
    0x05, 0xb7, 0xdc, 0xfd, 0x13, 0x41, 0x66, 0xfd, 0x2c, 0x1a, 0x0d, 0xfd, 0x1e, 0x15, 0x0a, 0xfd,
    0xc0, 0xbb, 0x04, 0xfd, 0xa1, 0x9b, 0x01, 0xfd, 0x23, 0x19, 0x10, 0xfd, 0x30, 0x27, 0x17, 0xfc,
    0x30, 0x27, 0x16, 0xfc, 0x28, 0x1d, 0x13, 0xfd, 0x68, 0x61, 0x05, 0xfd, 0xe7, 0xe3, 0x00, 0xfd,
    0x3a, 0x31, 0x09, 0xfd, 0x2c, 0x23, 0x18, 0xfc, 0x21, 0x17, 0x0e, 0xfc, 0xc4, 0xb1, 0x00, 0xfd,
    0xb2, 0xa1, 0x00, 0xfd, 0x22, 0x19, 0x13, 0xfd, 0x27, 0x1d, 0x1b, 0xfd, 0x53, 0x4b, 0x0a, 0xfd,
    0xfa, 0xf2, 0x01, 0xfd, 0xdd, 0xd3, 0x02, 0xfd, 0xbb, 0xab, 0x02, 0xfd, 0xf9, 0xed, 0x02, 0xfd,
    0xfe, 0xfa, 0x02, 0xfc, 0xf4, 0xea, 0x00, 0xfd, 0x26, 0x21, 0x08, 0xfd, 0x1a, 0x13, 0x14, 0xfc,
    0x2a, 0x22, 0x1c, 0xff, 0x27, 0x21, 0x1a, 0x7b, 0x00, 0x00, 0x00, 0x00, 0x00, 0x00, 0x00, 0x00,
    0x00, 0x00, 0x00, 0x00, 0x00, 0x00, 0x00, 0x00, 0x38, 0x30, 0x28, 0x7e, 0x36, 0x2e, 0x26, 0xff,
    0x28, 0x21, 0x1a, 0xfc, 0x1c, 0x16, 0x16, 0xfc, 0x6e, 0x67, 0x06, 0xfd, 0xb3, 0xac, 0x01, 0xfd,
    0xaa, 0xa4, 0x02, 0xfd, 0x99, 0x90, 0x02, 0xfd, 0xee, 0xe9, 0x06, 0xfd, 0xfe, 0xf7, 0x00, 0xfd,
    0x52, 0x4a, 0x09, 0xfd, 0x30, 0x21, 0x19, 0xfd, 0x26, 0x2b, 0x38, 0xfd, 0x00, 0xb9, 0xfa, 0xfd,
    0x00, 0xd1, 0xfe, 0xfd, 0x3f, 0xa5, 0x9b, 0xfd, 0xda, 0xcf, 0x00, 0xfd, 0xd4, 0xd0, 0x05, 0xfd,
    0xfe, 0xfe, 0x06, 0xfd, 0x99, 0x92, 0x01, 0xfd, 0x20, 0x17, 0x10, 0xfc, 0x30, 0x27, 0x16, 0xfc,
    0x30, 0x26, 0x15, 0xfc, 0x27, 0x1c, 0x12, 0xfd, 0x68, 0x61, 0x05, 0xfd, 0xe6, 0xe2, 0x00, 0xfd,
    0x2c, 0x24, 0x07, 0xfd, 0x1f, 0x12, 0x10, 0xfd, 0x1c, 0x1c, 0x26, 0xfd, 0x3c, 0x98, 0x7e, 0xfd,
    0x37, 0x81, 0x72, 0xfd, 0x27, 0x1f, 0x22, 0xfd, 0x28, 0x1d, 0x18, 0xfd, 0x53, 0x4b, 0x09, 0xfd,
    0xfc, 0xf3, 0x01, 0xfd, 0xdb, 0xd0, 0x02, 0xfd, 0x7c, 0x71, 0x01, 0xfd, 0x9f, 0x97, 0x01, 0xfd,
    0xaa, 0xa2, 0x01, 0xfd, 0x5a, 0x54, 0x01, 0xfd, 0x0a, 0x07, 0x0a, 0xfd, 0x20, 0x19, 0x14, 0xfc,
    0x2a, 0x22, 0x1c, 0xff, 0x27, 0x20, 0x1a, 0x7c, 0x00, 0x00, 0x00, 0x00, 0x00, 0x00, 0x00, 0x00,
    0x00, 0x00, 0x00, 0x00, 0x00, 0x00, 0x00, 0x00, 0x36, 0x2e, 0x28, 0x7e, 0x35, 0x2d, 0x25, 0xff,
    0x29, 0x21, 0x1a, 0xfc, 0x29, 0x21, 0x1a, 0xfc, 0x0b, 0x04, 0x14, 0xfd, 0x00, 0x00, 0x0c, 0xfd,
    0x00, 0x00, 0x0b, 0xfd, 0x06, 0x04, 0x08, 0xfd, 0xe8, 0xe4, 0x06, 0xfd, 0xfe, 0xfb, 0x00, 0xfd,
    0x52, 0x4a, 0x09, 0xfd, 0x2f, 0x23, 0x1d, 0xfd, 0x32, 0x26, 0x1f, 0xfc, 0x12, 0x51, 0x7c, 0xfd,
    0x07, 0x6c, 0xac, 0xfd, 0x4e, 0x5f, 0x31, 0xfd, 0x96, 0x90, 0x00, 0xfd, 0x93, 0x8d, 0x01, 0xfd,
    0x8b, 0x87, 0x01, 0xfd, 0x4c, 0x44, 0x04, 0xfd, 0x2a, 0x20, 0x12, 0xfd, 0x31, 0x26, 0x16, 0xfd,
    0x31, 0x26, 0x15, 0xfd, 0x26, 0x1b, 0x13, 0xfd, 0x66, 0x5f, 0x05, 0xfd, 0xfe, 0xfe, 0x01, 0xfd,
    0xba, 0xb5, 0x04, 0xfd, 0xb8, 0xaf, 0x00, 0xfd, 0x4f, 0x94, 0x6b, 0xfd, 0x00, 0xcc, 0xfe, 0xfd,
    0x00, 0xbb, 0xfe, 0xfd, 0x1c, 0x35, 0x50, 0xfd, 0x2a, 0x18, 0x13, 0xfd, 0x52, 0x4a, 0x09, 0xfd,
    0xfe, 0xf4, 0x01, 0xfd, 0xd5, 0xcc, 0x01, 0xfd, 0x00, 0x00, 0x04, 0xfd, 0x00, 0x00, 0x0a, 0xfd,
    0x00, 0x00, 0x0a, 0xfd, 0x01, 0x00, 0x0d, 0xfd, 0x1f, 0x19, 0x12, 0xfc, 0x22, 0x1b, 0x15, 0xfc,
    0x29, 0x21, 0x1b, 0xff, 0x27, 0x21, 0x1a, 0x7b, 0x00, 0x00, 0x00, 0x00, 0x00, 0x00, 0x00, 0x00,
    0x00, 0x00, 0x00, 0x00, 0x00, 0x00, 0x00, 0x00, 0x36, 0x2c, 0x26, 0x7f, 0x35, 0x2d, 0x25, 0xff,
    0x29, 0x21, 0x1a, 0xfc, 0x21, 0x19, 0x1a, 0xfc, 0x3a, 0x33, 0x16, 0xfd, 0x64, 0x60, 0x10, 0xfd,
    0x60, 0x5b, 0x0f, 0xfd, 0x62, 0x5c, 0x09, 0xfd, 0xec, 0xe7, 0x06, 0xfd, 0xfd, 0xf8, 0x00, 0xfd,
    0x51, 0x49, 0x09, 0xfd, 0x2f, 0x23, 0x1f, 0xfd, 0x36, 0x2b, 0x1a, 0xfc, 0x34, 0x22, 0x15, 0xfd,
    0x31, 0x1d, 0x14, 0xfd, 0x2b, 0x1f, 0x11, 0xfc, 0x21, 0x18, 0x10, 0xfc, 0x22, 0x18, 0x0f, 0xfd,
    0x21, 0x17, 0x0f, 0xfc, 0x2a, 0x20, 0x12, 0xfc, 0x31, 0x27, 0x15, 0xfc, 0x32, 0x26, 0x15, 0xfd,
    0x30, 0x26, 0x15, 0xfc, 0x2b, 0x22, 0x14, 0xfc, 0x41, 0x3a, 0x08, 0xfd, 0xa0, 0x9b, 0x00, 0xfd,
    0xb3, 0xae, 0x00, 0xfd, 0xb6, 0xb2, 0x00, 0xfd, 0x5a, 0x7d, 0x43, 0xfd, 0x00, 0x9b, 0xe8, 0xfd,
    0x01, 0x8e, 0xd6, 0xfd, 0x21, 0x28, 0x38, 0xfd, 0x28, 0x1b, 0x16, 0xfd, 0x52, 0x4a, 0x09, 0xfd,
    0xfb, 0xf2, 0x00, 0xfd, 0xd7, 0xcd, 0x01, 0xfd, 0x4f, 0x48, 0x04, 0xfd, 0x61, 0x5d, 0x0a, 0xfd,
    0x67, 0x63, 0x0c, 0xfd, 0x37, 0x31, 0x10, 0xfd, 0x1b, 0x14, 0x15, 0xfc, 0x22, 0x1c, 0x15, 0xfc,
    0x29, 0x21, 0x1b, 0xff, 0x27, 0x21, 0x1a, 0x7b, 0x00, 0x00, 0x00, 0x00, 0x00, 0x00, 0x00, 0x00,
    0x00, 0x00, 0x00, 0x00, 0x00, 0x00, 0x00, 0x00, 0x34, 0x2c, 0x24, 0x7f, 0x34, 0x2c, 0x24, 0xff,
    0x23, 0x1b, 0x19, 0xfc, 0x2e, 0x27, 0x15, 0xfd, 0xdc, 0xd7, 0x07, 0xfd, 0xfe, 0xfe, 0x02, 0xfc,
    0xfe, 0xf7, 0x02, 0xfc, 0xdf, 0xd4, 0x02, 0xfd, 0xf2, 0xec, 0x06, 0xfd, 0xfd, 0xf4, 0x00, 0xfd,
    0x4a, 0x43, 0x09, 0xfd, 0x2f, 0x23, 0x20, 0xfd, 0x37, 0x2b, 0x1a, 0xfc, 0x35, 0x2a, 0x18, 0xfc,
    0x36, 0x2a, 0x17, 0xfd, 0x34, 0x2a, 0x18, 0xfc, 0x32, 0x28, 0x18, 0xfc, 0x31, 0x27, 0x16, 0xfc,
    0x31, 0x28, 0x16, 0xfc, 0x31, 0x27, 0x16, 0xfc, 0x31, 0x27, 0x16, 0xfc, 0x32, 0x26, 0x16, 0xfd,
    0x31, 0x27, 0x16, 0xfc, 0x31, 0x28, 0x16, 0xfc, 0x2d, 0x24, 0x12, 0xfc, 0x20, 0x17, 0x0e, 0xfc,
    0x21, 0x18, 0x0d, 0xfc, 0x22, 0x18, 0x0e, 0xfc, 0x27, 0x1c, 0x18, 0xfd, 0x20, 0x26, 0x38, 0xfd,
    0x24, 0x23, 0x30, 0xfd, 0x30, 0x25, 0x19, 0xfd, 0x27, 0x1d, 0x1c, 0xfc, 0x4c, 0x44, 0x09, 0xfd,
    0xf9, 0xf0, 0x01, 0xfd, 0xdb, 0xd0, 0x02, 0xfd, 0xbc, 0xac, 0x02, 0xfd, 0xf9, 0xef, 0x02, 0xfd,
    0xfe, 0xfa, 0x01, 0xfd, 0xd8, 0xd1, 0x02, 0xfd, 0x23, 0x1d, 0x0e, 0xfd, 0x1d, 0x16, 0x15, 0xfc,
    0x29, 0x21, 0x1b, 0xff, 0x25, 0x1f, 0x1a, 0x7b, 0x00, 0x00, 0x00, 0x00, 0x00, 0x00, 0x00, 0x00,
    0x00, 0x00, 0x00, 0x00, 0x00, 0x00, 0x00, 0x00, 0x34, 0x2c, 0x24, 0x7f, 0x33, 0x2b, 0x24, 0xff,
    0x21, 0x19, 0x19, 0xfc, 0x30, 0x2a, 0x12, 0xfd, 0xed, 0xe5, 0x01, 0xfd, 0xfe, 0xfe, 0x02, 0xfc,
    0xfe, 0xf7, 0x03, 0xfc, 0xde, 0xd1, 0x03, 0xfd, 0xf0, 0xea, 0x06, 0xfd, 0xfe, 0xfc, 0x02, 0xfd,
    0x80, 0x79, 0x04, 0xfd, 0x10, 0x06, 0x16, 0xfd, 0x27, 0x1b, 0x1d, 0xfd, 0x25, 0x1a, 0x1a, 0xfd,
    0x24, 0x19, 0x19, 0xfd, 0x24, 0x19, 0x1a, 0xfd, 0x23, 0x18, 0x19, 0xfc, 0x23, 0x18, 0x19, 0xfd,
    0x23, 0x18, 0x19, 0xfd, 0x23, 0x18, 0x18, 0xfc, 0x22, 0x17, 0x18, 0xfc, 0x22, 0x17, 0x18, 0xfd,
    0x23, 0x17, 0x18, 0xfd, 0x22, 0x17, 0x18, 0xfd, 0x22, 0x17, 0x18, 0xfd, 0x22, 0x17, 0x18, 0xfd,
    0x22, 0x17, 0x18, 0xfd, 0x22, 0x17, 0x19, 0xfd, 0x23, 0x17, 0x18, 0xfd, 0x24, 0x15, 0x14, 0xfd,
    0x23, 0x15, 0x15, 0xfd, 0x21, 0x17, 0x1a, 0xfd, 0x0e, 0x05, 0x15, 0xfd, 0x7e, 0x77, 0x05, 0xfd,
    0xfd, 0xf4, 0x02, 0xfd, 0xd9, 0xce, 0x02, 0xfd, 0xb7, 0xa7, 0x02, 0xfd, 0xf8, 0xeb, 0x02, 0xfd,
    0xfe, 0xfa, 0x02, 0xfc, 0xda, 0xd1, 0x00, 0xfd, 0x1c, 0x18, 0x07, 0xfd, 0x1b, 0x14, 0x14, 0xfc,
    0x29, 0x21, 0x1b, 0xff, 0x25, 0x1f, 0x1a, 0x7b, 0x00, 0x00, 0x00, 0x00, 0x00, 0x00, 0x00, 0x00,
    0x00, 0x00, 0x00, 0x00, 0x00, 0x00, 0x00, 0x00, 0x32, 0x2a, 0x24, 0x7e, 0x33, 0x2a, 0x23, 0xff,
    0x27, 0x20, 0x19, 0xfc, 0x1b, 0x14, 0x16, 0xfc, 0x43, 0x3d, 0x09, 0xfd, 0x79, 0x74, 0x02, 0xfd,
    0x71, 0x6c, 0x02, 0xfd, 0x6e, 0x67, 0x02, 0xfd, 0xeb, 0xe6, 0x05, 0xfd, 0xfa, 0xf1, 0x02, 0xfc,
    0xf2, 0xec, 0x02, 0xfd, 0x94, 0x8e, 0x05, 0xfd, 0x6f, 0x69, 0x0a, 0xfd, 0x74, 0x6d, 0x09, 0xfd,
    0x7b, 0x74, 0x09, 0xfd, 0x80, 0x78, 0x08, 0xfd, 0x79, 0x72, 0x09, 0xfd, 0x74, 0x6d, 0x09, 0xfd,
    0x74, 0x6d, 0x08, 0xfd, 0x73, 0x6c, 0x08, 0xfd, 0x75, 0x6e, 0x08, 0xfd, 0x82, 0x76, 0x02, 0xfd,
    0x82, 0x76, 0x02, 0xfd, 0x76, 0x6f, 0x09, 0xfd, 0x74, 0x6d, 0x09, 0xfd, 0x74, 0x6d, 0x08, 0xfd,
    0x73, 0x6c, 0x08, 0xfd, 0x79, 0x72, 0x08, 0xfd, 0x80, 0x77, 0x08, 0xfd, 0x7a, 0x73, 0x08, 0xfd,
    0x73, 0x6c, 0x08, 0xfd, 0x6e, 0x68, 0x09, 0xfd, 0x91, 0x8b, 0x05, 0xfd, 0xed, 0xe5, 0x02, 0xfd,
    0xf4, 0xea, 0x02, 0xfc, 0xd6, 0xcc, 0x02, 0xfd, 0x54, 0x4c, 0x01, 0xfd, 0x67, 0x61, 0x02, 0xfd,
    0x6e, 0x68, 0x02, 0xfd, 0x2e, 0x2a, 0x03, 0xfd, 0x0d, 0x09, 0x0c, 0xfd, 0x21, 0x1b, 0x14, 0xfc,
    0x29, 0x21, 0x1b, 0xff, 0x25, 0x1f, 0x1a, 0x7b, 0x00, 0x00, 0x00, 0x00, 0x00, 0x00, 0x00, 0x00,
    0x00, 0x00, 0x00, 0x00, 0x00, 0x00, 0x00, 0x00, 0x32, 0x2a, 0x24, 0x7e, 0x32, 0x29, 0x22, 0xff,
    0x27, 0x20, 0x18, 0xfd, 0x28, 0x20, 0x18, 0xfc, 0x16, 0x10, 0x15, 0xfc, 0x06, 0x01, 0x0f, 0xfd,
    0x00, 0x00, 0x0d, 0xfd, 0x12, 0x0e, 0x09, 0xfd, 0xe7, 0xe2, 0x04, 0xfd, 0xf7, 0xee, 0x02, 0xfd,
    0xf4, 0xea, 0x03, 0xfd, 0xfe, 0xf9, 0x02, 0xfd, 0xfe, 0xf8, 0x01, 0xfd, 0xfe, 0xfe, 0x01, 0xfd,
    0xdd, 0xd5, 0x01, 0xfd, 0xbd, 0xb5, 0x03, 0xfd, 0xe3, 0xda, 0x01, 0xfd, 0xfe, 0xfb, 0x01, 0xfd,
    0xfd, 0xf4, 0x01, 0xfd, 0xfe, 0xf7, 0x01, 0xfc, 0xfe, 0xf0, 0x00, 0xfd, 0xc0, 0xc0, 0x11, 0xfd,
    0xc0, 0xc0, 0x10, 0xfd, 0xfe, 0xf0, 0x00, 0xfd, 0xfe, 0xf6, 0x00, 0xfd, 0xfd, 0xf3, 0x01, 0xfd,
    0xfe, 0xfa, 0x00, 0xfd, 0xe1, 0xd8, 0x01, 0xfd, 0xbb, 0xb4, 0x03, 0xfd, 0xdc, 0xd3, 0x01, 0xfd,
    0xfe, 0xfa, 0x01, 0xfd, 0xfd, 0xf4, 0x01, 0xfd, 0xfe, 0xf4, 0x02, 0xfc, 0xee, 0xe3, 0x02, 0xfc,
    0xf2, 0xe7, 0x03, 0xfc, 0xd3, 0xca, 0x01, 0xfd, 0x07, 0x04, 0x04, 0xfd, 0x00, 0x00, 0x0b, 0xfd,
    0x03, 0x00, 0x0d, 0xfd, 0x10, 0x0b, 0x0f, 0xfd, 0x21, 0x1a, 0x14, 0xfc, 0x22, 0x1b, 0x15, 0xfc,
    0x28, 0x21, 0x1a, 0xff, 0x25, 0x1f, 0x1a, 0x7b, 0x00, 0x00, 0x00, 0x00, 0x00, 0x00, 0x00, 0x00,
    0x00, 0x00, 0x00, 0x00, 0x00, 0x00, 0x00, 0x00, 0x30, 0x28, 0x22, 0x7f, 0x32, 0x2a, 0x23, 0xff,
    0x26, 0x1f, 0x18, 0xfc, 0x27, 0x20, 0x18, 0xfc, 0x27, 0x1f, 0x18, 0xfc, 0x27, 0x1f, 0x18, 0xfc,
    0x1f, 0x18, 0x17, 0xfc, 0x2a, 0x24, 0x0f, 0xfd, 0xe8, 0xe3, 0x04, 0xfd, 0xf8, 0xee, 0x03, 0xfd,
    0xf1, 0xe7, 0x02, 0xfd, 0xf1, 0xe7, 0x03, 0xfd, 0xf5, 0xec, 0x02, 0xfd, 0xc9, 0xbe, 0x01, 0xfd,
    0xa1, 0x9a, 0x0a, 0xfd, 0xd0, 0xcf, 0x09, 0xfd, 0x9a, 0x92, 0x02, 0xfd, 0xd2, 0xc6, 0x02, 0xfd,
    0xf3, 0xe9, 0x02, 0xfc, 0xf8, 0xe4, 0x00, 0xfd, 0x7e, 0x9b, 0x34, 0xfd, 0x00, 0xa4, 0xe2, 0xfd,
    0x00, 0x9a, 0xe0, 0xfd, 0x7b, 0x90, 0x32, 0xfd, 0xf7, 0xe4, 0x00, 0xfd, 0xf2, 0xe8, 0x02, 0xfc,
    0xd1, 0xc7, 0x01, 0xfd, 0x9b, 0x95, 0x08, 0xfd, 0xd0, 0xcf, 0x09, 0xfd, 0x9f, 0x97, 0x03, 0xfd,
    0xc6, 0xbb, 0x02, 0xfd, 0xf1, 0xe6, 0x02, 0xfd, 0xeb, 0xe0, 0x02, 0xfc, 0xea, 0xe0, 0x02, 0xfd,
    0xf2, 0xe7, 0x02, 0xfd, 0xd3, 0xc9, 0x01, 0xfd, 0x17, 0x12, 0x06, 0xfd, 0x19, 0x13, 0x12, 0xfd,
    0x22, 0x1b, 0x15, 0xfc, 0x23, 0x1c, 0x15, 0xfc, 0x22, 0x1b, 0x15, 0xfc, 0x21, 0x1a, 0x14, 0xfc,
    0x28, 0x21, 0x1a, 0xff, 0x25, 0x1f, 0x18, 0x7b, 0x00, 0x00, 0x00, 0x00, 0x00, 0x00, 0x00, 0x00,
    0x00, 0x00, 0x00, 0x00, 0x00, 0x00, 0x00, 0x00, 0x30, 0x28, 0x22, 0x7e, 0x31, 0x29, 0x22, 0xff,
    0x26, 0x1f, 0x18, 0xfd, 0x27, 0x20, 0x19, 0xfd, 0x26, 0x1f, 0x18, 0xfc, 0x26, 0x1e, 0x18, 0xfc,
    0x23, 0x1c, 0x17, 0xfc, 0x19, 0x13, 0x12, 0xfd, 0xd0, 0xc9, 0x04, 0xfd, 0xfe, 0xf7, 0x03, 0xfd,
    0xef, 0xe6, 0x02, 0xfd, 0xef, 0xe5, 0x02, 0xfd, 0xf9, 0xef, 0x02, 0xfd, 0xa1, 0x97, 0x02, 0xfd,
    0xda, 0xd3, 0x04, 0xfd, 0xfe, 0xfe, 0x01, 0xfd, 0xbf, 0xb6, 0x01, 0xfd, 0xa7, 0x9c, 0x01, 0xfd,
    0xf9, 0xef, 0x02, 0xfc, 0xf2, 0xd5, 0x00, 0xfd, 0x2d, 0x8a, 0x81, 0xfd, 0x00, 0xcb, 0xfe, 0xfd,
    0x00, 0xc3, 0xfe, 0xfc, 0x2a, 0x76, 0x79, 0xfd, 0xee, 0xd2, 0x00, 0xfd, 0xf9, 0xee, 0x02, 0xfc,
    0xac, 0xa2, 0x02, 0xfd, 0xc6, 0xc0, 0x04, 0xfd, 0xfe, 0xfe, 0x01, 0xfc, 0xcf, 0xc7, 0x02, 0xfd,
    0x9a, 0x8e, 0x01, 0xfd, 0xf5, 0xea, 0x02, 0xfd, 0xea, 0xe0, 0x02, 0xfc, 0xe9, 0xdf, 0x02, 0xfd,
    0xf9, 0xee, 0x02, 0xfd, 0xb7, 0xad, 0x01, 0xfd, 0x07, 0x04, 0x07, 0xfd, 0x1d, 0x16, 0x12, 0xfd,
    0x22, 0x1b, 0x14, 0xfc, 0x22, 0x1b, 0x15, 0xfc, 0x21, 0x1b, 0x15, 0xfc, 0x21, 0x1a, 0x14, 0xfc,
    0x28, 0x20, 0x1a, 0xff, 0x23, 0x1f, 0x18, 0x7b, 0x00, 0x00, 0x00, 0x00, 0x00, 0x00, 0x00, 0x00,
    0x00, 0x00, 0x00, 0x00, 0x00, 0x00, 0x00, 0x00, 0x2e, 0x28, 0x22, 0x7f, 0x31, 0x28, 0x21, 0xff,
    0x26, 0x1f, 0x18, 0xfd, 0x27, 0x1f, 0x18, 0xfc, 0x26, 0x1e, 0x18, 0xfc, 0x25, 0x1e, 0x17, 0xfc,
    0x25, 0x1e, 0x17, 0xfc, 0x10, 0x0a, 0x15, 0xfd, 0x6d, 0x66, 0x07, 0xfd, 0xfe, 0xfe, 0x02, 0xfd,
    0xf4, 0xeb, 0x03, 0xfc, 0xef, 0xe5, 0x03, 0xfc, 0xf4, 0xea, 0x02, 0xfc, 0xca, 0xbf, 0x01, 0xfd,
    0x92, 0x89, 0x01, 0xfd, 0xba, 0xb4, 0x02, 0xfd, 0x84, 0x79, 0x01, 0xfd, 0xcf, 0xc3, 0x02, 0xfd,
    0xf2, 0xe8, 0x02, 0xfc, 0xf7, 0xe5, 0x00, 0xfd, 0x87, 0x94, 0x24, 0xfd, 0x00, 0x84, 0xc8, 0xfd,
    0x00, 0x7e, 0xc5, 0xfd, 0x83, 0x8a, 0x22, 0xfd, 0xf3, 0xe2, 0x00, 0xfc, 0xf1, 0xe7, 0x02, 0xfc,
    0xd4, 0xc9, 0x02, 0xfc, 0x8e, 0x84, 0x01, 0xfd, 0xba, 0xb4, 0x02, 0xfd, 0x86, 0x7b, 0x01, 0xfd,
    0xc2, 0xb5, 0x01, 0xfd, 0xf0, 0xe6, 0x02, 0xfc, 0xea, 0xe0, 0x02, 0xfc, 0xee, 0xe3, 0x02, 0xfc,
    0xfc, 0xef, 0x02, 0xfd, 0x56, 0x50, 0x01, 0xfd, 0x02, 0x01, 0x0a, 0xfd, 0x1f, 0x19, 0x13, 0xfc,
    0x22, 0x1b, 0x15, 0xfc, 0x21, 0x1a, 0x14, 0xfc, 0x21, 0x1a, 0x14, 0xfc, 0x21, 0x1a, 0x14, 0xfc,
    0x27, 0x20, 0x1a, 0xff, 0x23, 0x1d, 0x18, 0x7b, 0x00, 0x00, 0x00, 0x00, 0x00, 0x00, 0x00, 0x00,
    0x00, 0x00, 0x00, 0x00, 0x00, 0x00, 0x00, 0x00, 0x2a, 0x24, 0x20, 0x7d, 0x2f, 0x27, 0x20, 0xff,
    0x25, 0x1e, 0x17, 0xfc, 0x25, 0x1e, 0x17, 0xfc, 0x25, 0x1e, 0x17, 0xfc, 0x25, 0x1e, 0x17, 0xfc,
    0x24, 0x1d, 0x17, 0xfc, 0x22, 0x1b, 0x16, 0xfc, 0x10, 0x0a, 0x10, 0xfc, 0x8d, 0x84, 0x03, 0xfd,
    0xfb, 0xf0, 0x02, 0xfd, 0xfe, 0xf5, 0x03, 0xfc, 0xfb, 0xf0, 0x02, 0xfc, 0xfe, 0xf4, 0x02, 0xfc,
    0xd8, 0xcc, 0x02, 0xfd, 0xb4, 0xa8, 0x02, 0xfd, 0xde, 0xd0, 0x02, 0xfd, 0xfd, 0xf1, 0x02, 0xfc,
    0xf9, 0xee, 0x02, 0xfc, 0xfa, 0xf0, 0x02, 0xfc, 0xfb, 0xea, 0x00, 0xfc, 0xc5, 0xb5, 0x00, 0xfd,
    0xc4, 0xb4, 0x00, 0xfd, 0xf7, 0xe5, 0x00, 0xfd, 0xf8, 0xee, 0x02, 0xfc, 0xf8, 0xed, 0x02, 0xfc,
    0xfd, 0xf2, 0x02, 0xfc, 0xde, 0xd2, 0x01, 0xfc, 0xb4, 0xa8, 0x01, 0xfd, 0xd5, 0xc8, 0x02, 0xfd,
    0xfa, 0xed, 0x02, 0xfd, 0xf6, 0xea, 0x02, 0xfd, 0xfa, 0xed, 0x02, 0xfd, 0xf2, 0xe4, 0x02, 0xfd,
    0x79, 0x71, 0x00, 0xfd, 0x01, 0x00, 0x04, 0xfd, 0x18, 0x12, 0x0f, 0xfc, 0x20, 0x19, 0x14, 0xfc,
    0x21, 0x1a, 0x14, 0xfd, 0x21, 0x1b, 0x15, 0xfc, 0x22, 0x1a, 0x15, 0xfc, 0x21, 0x1a, 0x14, 0xfc,
    0x27, 0x20, 0x1a, 0xff, 0x21, 0x1b, 0x17, 0x79, 0x00, 0x00, 0x00, 0x00, 0x00, 0x00, 0x00, 0x00,
    0x00, 0x00, 0x00, 0x00, 0x00, 0x00, 0x00, 0x00, 0x29, 0x22, 0x1d, 0x6f, 0x2e, 0x27, 0x21, 0xff,
    0x25, 0x1e, 0x18, 0xfc, 0x26, 0x1e, 0x18, 0xfc, 0x25, 0x1d, 0x17, 0xfc, 0x25, 0x1d, 0x17, 0xfc,
    0x24, 0x1d, 0x16, 0xfc, 0x25, 0x1d, 0x16, 0xfc, 0x1f, 0x18, 0x16, 0xfc, 0x0b, 0x06, 0x0e, 0xfd,
    0x49, 0x42, 0x04, 0xfd, 0x90, 0x87, 0x01, 0xfd, 0xa1, 0x97, 0x01, 0xfd, 0x9e, 0x94, 0x01, 0xfd,
    0xa3, 0x99, 0x01, 0xfd, 0xa8, 0x9d, 0x01, 0xfd, 0xa2, 0x98, 0x01, 0xfd, 0x9c, 0x93, 0x01, 0xfd,
    0x9d, 0x93, 0x01, 0xfd, 0x9d, 0x93, 0x01, 0xfd, 0x9d, 0x93, 0x01, 0xfd, 0xa7, 0x9b, 0x00, 0xfd,
    0xa6, 0x9b, 0x00, 0xfd, 0x9e, 0x94, 0x01, 0xfd, 0x9b, 0x91, 0x01, 0xfd, 0x9c, 0x92, 0x00, 0xfd,
    0x9b, 0x91, 0x01, 0xfd, 0xa0, 0x96, 0x01, 0xfd, 0xa6, 0x9b, 0x01, 0xfd, 0xa1, 0x97, 0x01, 0xfd,
    0x9d, 0x93, 0x01, 0xfd, 0x9d, 0x93, 0x00, 0xfd, 0x89, 0x80, 0x00, 0xfd, 0x3e, 0x39, 0x01, 0xfd,
    0x00, 0x00, 0x05, 0xfd, 0x14, 0x0f, 0x0d, 0xfd, 0x20, 0x19, 0x13, 0xfc, 0x21, 0x1a, 0x14, 0xfc,
    0x21, 0x1a, 0x14, 0xfc, 0x21, 0x1a, 0x14, 0xfc, 0x22, 0x1b, 0x15, 0xfc, 0x21, 0x1a, 0x14, 0xfc,
    0x27, 0x20, 0x1a, 0xff, 0x1f, 0x18, 0x16, 0x68, 0x00, 0x00, 0x00, 0x00, 0x00, 0x00, 0x00, 0x00,
    0x00, 0x00, 0x00, 0x00, 0x00, 0x00, 0x00, 0x00, 0x21, 0x1a, 0x17, 0x4d, 0x2d, 0x25, 0x1f, 0xff,
    0x26, 0x1e, 0x18, 0xfe, 0x25, 0x1e, 0x18, 0xfc, 0x25, 0x1d, 0x17, 0xfc, 0x23, 0x1c, 0x16, 0xfc,
    0x24, 0x1c, 0x16, 0xfc, 0x24, 0x1d, 0x16, 0xfc, 0x24, 0x1d, 0x16, 0xfc, 0x22, 0x1b, 0x16, 0xfc,
    0x0e, 0x09, 0x11, 0xfc, 0x04, 0x00, 0x0c, 0xfd, 0x04, 0x00, 0x09, 0xfd, 0x02, 0x00, 0x07, 0xfd,
    0x02, 0x00, 0x07, 0xfd, 0x02, 0x00, 0x07, 0xfd, 0x02, 0x00, 0x07, 0xfd, 0x02, 0x00, 0x07, 0xfd,
    0x02, 0x00, 0x07, 0xfd, 0x02, 0x00, 0x07, 0xfd, 0x02, 0x00, 0x07, 0xfd, 0x01, 0x00, 0x07, 0xfd,
    0x02, 0x00, 0x07, 0xfd, 0x02, 0x00, 0x07, 0xfd, 0x01, 0x00, 0x06, 0xfd, 0x02, 0x00, 0x07, 0xfd,
    0x02, 0x00, 0x07, 0xfd, 0x02, 0x00, 0x07, 0xfd, 0x01, 0x00, 0x07, 0xfd, 0x02, 0x00, 0x07, 0xfd,
    0x02, 0x00, 0x07, 0xfd, 0x02, 0x00, 0x07, 0xfc, 0x00, 0x00, 0x08, 0xfd, 0x07, 0x03, 0x0b, 0xfd,
    0x1a, 0x14, 0x10, 0xfd, 0x21, 0x1a, 0x14, 0xfd, 0x21, 0x1a, 0x14, 0xfc, 0x22, 0x1b, 0x14, 0xfc,
    0x21, 0x1a, 0x14, 0xfc, 0x21, 0x1a, 0x14, 0xfc, 0x21, 0x1a, 0x14, 0xfc, 0x21, 0x1a, 0x14, 0xfd,
    0x25, 0x1e, 0x18, 0xff, 0x19, 0x12, 0x0e, 0x46, 0x00, 0x00, 0x00, 0x00, 0x00, 0x00, 0x00, 0x00,
    0x00, 0x00, 0x00, 0x00, 0x00, 0x00, 0x00, 0x00, 0x12, 0x09, 0x09, 0x1b, 0x28, 0x20, 0x1b, 0xf8,
    0x27, 0x20, 0x1a, 0xff, 0x25, 0x1d, 0x17, 0xfc, 0x25, 0x1d, 0x17, 0xfc, 0x23, 0x1c, 0x16, 0xfc,
    0x23, 0x1c, 0x15, 0xfc, 0x24, 0x1c, 0x16, 0xfc, 0x23, 0x1c, 0x16, 0xfc, 0x23, 0x1c, 0x15, 0xfc,
    0x23, 0x1c, 0x15, 0xfc, 0x22, 0x1b, 0x15, 0xfc, 0x21, 0x1a, 0x14, 0xfc, 0x20, 0x19, 0x14, 0xfc,
    0x1f, 0x19, 0x13, 0xfd, 0x1f, 0x19, 0x13, 0xfd, 0x1f, 0x18, 0x13, 0xfd, 0x1e, 0x18, 0x13, 0xfc,
    0x1f, 0x18, 0x13, 0xfc, 0x1f, 0x18, 0x13, 0xfd, 0x1e, 0x17, 0x12, 0xfd, 0x1f, 0x18, 0x13, 0xfc,
    0x1f, 0x18, 0x13, 0xfd, 0x1e, 0x18, 0x12, 0xfc, 0x1e, 0x17, 0x12, 0xfc, 0x1e, 0x17, 0x12, 0xfd,
    0x1e, 0x17, 0x12, 0xfd, 0x1e, 0x17, 0x12, 0xfc, 0x1d, 0x17, 0x12, 0xfc, 0x1e, 0x17, 0x12, 0xfc,
    0x1e, 0x17, 0x12, 0xfd, 0x1e, 0x17, 0x12, 0xfc, 0x1f, 0x18, 0x13, 0xfc, 0x20, 0x19, 0x13, 0xfc,
    0x22, 0x1b, 0x14, 0xfc, 0x21, 0x1a, 0x14, 0xfc, 0x21, 0x1a, 0x14, 0xfc, 0x21, 0x1a, 0x14, 0xfc,
    0x21, 0x1a, 0x14, 0xfc, 0x22, 0x1b, 0x14, 0xfc, 0x20, 0x1a, 0x14, 0xfd, 0x23, 0x1d, 0x16, 0xff,
    0x20, 0x1a, 0x14, 0xf3, 0x0c, 0x0c, 0x00, 0x15, 0x00, 0x00, 0x00, 0x00, 0x00, 0x00, 0x00, 0x00,
    0x00, 0x00, 0x00, 0x00, 0x00, 0x00, 0x00, 0x00, 0x00, 0x00, 0x00, 0x00, 0x21, 0x1a, 0x16, 0xb6,
    0x2a, 0x22, 0x1c, 0xff, 0x24, 0x1c, 0x16, 0xfc, 0x23, 0x1c, 0x16, 0xfc, 0x23, 0x1c, 0x16, 0xfc,
    0x23, 0x1c, 0x16, 0xfc, 0x23, 0x1b, 0x15, 0xfc, 0x23, 0x1c, 0x15, 0xfc, 0x23, 0x1c, 0x15, 0xfc,
    0x23, 0x1b, 0x15, 0xfc, 0x23, 0x1c, 0x15, 0xfc, 0x24, 0x1c, 0x15, 0xfc, 0x23, 0x1b, 0x15, 0xfc,
    0x22, 0x1b, 0x15, 0xfc, 0x22, 0x1b, 0x14, 0xfc, 0x22, 0x1b, 0x15, 0xfc, 0x22, 0x1b, 0x14, 0xfc,
    0x22, 0x1b, 0x14, 0xfc, 0x22, 0x1b, 0x14, 0xfc, 0x21, 0x1a, 0x14, 0xfc, 0x21, 0x1a, 0x14, 0xfc,
    0x21, 0x1a, 0x14, 0xfd, 0x21, 0x1a, 0x13, 0xfd, 0x22, 0x1a, 0x14, 0xfc, 0x21, 0x1a, 0x13, 0xfc,
    0x21, 0x1a, 0x13, 0xfc, 0x22, 0x1a, 0x13, 0xfd, 0x21, 0x1a, 0x13, 0xfc, 0x21, 0x1a, 0x14, 0xfc,
    0x21, 0x1a, 0x14, 0xfc, 0x21, 0x1a, 0x13, 0xfc, 0x21, 0x1a, 0x13, 0xfc, 0x20, 0x1a, 0x13, 0xfc,
    0x21, 0x1a, 0x13, 0xfc, 0x21, 0x1a, 0x14, 0xfc, 0x20, 0x1a, 0x14, 0xfc, 0x20, 0x19, 0x13, 0xfc,
    0x21, 0x1a, 0x14, 0xfc, 0x21, 0x1a, 0x14, 0xfc, 0x21, 0x1a, 0x14, 0xfc, 0x27, 0x20, 0x19, 0xff,
    0x1a, 0x14, 0x10, 0xaf, 0x00, 0x00, 0x00, 0x00, 0x00, 0x00, 0x00, 0x00, 0x00, 0x00, 0x00, 0x00,
    0x00, 0x00, 0x00, 0x00, 0x00, 0x00, 0x00, 0x00, 0x00, 0x00, 0x00, 0x00, 0x14, 0x10, 0x0c, 0x3e,
    0x25, 0x1e, 0x18, 0xff, 0x27, 0x20, 0x19, 0xfe, 0x23, 0x1c, 0x15, 0xfc, 0x23, 0x1c, 0x16, 0xfd,
    0x23, 0x1c, 0x16, 0xfd, 0x23, 0x1c, 0x15, 0xfc, 0x22, 0x1c, 0x15, 0xfc, 0x22, 0x1b, 0x15, 0xfc,
    0x22, 0x1b, 0x15, 0xfd, 0x22, 0x1b, 0x14, 0xfd, 0x22, 0x1b, 0x14, 0xfc, 0x22, 0x1a, 0x14, 0xfc,
    0x21, 0x1a, 0x14, 0xfc, 0x21, 0x1a, 0x14, 0xfc, 0x21, 0x1a, 0x14, 0xfc, 0x22, 0x1b, 0x14, 0xfd,
    0x21, 0x1a, 0x14, 0xfc, 0x21, 0x1a, 0x14, 0xfc, 0x21, 0x1a, 0x13, 0xfc, 0x20, 0x19, 0x13, 0xfc,
    0x20, 0x19, 0x13, 0xfc, 0x20, 0x19, 0x13, 0xfc, 0x20, 0x19, 0x13, 0xfc, 0x21, 0x19, 0x13, 0xfc,
    0x21, 0x1a, 0x13, 0xfc, 0x22, 0x1a, 0x13, 0xfc, 0x20, 0x19, 0x13, 0xfc, 0x20, 0x19, 0x13, 0xfc,
    0x20, 0x19, 0x13, 0xfc, 0x20, 0x19, 0x13, 0xfc, 0x20, 0x19, 0x13, 0xfc, 0x20, 0x19, 0x13, 0xfc,
    0x21, 0x1a, 0x13, 0xfc, 0x20, 0x19, 0x13, 0xfc, 0x20, 0x1a, 0x13, 0xfc, 0x21, 0x1a, 0x14, 0xfc,
    0x20, 0x19, 0x13, 0xfc, 0x20, 0x1a, 0x14, 0xfc, 0x25, 0x1e, 0x18, 0xfe, 0x20, 0x1a, 0x14, 0xff,
    0x0d, 0x09, 0x04, 0x38, 0x00, 0x00, 0x00, 0x00, 0x00, 0x00, 0x00, 0x00, 0x00, 0x00, 0x00, 0x00,
    0x00, 0x00, 0x00, 0x00, 0x00, 0x00, 0x00, 0x00, 0x00, 0x00, 0x00, 0x00, 0x00, 0x00, 0x00, 0x00,
    0x18, 0x12, 0x0e, 0x99, 0x28, 0x21, 0x1b, 0xff, 0x25, 0x1e, 0x18, 0xfd, 0x23, 0x1c, 0x15, 0xfc,
    0x23, 0x1c, 0x15, 0xfc, 0x22, 0x1b, 0x15, 0xfc, 0x22, 0x1b, 0x15, 0xfc, 0x22, 0x1b, 0x15, 0xfc,
    0x22, 0x1b, 0x15, 0xfc, 0x22, 0x1b, 0x15, 0xfc, 0x21, 0x1a, 0x14, 0xfc, 0x22, 0x1a, 0x14, 0xfc,
    0x22, 0x1a, 0x14, 0xfc, 0x21, 0x1a, 0x14, 0xfc, 0x22, 0x1a, 0x14, 0xfc, 0x21, 0x1a, 0x14, 0xfc,
    0x21, 0x1a, 0x14, 0xfc, 0x20, 0x1a, 0x13, 0xfc, 0x20, 0x19, 0x13, 0xfc, 0x20, 0x19, 0x13, 0xfc,
    0x20, 0x19, 0x13, 0xfc, 0x20, 0x19, 0x12, 0xfc, 0x1f, 0x19, 0x12, 0xfc, 0x21, 0x19, 0x13, 0xfc,
    0x20, 0x19, 0x13, 0xfd, 0x20, 0x19, 0x13, 0xfc, 0x20, 0x19, 0x13, 0xfc, 0x20, 0x19, 0x13, 0xfc,
    0x20, 0x19, 0x13, 0xfc, 0x20, 0x19, 0x13, 0xfc, 0x20, 0x19, 0x13, 0xfc, 0x20, 0x19, 0x13, 0xfc,
    0x21, 0x1a, 0x13, 0xfc, 0x20, 0x19, 0x13, 0xfc, 0x20, 0x19, 0x13, 0xfc, 0x20, 0x1a, 0x13, 0xfc,
    0x20, 0x19, 0x13, 0xfc, 0x24, 0x1d, 0x16, 0xfd, 0x24, 0x1d, 0x17, 0xff, 0x11, 0x0e, 0x0a, 0x90,
    0x00, 0x00, 0x00, 0x00, 0x00, 0x00, 0x00, 0x00, 0x00, 0x00, 0x00, 0x00, 0x00, 0x00, 0x00, 0x00,
    0x00, 0x00, 0x00, 0x00, 0x00, 0x00, 0x00, 0x00, 0x00, 0x00, 0x00, 0x00, 0x00, 0x00, 0x00, 0x00,
    0x00, 0x00, 0x00, 0x05, 0x18, 0x13, 0x0f, 0xb9, 0x27, 0x20, 0x1a, 0xff, 0x27, 0x20, 0x19, 0xfe,
    0x23, 0x1c, 0x16, 0xfc, 0x22, 0x1b, 0x15, 0xfc, 0x22, 0x1b, 0x15, 0xfc, 0x22, 0x1b, 0x15, 0xfc,
    0x22, 0x1b, 0x15, 0xfc, 0x22, 0x1b, 0x15, 0xfc, 0x21, 0x1a, 0x14, 0xfc, 0x21, 0x1a, 0x13, 0xfc,
    0x21, 0x1a, 0x14, 0xfc, 0x22, 0x1b, 0x14, 0xfc, 0x21, 0x1a, 0x14, 0xfc, 0x20, 0x1a, 0x13, 0xfc,
    0x21, 0x1a, 0x13, 0xfc, 0x20, 0x1a, 0x13, 0xfc, 0x20, 0x19, 0x13, 0xfc, 0x21, 0x1a, 0x13, 0xfc,
    0x20, 0x19, 0x13, 0xfc, 0x20, 0x19, 0x13, 0xfd, 0x20, 0x19, 0x12, 0xfc, 0x20, 0x19, 0x13, 0xfc,
    0x20, 0x19, 0x13, 0xfc, 0x20, 0x19, 0x13, 0xfc, 0x20, 0x19, 0x13, 0xfc, 0x20, 0x19, 0x13, 0xfc,
    0x20, 0x19, 0x13, 0xfc, 0x20, 0x19, 0x12, 0xfc, 0x1f, 0x19, 0x12, 0xfc, 0x1f, 0x19, 0x13, 0xfc,
    0x20, 0x19, 0x13, 0xfc, 0x20, 0x19, 0x13, 0xfc, 0x20, 0x19, 0x13, 0xfc, 0x21, 0x1a, 0x14, 0xfc,
    0x24, 0x1d, 0x17, 0xff, 0x22, 0x1b, 0x15, 0xff, 0x12, 0x0c, 0x0a, 0xb2, 0x00, 0x00, 0x00, 0x03,
    0x00, 0x00, 0x00, 0x00, 0x00, 0x00, 0x00, 0x00, 0x00, 0x00, 0x00, 0x00, 0x00, 0x00, 0x00, 0x00,
    0x00, 0x00, 0x00, 0x00, 0x00, 0x00, 0x00, 0x00, 0x00, 0x00, 0x00, 0x00, 0x00, 0x00, 0x00, 0x00,
    0x00, 0x00, 0x00, 0x00, 0x00, 0x00, 0x00, 0x06, 0x14, 0x10, 0x0b, 0x9e, 0x20, 0x19, 0x15, 0xff,
    0x26, 0x1f, 0x19, 0xff, 0x26, 0x1f, 0x18, 0xff, 0x24, 0x1d, 0x17, 0xfc, 0x23, 0x1c, 0x16, 0xfc,
    0x22, 0x1b, 0x15, 0xfc, 0x22, 0x1b, 0x15, 0xfc, 0x22, 0x1b, 0x15, 0xfd, 0x21, 0x1a, 0x14, 0xfd,
    0x21, 0x1a, 0x14, 0xfd, 0x22, 0x1a, 0x14, 0xfc, 0x22, 0x1b, 0x14, 0xfc, 0x21, 0x1a, 0x14, 0xfc,
    0x22, 0x1a, 0x14, 0xfc, 0x21, 0x1a, 0x14, 0xfc, 0x22, 0x1a, 0x14, 0xfc, 0x21, 0x1a, 0x14, 0xfd,
    0x21, 0x1a, 0x13, 0xfd, 0x21, 0x1a, 0x13, 0xfd, 0x21, 0x19, 0x13, 0xfd, 0x21, 0x1a, 0x13, 0xfc,
    0x21, 0x1a, 0x13, 0xfc, 0x21, 0x1a, 0x13, 0xfc, 0x21, 0x19, 0x13, 0xfc, 0x20, 0x19, 0x13, 0xfc,
    0x20, 0x19, 0x13, 0xfc, 0x20, 0x19, 0x13, 0xfc, 0x20, 0x19, 0x13, 0xfd, 0x20, 0x19, 0x13, 0xfc,
    0x21, 0x1a, 0x13, 0xfc, 0x22, 0x1b, 0x14, 0xfc, 0x22, 0x1b, 0x15, 0xff, 0x22, 0x1b, 0x15, 0xff,
    0x1b, 0x15, 0x10, 0xff, 0x0f, 0x0b, 0x08, 0x95, 0x00, 0x00, 0x00, 0x03, 0x00, 0x00, 0x00, 0x00,
    0x00, 0x00, 0x00, 0x00, 0x00, 0x00, 0x00, 0x00, 0x00, 0x00, 0x00, 0x00, 0x00, 0x00, 0x00, 0x00,
    0x00, 0x00, 0x00, 0x00, 0x00, 0x00, 0x00, 0x00, 0x00, 0x00, 0x00, 0x00, 0x00, 0x00, 0x00, 0x00,
    0x00, 0x00, 0x00, 0x00, 0x00, 0x00, 0x00, 0x00, 0x00, 0x00, 0x00, 0x00, 0x0d, 0x09, 0x06, 0x4d,
    0x15, 0x10, 0x0d, 0xbf, 0x1b, 0x15, 0x11, 0xfc, 0x20, 0x1a, 0x14, 0xff, 0x23, 0x1b, 0x16, 0xff,
    0x22, 0x1b, 0x15, 0xff, 0x22, 0x1b, 0x15, 0xff, 0x22, 0x1b, 0x15, 0xff, 0x22, 0x1b, 0x15, 0xff,
    0x22, 0x1b, 0x14, 0xff, 0x22, 0x1a, 0x14, 0xff, 0x21, 0x1a, 0x14, 0xff, 0x21, 0x1a, 0x14, 0xff,
    0x22, 0x1b, 0x14, 0xff, 0x22, 0x1b, 0x14, 0xff, 0x21, 0x1a, 0x14, 0xff, 0x21, 0x1a, 0x14, 0xff,
    0x21, 0x1a, 0x14, 0xff, 0x21, 0x1a, 0x14, 0xff, 0x21, 0x1a, 0x14, 0xff, 0x21, 0x1a, 0x14, 0xff,
    0x21, 0x1a, 0x13, 0xff, 0x21, 0x1a, 0x13, 0xff, 0x20, 0x1a, 0x14, 0xff, 0x20, 0x19, 0x13, 0xff,
    0x20, 0x1a, 0x14, 0xff, 0x20, 0x1a, 0x14, 0xff, 0x21, 0x1a, 0x14, 0xff, 0x21, 0x1a, 0x14, 0xff,
    0x20, 0x19, 0x13, 0xff, 0x1e, 0x17, 0x12, 0xff, 0x18, 0x12, 0x0e, 0xfa, 0x13, 0x0d, 0x09, 0xba,
    0x07, 0x03, 0x03, 0x46, 0x00, 0x00, 0x00, 0x00, 0x00, 0x00, 0x00, 0x00, 0x00, 0x00, 0x00, 0x00,
    0x00, 0x00, 0x00, 0x00, 0x00, 0x00, 0x00, 0x00, 0x00, 0x00, 0x00, 0x00, 0x00, 0x00, 0x00, 0x00,
    0x00, 0x00, 0x00, 0x00, 0x00, 0x00, 0x00, 0x00, 0x00, 0x00, 0x00, 0x00, 0x00, 0x00, 0x00, 0x00,
    0x00, 0x00, 0x00, 0x00, 0x00, 0x00, 0x00, 0x00, 0x00, 0x00, 0x00, 0x00, 0x00, 0x00, 0x00, 0x00,
    0x00, 0x00, 0x00, 0x00, 0x06, 0x00, 0x00, 0x28, 0x0e, 0x08, 0x05, 0x59, 0x10, 0x0c, 0x08, 0x7d,
    0x11, 0x0c, 0x08, 0x93, 0x10, 0x0d, 0x09, 0x99, 0x10, 0x0b, 0x0a, 0x98, 0x10, 0x0b, 0x0a, 0x97,
    0x10, 0x0b, 0x08, 0x98, 0x10, 0x0b, 0x08, 0x98, 0x10, 0x0b, 0x08, 0x98, 0x10, 0x0b, 0x08, 0x98,
    0x10, 0x0b, 0x08, 0x98, 0x10, 0x0b, 0x08, 0x98, 0x10, 0x0b, 0x08, 0x98, 0x10, 0x0b, 0x08, 0x98,
    0x10, 0x0b, 0x08, 0x98, 0x10, 0x0b, 0x08, 0x98, 0x10, 0x0b, 0x08, 0x98, 0x10, 0x0b, 0x08, 0x98,
    0x10, 0x0b, 0x08, 0x97, 0x10, 0x0b, 0x08, 0x98, 0x10, 0x0b, 0x08, 0x99, 0x10, 0x0b, 0x08, 0x98,
    0x10, 0x0b, 0x08, 0x98, 0x10, 0x0b, 0x08, 0x98, 0x10, 0x0b, 0x08, 0x98, 0x11, 0x0c, 0x08, 0x93,
    0x10, 0x0a, 0x08, 0x7c, 0x0b, 0x08, 0x05, 0x59, 0x06, 0x00, 0x00, 0x25, 0x00, 0x00, 0x00, 0x00,
    0x00, 0x00, 0x00, 0x00, 0x00, 0x00, 0x00, 0x00, 0x00, 0x00, 0x00, 0x00, 0x00, 0x00, 0x00, 0x00,
    0x00, 0x00, 0x00, 0x00, 0x00, 0x00, 0x00, 0x00, 0x00, 0x00, 0x00, 0x00, 0x00, 0x00, 0x00, 0x00,
    0x00, 0x00, 0x00, 0x00, 0x00, 0x00, 0x00, 0x00, 0x00, 0x00, 0x00, 0x00, 0x00, 0x00, 0x00, 0x00,
    0x00, 0x00, 0x00, 0x00, 0x00, 0x00, 0x00, 0x00, 0x00, 0x00, 0x00, 0x00, 0x00, 0x00, 0x00, 0x00,
    0x00, 0x00, 0x00, 0x00, 0x00, 0x00, 0x00, 0x00, 0x00, 0x00, 0x00, 0x00, 0x00, 0x00, 0x00, 0x00,
    0x00, 0x00, 0x00, 0x00, 0x00, 0x00, 0x00, 0x00, 0x00, 0x00, 0x00, 0x00, 0x00, 0x00, 0x00, 0x00,
    0x00, 0x00, 0x00, 0x00, 0x00, 0x00, 0x00, 0x00, 0x00, 0x00, 0x00, 0x00, 0x00, 0x00, 0x00, 0x00,
    0x00, 0x00, 0x00, 0x00, 0x00, 0x00, 0x00, 0x00, 0x00, 0x00, 0x00, 0x00, 0x00, 0x00, 0x00, 0x00,
    0x00, 0x00, 0x00, 0x00, 0x00, 0x00, 0x00, 0x00, 0x00, 0x00, 0x00, 0x00, 0x00, 0x00, 0x00, 0x00,
    0x00, 0x00, 0x00, 0x00, 0x00, 0x00, 0x00, 0x00, 0x00, 0x00, 0x00, 0x00, 0x00, 0x00, 0x00, 0x00,
    0x00, 0x00, 0x00, 0x00, 0x00, 0x00, 0x00, 0x00, 0x00, 0x00, 0x00, 0x00, 0x00, 0x00, 0x00, 0x00,
    0x00, 0x00, 0x00, 0x00, 0x00, 0x00, 0x00, 0x00, 0x00, 0x00, 0x00, 0x00, 0x00, 0x00, 0x00, 0x00,
    0x00, 0x00, 0x00, 0x00, 0x00, 0x00, 0x00, 0x00, 0x00, 0x00, 0x00, 0x00, 0x00, 0x00, 0x00, 0x00,
    0x00, 0x00, 0x00, 0x00, 0x00, 0x00, 0x00, 0x00, 0x00, 0x00, 0x00, 0x00, 0x00, 0x00, 0x00, 0x00,
    0x00, 0x00, 0x00, 0x00, 0x00, 0x00, 0x00, 0x00, 0x00, 0x00, 0x00, 0x00, 0x00, 0x00, 0x00, 0x00,
    0x00, 0x00, 0x00, 0x00, 0x00, 0x00, 0x00, 0x00, 0x00, 0x00, 0x00, 0x00, 0x00, 0x00, 0x00, 0x00,
    0x00, 0x00, 0x00, 0x00, 0x00, 0x00, 0x00, 0x00, 0x00, 0x00, 0x00, 0x00, 0x00, 0x00, 0x00, 0x00,
    0x00, 0x00, 0x00, 0x00, 0x00, 0x00, 0x00, 0x00, 0x00, 0x00, 0x00, 0x00, 0x00, 0x00, 0x00, 0x00,
    0x00, 0x00, 0x00, 0x00, 0x00, 0x00, 0x00, 0x00, 0x00, 0x00, 0x00, 0x00, 0x00, 0x00, 0x00, 0x00,
    0x00, 0x00, 0x00, 0x00, 0x00, 0x00, 0x00, 0x00, 0x00, 0x00, 0x00, 0x00, 0x00, 0x00, 0x00, 0x00,
    0x00, 0x00, 0x00, 0x00, 0x00, 0x00, 0x00, 0x00, 0x00, 0x00, 0x00, 0x00, 0x00, 0x00, 0x00, 0x00,
    0x00, 0x00, 0x00, 0x00, 0x00, 0x00, 0x00, 0x00, 0x00, 0x00, 0x00, 0x00, 0x00, 0x00, 0x00, 0x00,
    0x00, 0x00, 0x00, 0x00, 0x00, 0x00, 0x00, 0x00, 0x00, 0x00, 0x00, 0x00, 0x00, 0x00, 0x00, 0x00,
    0x00, 0x00, 0x00, 0x00, 0x00, 0x00, 0x00, 0x00, 0x00, 0x00, 0x00, 0x00, 0x00, 0x00, 0x00, 0x00,
    0x00, 0x00, 0x00, 0x00, 0x00, 0x00, 0x00, 0x00, 0x00, 0x00, 0x00, 0x00, 0x00, 0x00, 0x00, 0x00,
    0x00, 0x00, 0x00, 0x00, 0x00, 0x00, 0x00, 0x00, 0x00, 0x00, 0x00, 0x00, 0x00, 0x00, 0x00, 0x00,
    0x00, 0x00, 0x00, 0x00, 0x00, 0x00, 0x00, 0x00, 0x00, 0x00, 0x00, 0x00, 0x00, 0x00, 0x00, 0x00,
    0x00, 0x00, 0x00, 0x00, 0x00, 0x00, 0x00, 0x00, 0x00, 0x00, 0x00, 0x00, 0x00, 0x00, 0x00, 0x00,
    0x00, 0x00, 0x00, 0x00, 0x00, 0x00, 0x00, 0x00, 0x00, 0x00, 0x00, 0x00, 0x00, 0x00, 0x00, 0x00,
    0x00, 0x00, 0x00, 0x00, 0x00, 0x00, 0x00, 0x00, 0x00, 0x00, 0x00, 0x00, 0x00, 0x00, 0x00, 0x00,
    0x00, 0x00, 0x00, 0x00, 0x00, 0x00, 0x00, 0x00, 0x00, 0x00, 0x00, 0x00, 0x00, 0x00, 0x00, 0x00,
    0x00, 0x00, 0x00, 0x00, 0x00, 0x00, 0x00, 0x00, 0x00, 0x00, 0x00, 0x00, 0x00, 0x00, 0x00, 0x00,
    0x00, 0x00, 0x00, 0x00, 0x00, 0x00, 0x00, 0x00, 0x00, 0x00, 0x00, 0x00, 0x00, 0x00, 0x00, 0x00,
    0x00, 0x00, 0x00, 0x00, 0x00, 0x00, 0x00, 0x00, 0x00, 0x00, 0x00, 0x00, 0x00, 0x00, 0x00, 0x00,
    0x00, 0x00, 0x00, 0x00, 0x00, 0x00, 0x00, 0x00, 0x00, 0x00, 0x00, 0x00, 0x00, 0x00, 0x00, 0x00,
    0x00, 0x00, 0x00, 0x00, 0x00, 0x00, 0x00, 0x00, 0x00, 0x00, 0x00, 0x00, 0x00, 0x00, 0x00, 0x00,
    0x00, 0x00, 0x00, 0x00, 0x00, 0x00, 0x00, 0x00, 0x00, 0x00, 0x00, 0x00, 0x00, 0x00, 0x00, 0x00,
    0x00, 0x00, 0x00, 0x00, 0x00, 0x00, 0x00, 0x00, 0x00, 0x00, 0x00, 0x00, 0x00, 0x00, 0x00, 0x00,
    0x00, 0x00, 0x00, 0x00, 0x00, 0x00, 0x00, 0x00, 0x00, 0x00, 0x00, 0x00, 0x00, 0x00, 0x00, 0x00,
    0x00, 0x00, 0x00, 0x00, 0x00, 0x00, 0x00, 0x00, 0x00, 0x00, 0x00, 0x00, 0x00, 0x00, 0x00, 0x00,
    0x00, 0x00, 0x00, 0x00, 0x00, 0x00, 0x00, 0x00, 0x00, 0x00, 0x00, 0x00, 0x00, 0x00, 0x00, 0x00,
    0x00, 0x00, 0x00, 0x00, 0x00, 0x00, 0x00, 0x00, 0x00, 0x00, 0x00, 0x00, 0x00, 0x00, 0x00, 0x00,
    0x00, 0x00, 0x00, 0x00, 0x00, 0x00, 0x00, 0x00, 0x00, 0x00, 0x00, 0x00, 0x00, 0x00, 0x00, 0x00,
    0x00, 0x00, 0x00, 0x00, 0x00, 0x00, 0x00, 0x00, 0x00, 0x00, 0x00, 0x00, 0x00, 0x00, 0x00, 0x00,
    0x00, 0x00, 0x00, 0x00, 0x00, 0x00, 0x00, 0x00, 0x00, 0x00, 0x00, 0x00, 0x00, 0x00, 0x00, 0x00,
    0x00, 0x00, 0x00, 0x00, 0x00, 0x00, 0x00, 0x00, 0x00, 0x00, 0x00, 0x00, 0x00, 0x00, 0x00, 0x00,
    0x00, 0x00, 0x00, 0x00, 0x00, 0x00, 0x00, 0x00, 0x00, 0x00, 0x00, 0x00, 0x00, 0x00, 0x00, 0x00,
    0x00, 0x00, 0x00, 0x00, 0x00, 0x00, 0x00, 0x00, 0x00, 0x00, 0x00, 0x00, 0x00, 0x00, 0x00, 0x00,
    0x00, 0x00, 0x00, 0x00, 0x00, 0x00, 0x00, 0x00, 0x00, 0x00, 0x00, 0x00, 0x00, 0x00, 0x00, 0x00,
    0x00, 0x00, 0x00, 0x00, 0x00, 0x00, 0x00, 0x00, 0x00, 0x00, 0x00, 0x00, 0x00, 0x00, 0x00, 0x00,
};

const lv_image_dsc_t toolbox_icon_logic_analyzer = {
    .header.cf = LV_COLOR_FORMAT_ARGB8888,
    .header.magic = LV_IMAGE_HEADER_MAGIC,
    .header.w = 48,
    .header.h = 48,
    .data_size = sizeof(toolbox_icon_logic_analyzer_map),
    .data = toolbox_icon_logic_analyzer_map,
};

const LV_ATTRIBUTE_MEM_ALIGN LV_ATTRIBUTE_LARGE_CONST LV_ATTRIBUTE_IMAGE_TOOLBOX_ICON uint8_t toolbox_icon_wifi_scanner_map[] = {
    0x00, 0x00, 0x00, 0x00, 0x00, 0x00, 0x00, 0x00, 0x00, 0x00, 0x00, 0x00, 0x00, 0x00, 0x00, 0x00,
    0x00, 0x00, 0x00, 0x00, 0x00, 0x00, 0x00, 0x00, 0x00, 0x00, 0x00, 0x00, 0x00, 0x00, 0x00, 0x00,
    0x00, 0x00, 0x00, 0x00, 0x00, 0x00, 0x00, 0x00, 0x00, 0x00, 0x00, 0x00, 0x00, 0x00, 0x00, 0x00,
    0x00, 0x00, 0x00, 0x00, 0x00, 0x00, 0x00, 0x00, 0x00, 0x00, 0x00, 0x00, 0x00, 0x00, 0x00, 0x00,
    0x00, 0x00, 0x00, 0x00, 0x00, 0x00, 0x00, 0x00, 0x00, 0x00, 0x00, 0x00, 0x00, 0x00, 0x00, 0x00,
    0x00, 0x00, 0x00, 0x00, 0x00, 0x00, 0x00, 0x00, 0x00, 0x00, 0x00, 0x00, 0x00, 0x00, 0x00, 0x00,
    0x00, 0x00, 0x00, 0x00, 0x00, 0x00, 0x00, 0x00, 0x00, 0x00, 0x00, 0x00, 0x00, 0x00, 0x00, 0x00,
    0x00, 0x00, 0x00, 0x00, 0x00, 0x00, 0x00, 0x00, 0x00, 0x00, 0x00, 0x00, 0x00, 0x00, 0x00, 0x00,
    0x00, 0x00, 0x00, 0x00, 0x00, 0x00, 0x00, 0x00, 0x00, 0x00, 0x00, 0x00, 0x00, 0x00, 0x00, 0x00,
    0x00, 0x00, 0x00, 0x00, 0x00, 0x00, 0x00, 0x00, 0x00, 0x00, 0x00, 0x00, 0x00, 0x00, 0x00, 0x00,
    0x00, 0x00, 0x00, 0x00, 0x00, 0x00, 0x00, 0x00, 0x00, 0x00, 0x00, 0x00, 0x00, 0x00, 0x00, 0x00,
    0x00, 0x00, 0x00, 0x00, 0x00, 0x00, 0x00, 0x00, 0x00, 0x00, 0x00, 0x00, 0x00, 0x00, 0x00, 0x00,
    0x00, 0x00, 0x00, 0x00, 0x00, 0x00, 0x00, 0x00, 0x00, 0x00, 0x00, 0x00, 0x00, 0x00, 0x00, 0x00,
    0x00, 0x00, 0x00, 0x00, 0x00, 0x00, 0x00, 0x00, 0x00, 0x00, 0x00, 0x00, 0x00, 0x00, 0x00, 0x00,
    0x00, 0x00, 0x00, 0x00, 0x00, 0x00, 0x00, 0x00, 0x00, 0x00, 0x00, 0x00, 0x00, 0x00, 0x00, 0x00,
    0x00, 0x00, 0x00, 0x00, 0x00, 0x00, 0x00, 0x00, 0x00, 0x00, 0x00, 0x00, 0x00, 0x00, 0x00, 0x00,
    0x00, 0x00, 0x00, 0x00, 0x00, 0x00, 0x00, 0x00, 0x00, 0x00, 0x00, 0x00, 0x00, 0x00, 0x00, 0x00,
    0x00, 0x00, 0x00, 0x00, 0x00, 0x00, 0x00, 0x00, 0x00, 0x00, 0x00, 0x00, 0x00, 0x00, 0x00, 0x00,
    0x00, 0x00, 0x00, 0x00, 0x00, 0x00, 0x00, 0x00, 0x00, 0x00, 0x00, 0x00, 0x00, 0x00, 0x00, 0x00,
    0x00, 0x00, 0x00, 0x00, 0x00, 0x00, 0x00, 0x00, 0x00, 0x00, 0x00, 0x00, 0x00, 0x00, 0x00, 0x00,
    0x00, 0x00, 0x00, 0x00, 0x00, 0x00, 0x00, 0x00, 0x00, 0x00, 0x00, 0x00, 0x00, 0x00, 0x00, 0x00,
    0x00, 0x00, 0x00, 0x00, 0x00, 0x00, 0x00, 0x00, 0x00, 0x00, 0x00, 0x00, 0x00, 0x00, 0x00, 0x00,
    0x00, 0x00, 0x00, 0x00, 0x00, 0x00, 0x00, 0x00, 0x00, 0x00, 0x00, 0x00, 0x00, 0x00, 0x00, 0x00,
    0x00, 0x00, 0x00, 0x00, 0x00, 0x00, 0x00, 0x00, 0x00, 0x00, 0x00, 0x00, 0x00, 0x00, 0x00, 0x00,
    0x00, 0x00, 0x00, 0x00, 0x00, 0x00, 0x00, 0x00, 0x00, 0x00, 0x00, 0x00, 0x00, 0x00, 0x00, 0x00,
    0x00, 0x00, 0x00, 0x00, 0x00, 0x00, 0x00, 0x00, 0x00, 0x00, 0x00, 0x00, 0x00, 0x00, 0x00, 0x00,
    0x00, 0x00, 0x00, 0x00, 0x00, 0x00, 0x00, 0x00, 0x00, 0x00, 0x00, 0x00, 0x7f, 0x7f, 0x7f, 0x06,
    0x86, 0x78, 0x78, 0x13, 0x8b, 0x7f, 0x73, 0x16, 0x7f, 0x73, 0x73, 0x16, 0x7f, 0x73, 0x73, 0x16,
    0x8b, 0x7f, 0x73, 0x16, 0x8b, 0x7f, 0x73, 0x16, 0x8b, 0x7f, 0x73, 0x16, 0x8b, 0x7f, 0x73, 0x16,
    0x8b, 0x7f, 0x73, 0x16, 0x8b, 0x73, 0x73, 0x16, 0x8b, 0x7f, 0x73, 0x16, 0x8b, 0x7f, 0x73, 0x16,
    0x7f, 0x73, 0x73, 0x16, 0x7f, 0x73, 0x73, 0x16, 0x79, 0x6e, 0x6e, 0x17, 0x8b, 0x73, 0x73, 0x16,
    0x85, 0x79, 0x6e, 0x17, 0x85, 0x79, 0x6e, 0x17, 0x7f, 0x73, 0x73, 0x16, 0x8b, 0x7f, 0x73, 0x16,
    0x7f, 0x73, 0x73, 0x16, 0x7f, 0x73, 0x68, 0x16, 0x79, 0x6e, 0x63, 0x17, 0x7f, 0x72, 0x66, 0x14,
    0x91, 0x6d, 0x6d, 0x07, 0x00, 0x00, 0x00, 0x00, 0x00, 0x00, 0x00, 0x00, 0x00, 0x00, 0x00, 0x00,
    0x00, 0x00, 0x00, 0x00, 0x00, 0x00, 0x00, 0x00, 0x00, 0x00, 0x00, 0x00, 0x00, 0x00, 0x00, 0x00,
    0x00, 0x00, 0x00, 0x00, 0x00, 0x00, 0x00, 0x00, 0x00, 0x00, 0x00, 0x00, 0x00, 0x00, 0x00, 0x00,
    0x00, 0x00, 0x00, 0x00, 0x00, 0x00, 0x00, 0x00, 0x00, 0x00, 0x00, 0x00, 0x00, 0x00, 0x00, 0x00,
    0x00, 0x00, 0x00, 0x00, 0x00, 0x00, 0x00, 0x00, 0x00, 0x00, 0x00, 0x00, 0x00, 0x00, 0x00, 0x00,
    0x55, 0x4a, 0x4a, 0x18, 0x6e, 0x62, 0x5b, 0x6f, 0x69, 0x5e, 0x59, 0xb7, 0x64, 0x5b, 0x54, 0xdf,
    0x5c, 0x52, 0x4d, 0xee, 0x57, 0x4d, 0x48, 0xf0, 0x53, 0x4b, 0x45, 0xf0, 0x52, 0x4a, 0x45, 0xf0,
    0x55, 0x4b, 0x46, 0xf0, 0x55, 0x4c, 0x46, 0xf0, 0x53, 0x4b, 0x46, 0xf0, 0x53, 0x4a, 0x45, 0xf0,
    0x52, 0x4a, 0x45, 0xf0, 0x51, 0x49, 0x42, 0xf0, 0x52, 0x49, 0x44, 0xf0, 0x51, 0x49, 0x44, 0xf0,
    0x50, 0x47, 0x41, 0xf0, 0x4f, 0x46, 0x41, 0xf1, 0x50, 0x47, 0x42, 0xf1, 0x50, 0x48, 0x42, 0xf0,
    0x4f, 0x46, 0x40, 0xf1, 0x4f, 0x46, 0x41, 0xf1, 0x4e, 0x46, 0x40, 0xf0, 0x4e, 0x45, 0x40, 0xf1,
    0x4d, 0x45, 0x3f, 0xf0, 0x4e, 0x44, 0x3f, 0xf1, 0x4e, 0x44, 0x3f, 0xf1, 0x4f, 0x46, 0x41, 0xee,
    0x53, 0x49, 0x45, 0xe0, 0x56, 0x4d, 0x47, 0xbc, 0x56, 0x4d, 0x47, 0x76, 0x52, 0x41, 0x41, 0x1f,
    0x00, 0x00, 0x00, 0x00, 0x00, 0x00, 0x00, 0x00, 0x00, 0x00, 0x00, 0x00, 0x00, 0x00, 0x00, 0x00,
    0x00, 0x00, 0x00, 0x00, 0x00, 0x00, 0x00, 0x00, 0x00, 0x00, 0x00, 0x00, 0x00, 0x00, 0x00, 0x00,
    0x00, 0x00, 0x00, 0x00, 0x00, 0x00, 0x00, 0x00, 0x00, 0x00, 0x00, 0x00, 0x00, 0x00, 0x00, 0x00,
    0x00, 0x00, 0x00, 0x00, 0x00, 0x00, 0x00, 0x00, 0x00, 0x00, 0x00, 0x00, 0x68, 0x5e, 0x59, 0x77,
    0x66, 0x5b, 0x56, 0xec, 0x58, 0x4f, 0x49, 0xff, 0x44, 0x3b, 0x36, 0xff, 0x38, 0x30, 0x2b, 0xff,
    0x32, 0x2b, 0x26, 0xff, 0x30, 0x29, 0x24, 0xff, 0x30, 0x29, 0x23, 0xff, 0x30, 0x29, 0x24, 0xff,
    0x30, 0x29, 0x23, 0xff, 0x30, 0x29, 0x24, 0xff, 0x2f, 0x28, 0x23, 0xff, 0x2e, 0x28, 0x22, 0xff,
    0x2f, 0x28, 0x23, 0xff, 0x2f, 0x28, 0x23, 0xff, 0x2e, 0x27, 0x22, 0xff, 0x2e, 0x27, 0x22, 0xff,
    0x2e, 0x27, 0x21, 0xff, 0x2d, 0x26, 0x21, 0xff, 0x2d, 0x26, 0x21, 0xff, 0x2c, 0x26, 0x21, 0xff,
    0x2c, 0x25, 0x20, 0xff, 0x2b, 0x25, 0x1f, 0xff, 0x2c, 0x25, 0x20, 0xff, 0x2c, 0x25, 0x20, 0xff,
    0x2b, 0x25, 0x20, 0xff, 0x2c, 0x25, 0x20, 0xff, 0x2b, 0x24, 0x1f, 0xff, 0x2b, 0x25, 0x20, 0xff,
    0x2e, 0x28, 0x23, 0xff, 0x37, 0x2f, 0x2a, 0xff, 0x45, 0x3d, 0x38, 0xff, 0x4c, 0x44, 0x3e, 0xf3,
    0x4a, 0x43, 0x3d, 0x85, 0x33, 0x00, 0x00, 0x05, 0x00, 0x00, 0x00, 0x00, 0x00, 0x00, 0x00, 0x00,
    0x00, 0x00, 0x00, 0x00, 0x00, 0x00, 0x00, 0x00, 0x00, 0x00, 0x00, 0x00, 0x00, 0x00, 0x00, 0x00,
    0x00, 0x00, 0x00, 0x00, 0x00, 0x00, 0x00, 0x00, 0x00, 0x00, 0x00, 0x00, 0x00, 0x00, 0x00, 0x00,
    0x00, 0x00, 0x00, 0x00, 0x33, 0x33, 0x33, 0x0f, 0x63, 0x5a, 0x54, 0xb8, 0x5d, 0x53, 0x4d, 0xff,
    0x37, 0x30, 0x2b, 0xff, 0x29, 0x24, 0x1f, 0xfc, 0x2d, 0x26, 0x21, 0xfd, 0x2f, 0x28, 0x22, 0xfd,
    0x30, 0x29, 0x23, 0xfd, 0x30, 0x29, 0x23, 0xfd, 0x30, 0x29, 0x23, 0xfd, 0x2f, 0x28, 0x22, 0xfd,
    0x2f, 0x28, 0x22, 0xfd, 0x30, 0x28, 0x23, 0xfd, 0x30, 0x28, 0x23, 0xfd, 0x2f, 0x28, 0x22, 0xfd,
    0x2f, 0x28, 0x22, 0xfd, 0x2f, 0x28, 0x22, 0xfd, 0x2e, 0x27, 0x22, 0xfd, 0x2c, 0x25, 0x22, 0xfd,
    0x2b, 0x24, 0x21, 0xfd, 0x2c, 0x25, 0x21, 0xfd, 0x2c, 0x25, 0x20, 0xfd, 0x2d, 0x26, 0x20, 0xfd,
    0x2d, 0x26, 0x21, 0xfd, 0x2d, 0x26, 0x21, 0xfd, 0x2d, 0x26, 0x20, 0xfd, 0x2d, 0x26, 0x20, 0xfd,
    0x2c, 0x25, 0x20, 0xfd, 0x2c, 0x25, 0x1f, 0xfd, 0x2b, 0x24, 0x1f, 0xfd, 0x2b, 0x24, 0x1e, 0xfd,
    0x2a, 0x23, 0x1e, 0xfd, 0x28, 0x21, 0x1d, 0xfd, 0x26, 0x20, 0x1b, 0xfd, 0x2d, 0x27, 0x22, 0xff,
    0x43, 0x3b, 0x36, 0xff, 0x44, 0x3c, 0x37, 0xc5, 0x35, 0x2a, 0x2a, 0x18, 0x00, 0x00, 0x00, 0x00,
    0x00, 0x00, 0x00, 0x00, 0x00, 0x00, 0x00, 0x00, 0x00, 0x00, 0x00, 0x00, 0x00, 0x00, 0x00, 0x00,
    0x00, 0x00, 0x00, 0x00, 0x00, 0x00, 0x00, 0x00, 0x00, 0x00, 0x00, 0x00, 0x00, 0x00, 0x00, 0x00,
    0x3f, 0x1f, 0x1f, 0x08, 0x5b, 0x52, 0x4d, 0xc5, 0x4f, 0x46, 0x41, 0xff, 0x2c, 0x25, 0x20, 0xfe,
    0x2c, 0x25, 0x20, 0xfd, 0x2f, 0x28, 0x23, 0xfd, 0x30, 0x29, 0x23, 0xfd, 0x2f, 0x28, 0x22, 0xfd,
    0x2f, 0x28, 0x23, 0xfd, 0x30, 0x28, 0x23, 0xfd, 0x2f, 0x28, 0x22, 0xfd, 0x2f, 0x28, 0x23, 0xfd,
    0x30, 0x28, 0x23, 0xfd, 0x30, 0x28, 0x22, 0xfd, 0x2d, 0x26, 0x23, 0xfd, 0x23, 0x1c, 0x21, 0xfd,
    0x1c, 0x15, 0x1f, 0xfd, 0x1c, 0x15, 0x1f, 0xfd, 0x21, 0x1a, 0x1e, 0xfd, 0x25, 0x1f, 0x1e, 0xfd,
    0x26, 0x20, 0x1f, 0xfd, 0x22, 0x1c, 0x1d, 0xfd, 0x1c, 0x15, 0x1e, 0xfd, 0x19, 0x12, 0x1f, 0xfd,
    0x1f, 0x18, 0x20, 0xfd, 0x28, 0x20, 0x20, 0xfd, 0x2c, 0x25, 0x20, 0xfd, 0x2c, 0x25, 0x1f, 0xfd,
    0x2c, 0x25, 0x20, 0xfd, 0x2c, 0x24, 0x1f, 0xfd, 0x2b, 0x24, 0x1f, 0xfd, 0x2a, 0x23, 0x1e, 0xfd,
    0x2a, 0x23, 0x1e, 0xfd, 0x29, 0x23, 0x1e, 0xfd, 0x29, 0x22, 0x1d, 0xfd, 0x27, 0x20, 0x1b, 0xfd,
    0x27, 0x21, 0x1c, 0xfd, 0x39, 0x32, 0x2e, 0xff, 0x3c, 0x35, 0x30, 0xd2, 0x22, 0x22, 0x22, 0x0f,
    0x00, 0x00, 0x00, 0x00, 0x00, 0x00, 0x00, 0x00, 0x00, 0x00, 0x00, 0x00, 0x00, 0x00, 0x00, 0x00,
    0x00, 0x00, 0x00, 0x00, 0x00, 0x00, 0x00, 0x00, 0x00, 0x00, 0x00, 0x00, 0x00, 0x00, 0x00, 0x00,
    0x58, 0x4e, 0x49, 0x9c, 0x52, 0x49, 0x43, 0xff, 0x2c, 0x25, 0x20, 0xfd, 0x2e, 0x27, 0x22, 0xfd,
    0x30, 0x28, 0x23, 0xfd, 0x30, 0x29, 0x23, 0xfd, 0x30, 0x29, 0x23, 0xfd, 0x30, 0x28, 0x23, 0xfd,
    0x30, 0x28, 0x23, 0xfd, 0x30, 0x29, 0x23, 0xfd, 0x30, 0x28, 0x22, 0xfd, 0x30, 0x29, 0x22, 0xfd,
    0x28, 0x21, 0x22, 0xfd, 0x1b, 0x13, 0x1e, 0xfd, 0x29, 0x22, 0x1e, 0xfd, 0x51, 0x4c, 0x20, 0xfd,
    0x81, 0x7c, 0x20, 0xfd, 0xa9, 0xa6, 0x1e, 0xfd, 0xc2, 0xbf, 0x18, 0xfd, 0xcf, 0xcb, 0x15, 0xfd,
    0xd0, 0xcd, 0x15, 0xfd, 0xc8, 0xc5, 0x15, 0xfd, 0xb3, 0xb0, 0x16, 0xfd, 0x8e, 0x8c, 0x18, 0xfd,
    0x5d, 0x5a, 0x19, 0xfd, 0x2d, 0x28, 0x19, 0xfd, 0x16, 0x0f, 0x1c, 0xfd, 0x1f, 0x18, 0x1e, 0xfd,
    0x2b, 0x24, 0x1f, 0xfd, 0x2b, 0x24, 0x1f, 0xfd, 0x2a, 0x23, 0x1e, 0xfd, 0x2b, 0x24, 0x1e, 0xfd,
    0x2a, 0x23, 0x1e, 0xfd, 0x29, 0x23, 0x1e, 0xfd, 0x29, 0x22, 0x1d, 0xfd, 0x28, 0x21, 0x1c, 0xfd,
    0x28, 0x21, 0x1c, 0xfd, 0x26, 0x20, 0x1c, 0xfd, 0x38, 0x31, 0x2c, 0xff, 0x36, 0x2f, 0x2c, 0xac,
    0x00, 0x00, 0x00, 0x00, 0x00, 0x00, 0x00, 0x00, 0x00, 0x00, 0x00, 0x00, 0x00, 0x00, 0x00, 0x00,
    0x00, 0x00, 0x00, 0x00, 0x00, 0x00, 0x00, 0x00, 0x00, 0x00, 0x00, 0x00, 0x50, 0x44, 0x3f, 0x3c,
    0x53, 0x4a, 0x45, 0xff, 0x30, 0x29, 0x24, 0xfe, 0x2f, 0x28, 0x22, 0xfd, 0x2e, 0x28, 0x23, 0xfd,
    0x2e, 0x28, 0x23, 0xfc, 0x30, 0x28, 0x23, 0xfd, 0x30, 0x28, 0x23, 0xfd, 0x30, 0x28, 0x23, 0xfd,
    0x30, 0x29, 0x23, 0xfd, 0x30, 0x29, 0x22, 0xfd, 0x2a, 0x22, 0x22, 0xfd, 0x1a, 0x13, 0x1d, 0xfd,
    0x3a, 0x35, 0x20, 0xfd, 0x8d, 0x89, 0x25, 0xfd, 0xd6, 0xd3, 0x22, 0xfd, 0xfd, 0xf8, 0x17, 0xfd,
    0xfe, 0xfe, 0x0d, 0xfc, 0xfe, 0xfe, 0x07, 0xfc, 0xfe, 0xf9, 0x03, 0xfc, 0xfe, 0xf7, 0x02, 0xfc,
    0xfe, 0xf6, 0x02, 0xfc, 0xfe, 0xf7, 0x02, 0xfc, 0xfe, 0xfa, 0x04, 0xfd, 0xfe, 0xfe, 0x06, 0xfc,
    0xfe, 0xfb, 0x09, 0xfd, 0xe2, 0xdf, 0x0e, 0xfd, 0x9e, 0x9c, 0x12, 0xfd, 0x44, 0x40, 0x16, 0xfd,
    0x14, 0x0e, 0x1a, 0xfd, 0x21, 0x1a, 0x1d, 0xfd, 0x2a, 0x23, 0x1d, 0xfd, 0x2a, 0x23, 0x1e, 0xfd,
    0x2a, 0x23, 0x1e, 0xfd, 0x2a, 0x23, 0x1e, 0xfd, 0x29, 0x22, 0x1d, 0xfd, 0x28, 0x21, 0x1d, 0xfc,
    0x28, 0x21, 0x1c, 0xfd, 0x26, 0x20, 0x1b, 0xfd, 0x27, 0x21, 0x1d, 0xfe, 0x38, 0x31, 0x2d, 0xff,
    0x30, 0x29, 0x26, 0x49, 0x00, 0x00, 0x00, 0x00, 0x00, 0x00, 0x00, 0x00, 0x00, 0x00, 0x00, 0x00,
    0x00, 0x00, 0x00, 0x00, 0x00, 0x00, 0x00, 0x00, 0x00, 0x00, 0x00, 0x00, 0x4e, 0x47, 0x41, 0xb3,
    0x41, 0x39, 0x34, 0xff, 0x2c, 0x25, 0x20, 0xfd, 0x2f, 0x28, 0x23, 0xfd, 0x2e, 0x27, 0x22, 0xfd,
    0x2f, 0x28, 0x23, 0xfd, 0x30, 0x28, 0x23, 0xfd, 0x31, 0x29, 0x24, 0xfd, 0x30, 0x29, 0x23, 0xfd,
    0x2f, 0x29, 0x23, 0xfd, 0x1d, 0x16, 0x1e, 0xfd, 0x2c, 0x25, 0x1d, 0xfd, 0x91, 0x8e, 0x27, 0xfd,
    0xee, 0xeb, 0x24, 0xfd, 0xfe, 0xfe, 0x11, 0xfc, 0xfe, 0xf6, 0x02, 0xfc, 0xf8, 0xed, 0x00, 0xfc,
    0xfa, 0xef, 0x00, 0xfc, 0xfd, 0xf2, 0x00, 0xfc, 0xfe, 0xf3, 0x01, 0xfc, 0xfe, 0xf4, 0x02, 0xfc,
    0xfe, 0xf4, 0x02, 0xfc, 0xfe, 0xf2, 0x02, 0xfc, 0xfc, 0xf2, 0x01, 0xfc, 0xf9, 0xed, 0x00, 0xfc,
    0xf5, 0xe9, 0x00, 0xfc, 0xf9, 0xed, 0x00, 0xfc, 0xfe, 0xfd, 0x04, 0xfc, 0xf7, 0xf3, 0x0a, 0xfd,
    0xa3, 0xa0, 0x10, 0xfd, 0x31, 0x2b, 0x16, 0xfd, 0x14, 0x0d, 0x1b, 0xfd, 0x29, 0x22, 0x1e, 0xfd,
    0x2a, 0x23, 0x1d, 0xfd, 0x2a, 0x23, 0x1d, 0xfd, 0x29, 0x22, 0x1d, 0xfc, 0x28, 0x22, 0x1d, 0xfd,
    0x27, 0x21, 0x1c, 0xfd, 0x27, 0x20, 0x1b, 0xfc, 0x26, 0x1f, 0x1a, 0xfc, 0x2f, 0x28, 0x24, 0xff,
    0x32, 0x2b, 0x27, 0xc0, 0x00, 0x00, 0x00, 0x00, 0x00, 0x00, 0x00, 0x00, 0x00, 0x00, 0x00, 0x00,
    0x00, 0x00, 0x00, 0x00, 0x00, 0x00, 0x00, 0x00, 0x3d, 0x32, 0x32, 0x19, 0x48, 0x40, 0x3b, 0xf6,
    0x31, 0x2a, 0x25, 0xff, 0x2e, 0x27, 0x22, 0xfd, 0x2e, 0x28, 0x22, 0xfd, 0x2e, 0x27, 0x22, 0xfd,
    0x2f, 0x28, 0x22, 0xfd, 0x2f, 0x28, 0x23, 0xfd, 0x2f, 0x28, 0x22, 0xfd, 0x2b, 0x24, 0x21, 0xfd,
    0x17, 0x10, 0x1b, 0xfc, 0x5a, 0x56, 0x22, 0xfd, 0xdc, 0xdb, 0x2c, 0xfd, 0xfe, 0xfe, 0x14, 0xfd,
    0xfb, 0xf1, 0x00, 0xfd, 0xf8, 0xed, 0x00, 0xfc, 0xfe, 0xf3, 0x02, 0xfc, 0xf9, 0xec, 0x02, 0xfc,
    0xde, 0xd2, 0x02, 0xfd, 0xbe, 0xb3, 0x02, 0xfd, 0xa3, 0x99, 0x01, 0xfd, 0x94, 0x8a, 0x00, 0xfd,
    0x94, 0x89, 0x00, 0xfd, 0xa2, 0x97, 0x01, 0xfd, 0xbd, 0xb2, 0x02, 0xfd, 0xde, 0xd2, 0x02, 0xfd,
    0xf9, 0xed, 0x02, 0xfc, 0xfd, 0xf1, 0x02, 0xfd, 0xf4, 0xe9, 0x01, 0xfc, 0xf5, 0xe9, 0x00, 0xfc,
    0xfe, 0xfe, 0x04, 0xfc, 0xe8, 0xe5, 0x0a, 0xfd, 0x63, 0x5f, 0x10, 0xfd, 0x10, 0x0a, 0x19, 0xfd,
    0x24, 0x1d, 0x1c, 0xfd, 0x28, 0x21, 0x1c, 0xfd, 0x27, 0x21, 0x1c, 0xfd, 0x27, 0x20, 0x1b, 0xfd,
    0x27, 0x20, 0x1b, 0xfd, 0x27, 0x20, 0x1b, 0xfc, 0x26, 0x1f, 0x1a, 0xfc, 0x27, 0x21, 0x1c, 0xff,
    0x2f, 0x29, 0x25, 0xfb, 0x27, 0x1f, 0x1f, 0x20, 0x00, 0x00, 0x00, 0x00, 0x00, 0x00, 0x00, 0x00,
    0x00, 0x00, 0x00, 0x00, 0x00, 0x00, 0x00, 0x00, 0x43, 0x3d, 0x39, 0x4b, 0x45, 0x3d, 0x38, 0xff,
    0x2d, 0x26, 0x21, 0xfe, 0x2f, 0x27, 0x22, 0xfd, 0x2e, 0x27, 0x22, 0xfd, 0x2d, 0x27, 0x22, 0xfc,
    0x2f, 0x28, 0x22, 0xfd, 0x2f, 0x28, 0x22, 0xfd, 0x28, 0x20, 0x20, 0xfd, 0x1a, 0x13, 0x1a, 0xfd,
    0x89, 0x86, 0x28, 0xfd, 0xfe, 0xfe, 0x25, 0xfd, 0xfe, 0xf7, 0x06, 0xfd, 0xf6, 0xeb, 0x00, 0xfd,
    0xfe, 0xf4, 0x02, 0xfc, 0xeb, 0xde, 0x02, 0xfd, 0xa7, 0x9c, 0x01, 0xfd, 0x58, 0x51, 0x00, 0xfd,
    0x23, 0x1f, 0x01, 0xfd, 0x0a, 0x08, 0x02, 0xfd, 0x01, 0x00, 0x03, 0xfd, 0x00, 0x00, 0x04, 0xfd,
    0x00, 0x00, 0x05, 0xfd, 0x02, 0x00, 0x04, 0xfd, 0x0b, 0x09, 0x03, 0xfd, 0x24, 0x20, 0x02, 0xfd,
    0x59, 0x52, 0x01, 0xfd, 0xa9, 0x9f, 0x01, 0xfd, 0xed, 0xe0, 0x02, 0xfd, 0xfe, 0xf2, 0x02, 0xfc,
    0xf2, 0xe6, 0x01, 0xfc, 0xf9, 0xee, 0x01, 0xfc, 0xfe, 0xfe, 0x05, 0xfd, 0x8f, 0x8b, 0x0c, 0xfd,
    0x13, 0x0d, 0x17, 0xfd, 0x21, 0x1b, 0x1c, 0xfd, 0x28, 0x21, 0x1c, 0xfd, 0x26, 0x20, 0x1b, 0xfd,
    0x27, 0x20, 0x1b, 0xfc, 0x26, 0x20, 0x1b, 0xfc, 0x26, 0x1f, 0x1b, 0xfd, 0x25, 0x1e, 0x1a, 0xfd,
    0x2e, 0x28, 0x24, 0xff, 0x2a, 0x24, 0x21, 0x54, 0x00, 0x00, 0x00, 0x00, 0x00, 0x00, 0x00, 0x00,
    0x00, 0x00, 0x00, 0x00, 0x00, 0x00, 0x00, 0x00, 0x47, 0x40, 0x3b, 0x67, 0x43, 0x3b, 0x37, 0xff,
    0x2d, 0x26, 0x21, 0xfd, 0x2f, 0x28, 0x23, 0xfd, 0x2f, 0x28, 0x22, 0xfd, 0x2e, 0x27, 0x22, 0xfd,
    0x2e, 0x27, 0x21, 0xfd, 0x29, 0x22, 0x20, 0xfd, 0x20, 0x19, 0x1b, 0xfd, 0xa7, 0xa4, 0x2c, 0xfd,
    0xfe, 0xfe, 0x1e, 0xfd, 0xf9, 0xee, 0x00, 0xfc, 0xfa, 0xef, 0x01, 0xfc, 0xf7, 0xeb, 0x03, 0xfd,
    0xa8, 0x9d, 0x01, 0xfd, 0x38, 0x34, 0x00, 0xfd, 0x00, 0x00, 0x02, 0xfd, 0x00, 0x00, 0x07, 0xfd,
    0x00, 0x00, 0x0b, 0xfd, 0x01, 0x00, 0x0e, 0xfd, 0x07, 0x02, 0x10, 0xfd, 0x0b, 0x07, 0x12, 0xfd,
    0x0c, 0x07, 0x12, 0xfd, 0x08, 0x03, 0x12, 0xfd, 0x03, 0x00, 0x10, 0xfd, 0x01, 0x00, 0x0d, 0xfd,
    0x00, 0x00, 0x09, 0xfd, 0x02, 0x00, 0x04, 0xfd, 0x3c, 0x37, 0x01, 0xfd, 0xaf, 0xa3, 0x01, 0xfd,
    0xfb, 0xee, 0x02, 0xfd, 0xf6, 0xea, 0x02, 0xfc, 0xf2, 0xe5, 0x01, 0xfc, 0xfe, 0xfe, 0x03, 0xfc,
    0xa3, 0x9e, 0x0a, 0xfd, 0x16, 0x10, 0x16, 0xfd, 0x23, 0x1d, 0x1b, 0xfc, 0x27, 0x20, 0x1b, 0xfd,
    0x25, 0x1e, 0x1a, 0xfc, 0x26, 0x1f, 0x1a, 0xfd, 0x26, 0x1f, 0x1b, 0xfd, 0x25, 0x1e, 0x1a, 0xfd,
    0x2e, 0x27, 0x23, 0xff, 0x2a, 0x26, 0x21, 0x72, 0x00, 0x00, 0x00, 0x00, 0x00, 0x00, 0x00, 0x00,
    0x00, 0x00, 0x00, 0x00, 0x00, 0x00, 0x00, 0x00, 0x45, 0x3e, 0x3a, 0x72, 0x42, 0x3a, 0x35, 0xff,
    0x2d, 0x26, 0x21, 0xfd, 0x2e, 0x27, 0x22, 0xfd, 0x2e, 0x27, 0x22, 0xfd, 0x2d, 0x26, 0x21, 0xfd,
    0x2c, 0x25, 0x20, 0xfd, 0x1e, 0x17, 0x1b, 0xfd, 0xa3, 0xa0, 0x25, 0xfd, 0xfe, 0xfe, 0x19, 0xfd,
    0xf5, 0xea, 0x00, 0xfc, 0xfd, 0xf2, 0x02, 0xfc, 0xe7, 0xda, 0x02, 0xfd, 0x63, 0x5b, 0x00, 0xfd,
    0x02, 0x01, 0x02, 0xfd, 0x00, 0x00, 0x08, 0xfd, 0x05, 0x01, 0x0e, 0xfd, 0x16, 0x11, 0x13, 0xfd,
    0x44, 0x40, 0x1a, 0xfd, 0x77, 0x74, 0x1c, 0xfd, 0xa0, 0x9d, 0x18, 0xfd, 0xb3, 0xb0, 0x17, 0xfd,
    0xb3, 0xb0, 0x15, 0xfd, 0xa1, 0x9f, 0x13, 0xfd, 0x7a, 0x78, 0x15, 0xfd, 0x47, 0x44, 0x15, 0xfd,
    0x17, 0x12, 0x14, 0xfd, 0x06, 0x02, 0x12, 0xfd, 0x00, 0x00, 0x0b, 0xfd, 0x05, 0x03, 0x03, 0xfd,
    0x6c, 0x63, 0x01, 0xfd, 0xed, 0xe0, 0x02, 0xfd, 0xf8, 0xec, 0x02, 0xfc, 0xef, 0xe2, 0x00, 0xfc,
    0xfe, 0xfe, 0x02, 0xfc, 0x96, 0x90, 0x09, 0xfd, 0x13, 0x0e, 0x16, 0xfd, 0x24, 0x1e, 0x1a, 0xfd,
    0x25, 0x1e, 0x19, 0xfd, 0x25, 0x1e, 0x1a, 0xfc, 0x26, 0x1f, 0x1b, 0xfd, 0x25, 0x1e, 0x19, 0xfd,
    0x2c, 0x25, 0x21, 0xff, 0x2b, 0x25, 0x22, 0x7c, 0x00, 0x00, 0x00, 0x00, 0x00, 0x00, 0x00, 0x00,
    0x00, 0x00, 0x00, 0x00, 0x00, 0x00, 0x00, 0x00, 0x44, 0x3b, 0x39, 0x73, 0x41, 0x39, 0x34, 0xff,
    0x2d, 0x26, 0x21, 0xfd, 0x2e, 0x27, 0x22, 0xfd, 0x2e, 0x27, 0x21, 0xfd, 0x2e, 0x26, 0x21, 0xfd,
    0x27, 0x20, 0x20, 0xfd, 0x2f, 0x29, 0x17, 0xfd, 0xf6, 0xf0, 0x0b, 0xfd, 0xfe, 0xf4, 0x00, 0xfc,
    0xfe, 0xf2, 0x02, 0xfc, 0xda, 0xcd, 0x01, 0xfd, 0x3e, 0x38, 0x00, 0xfd, 0x00, 0x00, 0x05, 0xfd,
    0x08, 0x04, 0x0e, 0xfd, 0x14, 0x0e, 0x13, 0xfd, 0x65, 0x62, 0x1e, 0xfd, 0xc7, 0xc4, 0x20, 0xfd,
    0xfa, 0xf5, 0x16, 0xfc, 0xfe, 0xfe, 0x0d, 0xfc, 0xfe, 0xfd, 0x06, 0xfc, 0xfe, 0xfb, 0x04, 0xfc,
    0xfe, 0xfa, 0x03, 0xfc, 0xfe, 0xfc, 0x04, 0xfc, 0xfe, 0xfe, 0x07, 0xfc, 0xfa, 0xf4, 0x0a, 0xfd,
    0xc9, 0xc7, 0x0e, 0xfd, 0x6b, 0x68, 0x12, 0xfd, 0x15, 0x10, 0x13, 0xfd, 0x07, 0x04, 0x11, 0xfd,
    0x00, 0x00, 0x08, 0xfd, 0x48, 0x42, 0x01, 0xfd, 0xe5, 0xd7, 0x01, 0xfd, 0xfa, 0xee, 0x02, 0xfc,
    0xfa, 0xee, 0x01, 0xfc, 0xe7, 0xdc, 0x01, 0xfd, 0x20, 0x1b, 0x0f, 0xfd, 0x1e, 0x19, 0x19, 0xfc,
    0x25, 0x1e, 0x1a, 0xfd, 0x25, 0x1e, 0x1a, 0xfc, 0x25, 0x1e, 0x1a, 0xfc, 0x24, 0x1d, 0x19, 0xfd,
    0x2c, 0x25, 0x21, 0xff, 0x2b, 0x25, 0x20, 0x7c, 0x00, 0x00, 0x00, 0x00, 0x00, 0x00, 0x00, 0x00,
    0x00, 0x00, 0x00, 0x00, 0x00, 0x00, 0x00, 0x00, 0x42, 0x3b, 0x39, 0x73, 0x3f, 0x38, 0x34, 0xff,
    0x2d, 0x26, 0x21, 0xfd, 0x2e, 0x27, 0x22, 0xfd, 0x2d, 0x26, 0x21, 0xfd, 0x2c, 0x25, 0x20, 0xfd,
    0x2a, 0x23, 0x20, 0xfd, 0x1b, 0x15, 0x17, 0xfd, 0xa9, 0xa0, 0x02, 0xfd, 0xfe, 0xf8, 0x01, 0xfd,
    0xd5, 0xc8, 0x01, 0xfd, 0x34, 0x2e, 0x00, 0xfd, 0x00, 0x00, 0x07, 0xfd, 0x09, 0x04, 0x0f, 0xfd,
    0x36, 0x31, 0x18, 0xfd, 0xbe, 0xbc, 0x26, 0xfd, 0xfe, 0xfe, 0x19, 0xfd, 0xfe, 0xf9, 0x05, 0xfc,
    0xf8, 0xed, 0x00, 0xfc, 0xfa, 0xee, 0x00, 0xfc, 0xfd, 0xf1, 0x00, 0xfc, 0xfe, 0xf2, 0x01, 0xfc,
    0xfe, 0xf2, 0x01, 0xfc, 0xfd, 0xf0, 0x01, 0xfc, 0xf9, 0xec, 0x00, 0xfc, 0xf5, 0xe9, 0x00, 0xfc,
    0xfe, 0xf3, 0x01, 0xfc, 0xfe, 0xfe, 0x06, 0xfc, 0xc4, 0xc1, 0x0b, 0xfd, 0x38, 0x33, 0x11, 0xfd,
    0x09, 0x04, 0x13, 0xfc, 0x00, 0x00, 0x0b, 0xfd, 0x44, 0x3d, 0x02, 0xfd, 0xe3, 0xd6, 0x01, 0xfd,
    0xfe, 0xf0, 0x02, 0xfd, 0x91, 0x87, 0x01, 0xfd, 0x0d, 0x09, 0x0d, 0xfd, 0x21, 0x1b, 0x18, 0xfd,
    0x25, 0x1e, 0x19, 0xfc, 0x24, 0x1e, 0x19, 0xfc, 0x24, 0x1e, 0x19, 0xfc, 0x24, 0x1d, 0x19, 0xfd,
    0x2d, 0x26, 0x21, 0xff, 0x2b, 0x25, 0x21, 0x7b, 0x00, 0x00, 0x00, 0x00, 0x00, 0x00, 0x00, 0x00,
    0x00, 0x00, 0x00, 0x00, 0x00, 0x00, 0x00, 0x00, 0x40, 0x3a, 0x35, 0x72, 0x3f, 0x37, 0x32, 0xff,
    0x2c, 0x25, 0x20, 0xfd, 0x2d, 0x25, 0x20, 0xfd, 0x2b, 0x25, 0x20, 0xfc, 0x2b, 0x25, 0x20, 0xfc,
    0x2c, 0x25, 0x1f, 0xfd, 0x22, 0x1c, 0x1b, 0xfd, 0x17, 0x13, 0x0d, 0xfd, 0x46, 0x40, 0x02, 0xfd,
    0x22, 0x1e, 0x02, 0xfd, 0x04, 0x02, 0x09, 0xfd, 0x09, 0x04, 0x10, 0xfd, 0x51, 0x4d, 0x1b, 0xfd,
    0xeb, 0xea, 0x27, 0xfd, 0xfe, 0xfe, 0x0b, 0xfc, 0xf6, 0xea, 0x00, 0xfc, 0xfe, 0xf2, 0x01, 0xfc,
    0xf4, 0xe7, 0x02, 0xfd, 0xcb, 0xbe, 0x01, 0xfd, 0xa1, 0x97, 0x00, 0xfd, 0x8a, 0x81, 0x01, 0xfd,
    0x8a, 0x80, 0x01, 0xfd, 0xa2, 0x98, 0x01, 0xfd, 0xcd, 0xc1, 0x02, 0xfd, 0xf5, 0xe8, 0x02, 0xfd,
    0xfb, 0xef, 0x02, 0xfc, 0xf0, 0xe4, 0x00, 0xfc, 0xfe, 0xf7, 0x02, 0xfc, 0xee, 0xeb, 0x06, 0xfd,
    0x52, 0x4d, 0x0e, 0xfd, 0x09, 0x04, 0x14, 0xfd, 0x07, 0x04, 0x0b, 0xfd, 0x2b, 0x25, 0x02, 0xfd,
    0x43, 0x3d, 0x01, 0xfd, 0x0b, 0x08, 0x06, 0xfd, 0x17, 0x12, 0x12, 0xfd, 0x23, 0x1c, 0x18, 0xfc,
    0x24, 0x1e, 0x19, 0xfc, 0x24, 0x1e, 0x19, 0xfc, 0x25, 0x1e, 0x1a, 0xfc, 0x24, 0x1d, 0x19, 0xfd,
    0x2b, 0x25, 0x20, 0xff, 0x29, 0x23, 0x21, 0x7b, 0x00, 0x00, 0x00, 0x00, 0x00, 0x00, 0x00, 0x00,
    0x00, 0x00, 0x00, 0x00, 0x00, 0x00, 0x00, 0x00, 0x41, 0x3a, 0x36, 0x71, 0x3e, 0x37, 0x32, 0xff,
    0x2c, 0x24, 0x1f, 0xfd, 0x2c, 0x25, 0x20, 0xfd, 0x2a, 0x24, 0x1f, 0xfc, 0x2a, 0x24, 0x1f, 0xfc,
    0x2b, 0x24, 0x1f, 0xfd, 0x2a, 0x23, 0x1d, 0xfd, 0x1f, 0x19, 0x18, 0xfd, 0x0b, 0x07, 0x11, 0xfd,
    0x10, 0x0d, 0x10, 0xfd, 0x13, 0x0e, 0x13, 0xfd, 0x56, 0x52, 0x1b, 0xfd, 0xf7, 0xf6, 0x23, 0xfd,
    0xfd, 0xf4, 0x04, 0xfc, 0xf6, 0xeb, 0x00, 0xfc, 0xfa, 0xed, 0x02, 0xfd, 0xb3, 0xa7, 0x01, 0xfd,
    0x4a, 0x44, 0x00, 0xfd, 0x10, 0x0e, 0x01, 0xfd, 0x00, 0x00, 0x03, 0xfd, 0x00, 0x00, 0x05, 0xfd,
    0x00, 0x00, 0x06, 0xfd, 0x01, 0x00, 0x05, 0xfd, 0x13, 0x10, 0x03, 0xfd, 0x4e, 0x47, 0x01, 0xfd,
    0xb8, 0xac, 0x01, 0xfd, 0xfa, 0xed, 0x02, 0xfd, 0xf1, 0xe5, 0x01, 0xfc, 0xf9, 0xee, 0x01, 0xfc,
    0xf8, 0xf3, 0x04, 0xfd, 0x54, 0x4e, 0x0d, 0xfd, 0x10, 0x0b, 0x13, 0xfd, 0x0d, 0x09, 0x0f, 0xfd,
    0x05, 0x02, 0x0c, 0xfd, 0x17, 0x12, 0x11, 0xfd, 0x21, 0x1b, 0x16, 0xfc, 0x23, 0x1d, 0x18, 0xfd,
    0x24, 0x1d, 0x19, 0xfd, 0x24, 0x1d, 0x19, 0xfd, 0x25, 0x1e, 0x1a, 0xfc, 0x24, 0x1d, 0x19, 0xfc,
    0x2a, 0x24, 0x1f, 0xff, 0x29, 0x23, 0x21, 0x7b, 0x00, 0x00, 0x00, 0x00, 0x00, 0x00, 0x00, 0x00,
    0x00, 0x00, 0x00, 0x00, 0x00, 0x00, 0x00, 0x00, 0x43, 0x3a, 0x37, 0x72, 0x3e, 0x36, 0x32, 0xff,
    0x2c, 0x25, 0x20, 0xfd, 0x2c, 0x25, 0x20, 0xfd, 0x2b, 0x24, 0x1f, 0xfd, 0x2b, 0x24, 0x1f, 0xfd,
    0x2b, 0x23, 0x1e, 0xfd, 0x2b, 0x24, 0x1e, 0xfd, 0x29, 0x22, 0x1d, 0xfd, 0x27, 0x21, 0x1b, 0xfd,
    0x24, 0x1e, 0x1b, 0xfd, 0x1d, 0x17, 0x15, 0xfd, 0xdb, 0xd6, 0x14, 0xfd, 0xfe, 0xf9, 0x04, 0xfc,
    0xf8, 0xec, 0x00, 0xfc, 0xf0, 0xe3, 0x02, 0xfd, 0x70, 0x67, 0x00, 0xfd, 0x04, 0x03, 0x02, 0xfd,
    0x00, 0x00, 0x08, 0xfd, 0x00, 0x00, 0x0c, 0xfd, 0x07, 0x03, 0x10, 0xfd, 0x11, 0x0c, 0x12, 0xfd,
    0x12, 0x0e, 0x13, 0xfd, 0x09, 0x05, 0x12, 0xfd, 0x02, 0x00, 0x10, 0xfd, 0x00, 0x00, 0x0a, 0xfd,
    0x08, 0x06, 0x04, 0xfd, 0x78, 0x6f, 0x01, 0xfd, 0xf5, 0xe7, 0x02, 0xfd, 0xf4, 0xe7, 0x02, 0xfc,
    0xfe, 0xf4, 0x01, 0xfc, 0xd2, 0xc8, 0x02, 0xfd, 0x14, 0x0f, 0x10, 0xfd, 0x1e, 0x19, 0x17, 0xfd,
    0x21, 0x1b, 0x17, 0xfc, 0x22, 0x1c, 0x17, 0xfc, 0x23, 0x1c, 0x18, 0xfc, 0x24, 0x1d, 0x19, 0xfd,
    0x23, 0x1d, 0x18, 0xfd, 0x23, 0x1c, 0x18, 0xfc, 0x24, 0x1d, 0x19, 0xfc, 0x24, 0x1d, 0x19, 0xfc,
    0x2a, 0x23, 0x1f, 0xff, 0x27, 0x23, 0x1f, 0x7b, 0x00, 0x00, 0x00, 0x00, 0x00, 0x00, 0x00, 0x00,
    0x00, 0x00, 0x00, 0x00, 0x00, 0x00, 0x00, 0x00, 0x40, 0x37, 0x35, 0x72, 0x3d, 0x35, 0x31, 0xff,
    0x2c, 0x25, 0x20, 0xfd, 0x2b, 0x24, 0x1f, 0xfd, 0x2a, 0x23, 0x1e, 0xfc, 0x2a, 0x23, 0x1e, 0xfc,
    0x2a, 0x23, 0x1e, 0xfd, 0x2a, 0x23, 0x1e, 0xfd, 0x2a, 0x23, 0x1e, 0xfd, 0x2a, 0x23, 0x1d, 0xfd,
    0x26, 0x1f, 0x1c, 0xfd, 0x17, 0x12, 0x15, 0xfd, 0xbd, 0xb3, 0x02, 0xfd, 0xfe, 0xfe, 0x01, 0xfc,
    0xf1, 0xe4, 0x02, 0xfd, 0x59, 0x52, 0x00, 0xfd, 0x00, 0x00, 0x05, 0xfd, 0x05, 0x01, 0x0d, 0xfd,
    0x16, 0x11, 0x13, 0xfd, 0x5e, 0x5a, 0x1b, 0xfd, 0xa1, 0x9f, 0x1c, 0xfd, 0xc2, 0xbe, 0x16, 0xfd,
    0xc3, 0xc0, 0x12, 0xfd, 0xa5, 0xa2, 0x13, 0xfd, 0x62, 0x5f, 0x12, 0xfd, 0x19, 0x13, 0x13, 0xfd,
    0x06, 0x02, 0x11, 0xfc, 0x00, 0x00, 0x07, 0xfd, 0x66, 0x5e, 0x01, 0xfd, 0xf9, 0xea, 0x01, 0xfd,
    0xfe, 0xfb, 0x01, 0xfc, 0xab, 0xa0, 0x00, 0xfd, 0x0d, 0x09, 0x0d, 0xfd, 0x20, 0x1a, 0x17, 0xfc,
    0x24, 0x1e, 0x19, 0xfd, 0x24, 0x1d, 0x19, 0xfc, 0x23, 0x1d, 0x18, 0xfc, 0x23, 0x1d, 0x18, 0xfc,
    0x23, 0x1c, 0x18, 0xfc, 0x23, 0x1c, 0x17, 0xfc, 0x23, 0x1c, 0x18, 0xfc, 0x23, 0x1c, 0x18, 0xfc,
    0x2a, 0x23, 0x1f, 0xff, 0x27, 0x23, 0x1f, 0x7b, 0x00, 0x00, 0x00, 0x00, 0x00, 0x00, 0x00, 0x00,
    0x00, 0x00, 0x00, 0x00, 0x00, 0x00, 0x00, 0x00, 0x3e, 0x37, 0x35, 0x72, 0x3c, 0x35, 0x30, 0xff,
    0x2a, 0x23, 0x1f, 0xfd, 0x2a, 0x23, 0x1e, 0xfd, 0x2a, 0x23, 0x1e, 0xfc, 0x2a, 0x23, 0x1e, 0xfd,
    0x29, 0x22, 0x1d, 0xfd, 0x29, 0x22, 0x1d, 0xfc, 0x29, 0x22, 0x1d, 0xfd, 0x29, 0x22, 0x1d, 0xfd,
    0x28, 0x21, 0x1c, 0xfc, 0x1c, 0x16, 0x18, 0xfd, 0x27, 0x22, 0x0a, 0xfd, 0x78, 0x71, 0x01, 0xfd,
    0x49, 0x42, 0x00, 0xfd, 0x00, 0x00, 0x06, 0xfd, 0x07, 0x02, 0x0e, 0xfd, 0x3a, 0x35, 0x18, 0xfd,
    0xc6, 0xc4, 0x24, 0xfd, 0xfe, 0xfd, 0x14, 0xfd, 0xfe, 0xfc, 0x07, 0xfc, 0xfe, 0xf6, 0x03, 0xfc,
    0xfe, 0xf5, 0x02, 0xfc, 0xfe, 0xfa, 0x04, 0xfc, 0xfe, 0xfc, 0x07, 0xfd, 0xcb, 0xc8, 0x0b, 0xfd,
    0x3e, 0x39, 0x10, 0xfc, 0x06, 0x02, 0x12, 0xfc, 0x04, 0x01, 0x09, 0xfd, 0x52, 0x4b, 0x02, 0xfd,
    0x76, 0x6d, 0x00, 0xfd, 0x1b, 0x18, 0x04, 0xfd, 0x12, 0x0d, 0x10, 0xfd, 0x22, 0x1c, 0x17, 0xfc,
    0x24, 0x1d, 0x19, 0xfd, 0x24, 0x1d, 0x19, 0xfd, 0x24, 0x1d, 0x18, 0xfc, 0x23, 0x1d, 0x18, 0xfc,
    0x23, 0x1c, 0x18, 0xfc, 0x23, 0x1c, 0x18, 0xfc, 0x23, 0x1c, 0x18, 0xfc, 0x22, 0x1c, 0x18, 0xfc,
    0x29, 0x22, 0x1e, 0xff, 0x27, 0x20, 0x1c, 0x7c, 0x00, 0x00, 0x00, 0x00, 0x00, 0x00, 0x00, 0x00,
    0x00, 0x00, 0x00, 0x00, 0x00, 0x00, 0x00, 0x00, 0x3e, 0x37, 0x33, 0x72, 0x3b, 0x34, 0x2f, 0xff,
    0x29, 0x23, 0x1e, 0xfc, 0x2a, 0x22, 0x1e, 0xfd, 0x2a, 0x23, 0x1e, 0xfd, 0x2a, 0x23, 0x1e, 0xfd,
    0x29, 0x22, 0x1d, 0xfd, 0x29, 0x22, 0x1d, 0xfc, 0x29, 0x22, 0x1c, 0xfd, 0x28, 0x22, 0x1c, 0xfd,
    0x29, 0x22, 0x1c, 0xfd, 0x27, 0x21, 0x1b, 0xfd, 0x17, 0x12, 0x15, 0xfd, 0x01, 0x00, 0x0c, 0xfd,
    0x06, 0x03, 0x0c, 0xfd, 0x10, 0x0b, 0x11, 0xfd, 0x45, 0x41, 0x17, 0xfd, 0xec, 0xeb, 0x23, 0xfd,
    0xfe, 0xfa, 0x08, 0xfc, 0xf5, 0xe8, 0x00, 0xfc, 0xfc, 0xef, 0x01, 0xfc, 0xfb, 0xee, 0x02, 0xfc,
    0xfb, 0xee, 0x02, 0xfc, 0xfc, 0xef, 0x01, 0xfc, 0xf2, 0xe6, 0x00, 0xfc, 0xfe, 0xf5, 0x01, 0xfc,
    0xef, 0xea, 0x05, 0xfd, 0x47, 0x42, 0x0e, 0xfc, 0x0f, 0x0b, 0x13, 0xfd, 0x05, 0x03, 0x0c, 0xfd,
    0x00, 0x00, 0x09, 0xfd, 0x10, 0x0c, 0x0f, 0xfd, 0x20, 0x1a, 0x15, 0xfd, 0x23, 0x1c, 0x18, 0xfc,
    0x23, 0x1c, 0x18, 0xfc, 0x24, 0x1d, 0x18, 0xfc, 0x24, 0x1d, 0x19, 0xfc, 0x23, 0x1d, 0x18, 0xfc,
    0x23, 0x1c, 0x17, 0xfc, 0x23, 0x1c, 0x17, 0xfc, 0x23, 0x1c, 0x18, 0xfc, 0x23, 0x1c, 0x18, 0xfc,
    0x28, 0x22, 0x1e, 0xff, 0x27, 0x21, 0x1d, 0x7b, 0x00, 0x00, 0x00, 0x00, 0x00, 0x00, 0x00, 0x00,
    0x00, 0x00, 0x00, 0x00, 0x00, 0x00, 0x00, 0x00, 0x3e, 0x37, 0x33, 0x72, 0x3a, 0x33, 0x2f, 0xff,
    0x29, 0x23, 0x1e, 0xfc, 0x2a, 0x23, 0x1e, 0xfd, 0x2a, 0x23, 0x1e, 0xfd, 0x29, 0x22, 0x1d, 0xfd,
    0x29, 0x22, 0x1d, 0xfc, 0x29, 0x22, 0x1d, 0xfc, 0x28, 0x21, 0x1c, 0xfc, 0x27, 0x20, 0x1b, 0xfc,
    0x27, 0x21, 0x1c, 0xfd, 0x27, 0x20, 0x1b, 0xfd, 0x26, 0x1f, 0x1a, 0xfd, 0x24, 0x1e, 0x18, 0xfd,
    0x21, 0x1c, 0x18, 0xfd, 0x13, 0x0e, 0x14, 0xfd, 0xc9, 0xc4, 0x10, 0xfd, 0xfe, 0xfe, 0x05, 0xfc,
    0xf7, 0xeb, 0x00, 0xfc, 0xed, 0xe0, 0x02, 0xfd, 0x9d, 0x93, 0x01, 0xfd, 0x5c, 0x54, 0x00, 0xfd,
    0x5b, 0x54, 0x01, 0xfd, 0x9f, 0x94, 0x01, 0xfd, 0xf1, 0xe4, 0x02, 0xfd, 0xf5, 0xe8, 0x01, 0xfc,
    0xfe, 0xf8, 0x01, 0xfc, 0xc3, 0xb9, 0x03, 0xfd, 0x0e, 0x0a, 0x11, 0xfd, 0x1e, 0x19, 0x16, 0xfd,
    0x1f, 0x1a, 0x15, 0xfd, 0x21, 0x1b, 0x17, 0xfd, 0x22, 0x1c, 0x18, 0xfc, 0x23, 0x1c, 0x18, 0xfc,
    0x23, 0x1c, 0x18, 0xfd, 0x23, 0x1c, 0x18, 0xfd, 0x23, 0x1d, 0x18, 0xfd, 0x23, 0x1c, 0x18, 0xfc,
    0x23, 0x1c, 0x18, 0xfc, 0x23, 0x1c, 0x18, 0xfc, 0x23, 0x1c, 0x18, 0xfc, 0x22, 0x1c, 0x18, 0xfc,
    0x28, 0x21, 0x1d, 0xff, 0x25, 0x21, 0x1d, 0x7b, 0x00, 0x00, 0x00, 0x00, 0x00, 0x00, 0x00, 0x00,
    0x00, 0x00, 0x00, 0x00, 0x00, 0x00, 0x00, 0x00, 0x3e, 0x35, 0x33, 0x72, 0x39, 0x33, 0x2e, 0xff,
    0x29, 0x23, 0x1e, 0xfd, 0x2a, 0x23, 0x1e, 0xfd, 0x29, 0x22, 0x1e, 0xfd, 0x28, 0x21, 0x1d, 0xfd,
    0x29, 0x22, 0x1d, 0xfd, 0x28, 0x21, 0x1c, 0xfd, 0x27, 0x20, 0x1c, 0xfc, 0x27, 0x20, 0x1b, 0xfc,
    0x27, 0x20, 0x1b, 0xfd, 0x27, 0x20, 0x1b, 0xfd, 0x27, 0x20, 0x1b, 0xfd, 0x27, 0x20, 0x1b, 0xfd,
    0x25, 0x1e, 0x19, 0xfd, 0x11, 0x0c, 0x15, 0xfd, 0xa0, 0x97, 0x03, 0xfd, 0xfe, 0xfe, 0x00, 0xfd,
    0xe7, 0xda, 0x02, 0xfd, 0x50, 0x49, 0x01, 0xfd, 0x00, 0x00, 0x01, 0xfd, 0x09, 0x08, 0x09, 0xfd,
    0x0a, 0x0a, 0x0a, 0xfd, 0x00, 0x00, 0x06, 0xfd, 0x55, 0x4e, 0x02, 0xfd, 0xed, 0xdf, 0x02, 0xfd,
    0xfe, 0xfa, 0x02, 0xfd, 0x94, 0x8b, 0x00, 0xfd, 0x09, 0x05, 0x0d, 0xfd, 0x20, 0x1b, 0x17, 0xfd,
    0x23, 0x1d, 0x18, 0xfd, 0x23, 0x1d, 0x18, 0xfd, 0x23, 0x1c, 0x18, 0xfc, 0x23, 0x1c, 0x18, 0xfc,
    0x23, 0x1c, 0x18, 0xfd, 0x23, 0x1d, 0x18, 0xfd, 0x23, 0x1d, 0x18, 0xfc, 0x22, 0x1c, 0x18, 0xfc,
    0x22, 0x1b, 0x17, 0xfc, 0x22, 0x1c, 0x18, 0xfc, 0x23, 0x1c, 0x18, 0xfc, 0x21, 0x1b, 0x17, 0xfc,
    0x29, 0x22, 0x1e, 0xff, 0x27, 0x20, 0x1c, 0x7c, 0x00, 0x00, 0x00, 0x00, 0x00, 0x00, 0x00, 0x00,
    0x00, 0x00, 0x00, 0x00, 0x00, 0x00, 0x00, 0x00, 0x3e, 0x37, 0x33, 0x72, 0x3a, 0x33, 0x2e, 0xff,
    0x29, 0x22, 0x1d, 0xfd, 0x29, 0x22, 0x1d, 0xfd, 0x29, 0x22, 0x1d, 0xfd, 0x28, 0x21, 0x1c, 0xfc,
    0x27, 0x20, 0x1b, 0xfd, 0x28, 0x21, 0x1c, 0xfd, 0x27, 0x20, 0x1b, 0xfd, 0x27, 0x20, 0x1b, 0xfc,
    0x27, 0x20, 0x1b, 0xfc, 0x27, 0x20, 0x1b, 0xfc, 0x27, 0x20, 0x1b, 0xfd, 0x27, 0x20, 0x1a, 0xfd,
    0x25, 0x1f, 0x19, 0xfd, 0x1d, 0x18, 0x17, 0xfd, 0x19, 0x15, 0x0b, 0xfd, 0x5a, 0x54, 0x01, 0xfd,
    0x35, 0x30, 0x01, 0xfd, 0x00, 0x00, 0x04, 0xfd, 0x6b, 0x68, 0x1c, 0xfd, 0xea, 0xe8, 0x22, 0xfd,
    0xeb, 0xe8, 0x0d, 0xfd, 0x72, 0x6d, 0x09, 0xfd, 0x00, 0x00, 0x0a, 0xfc, 0x3a, 0x34, 0x03, 0xfd,
    0x5a, 0x54, 0x01, 0xfd, 0x10, 0x0e, 0x05, 0xfd, 0x14, 0x10, 0x10, 0xfd, 0x22, 0x1c, 0x17, 0xfc,
    0x24, 0x1d, 0x18, 0xfd, 0x23, 0x1c, 0x18, 0xfc, 0x23, 0x1c, 0x17, 0xfd, 0x23, 0x1d, 0x18, 0xfd,
    0x23, 0x1c, 0x18, 0xfd, 0x22, 0x1b, 0x17, 0xfc, 0x23, 0x1c, 0x18, 0xfc, 0x23, 0x1c, 0x18, 0xfc,
    0x22, 0x1b, 0x17, 0xfc, 0x22, 0x1b, 0x17, 0xfc, 0x22, 0x1b, 0x17, 0xfd, 0x21, 0x1b, 0x17, 0xfc,
    0x29, 0x22, 0x1e, 0xff, 0x27, 0x20, 0x1e, 0x7c, 0x00, 0x00, 0x00, 0x00, 0x00, 0x00, 0x00, 0x00,
    0x00, 0x00, 0x00, 0x00, 0x00, 0x00, 0x00, 0x00, 0x3e, 0x37, 0x32, 0x73, 0x3a, 0x33, 0x2e, 0xff,
    0x28, 0x21, 0x1d, 0xfd, 0x28, 0x21, 0x1c, 0xfc, 0x28, 0x21, 0x1c, 0xfc, 0x28, 0x21, 0x1c, 0xfd,
    0x27, 0x20, 0x1b, 0xfc, 0x27, 0x20, 0x1b, 0xfd, 0x27, 0x20, 0x1b, 0xfc, 0x26, 0x1f, 0x1b, 0xfd,
    0x26, 0x1f, 0x1a, 0xfd, 0x26, 0x1f, 0x1a, 0xfc, 0x26, 0x1f, 0x1a, 0xfc, 0x26, 0x1f, 0x1a, 0xfd,
    0x25, 0x1f, 0x1a, 0xfd, 0x25, 0x1f, 0x19, 0xfc, 0x19, 0x15, 0x14, 0xfc, 0x03, 0x00, 0x0d, 0xfd,
    0x00, 0x00, 0x0d, 0xfd, 0x2f, 0x2c, 0x0d, 0xfd, 0xfd, 0xf7, 0x15, 0xfc, 0xfd, 0xf2, 0x03, 0xfc,
    0xfb, 0xef, 0x00, 0xfc, 0xfb, 0xf0, 0x03, 0xfc, 0x31, 0x2c, 0x0b, 0xfc, 0x00, 0x00, 0x0e, 0xfc,
    0x00, 0x00, 0x0b, 0xfc, 0x13, 0x0f, 0x10, 0xfc, 0x20, 0x1a, 0x15, 0xfc, 0x23, 0x1c, 0x18, 0xfc,
    0x24, 0x1d, 0x18, 0xfc, 0x23, 0x1d, 0x18, 0xfc, 0x23, 0x1c, 0x17, 0xfc, 0x22, 0x1c, 0x17, 0xfc,
    0x22, 0x1c, 0x18, 0xfd, 0x22, 0x1c, 0x17, 0xfd, 0x22, 0x1c, 0x17, 0xfc, 0x22, 0x1b, 0x17, 0xfc,
    0x21, 0x1b, 0x17, 0xfc, 0x22, 0x1b, 0x17, 0xfc, 0x22, 0x1b, 0x17, 0xfc, 0x21, 0x1b, 0x17, 0xfc,
    0x28, 0x21, 0x1d, 0xff, 0x27, 0x20, 0x1c, 0x7c, 0x00, 0x00, 0x00, 0x00, 0x00, 0x00, 0x00, 0x00,
    0x00, 0x00, 0x00, 0x00, 0x00, 0x00, 0x00, 0x00, 0x3a, 0x33, 0x31, 0x72, 0x38, 0x31, 0x2d, 0xff,
    0x28, 0x21, 0x1c, 0xfc, 0x27, 0x20, 0x1b, 0xfc, 0x27, 0x20, 0x1c, 0xfc, 0x27, 0x20, 0x1c, 0xfc,
    0x26, 0x20, 0x1b, 0xfc, 0x27, 0x20, 0x1b, 0xfd, 0x27, 0x20, 0x1b, 0xfd, 0x26, 0x1f, 0x1b, 0xfd,
    0x26, 0x1f, 0x1a, 0xfc, 0x26, 0x1f, 0x1a, 0xfc, 0x26, 0x1f, 0x1a, 0xfc, 0x25, 0x1f, 0x1a, 0xfd,
    0x25, 0x1e, 0x1a, 0xfd, 0x25, 0x1f, 0x1a, 0xfc, 0x24, 0x1e, 0x19, 0xfd, 0x22, 0x1c, 0x17, 0xfd,
    0x15, 0x0f, 0x16, 0xfd, 0x3d, 0x39, 0x0d, 0xfc, 0xfe, 0xf6, 0x00, 0xfc, 0xf5, 0xe8, 0x01, 0xfc,
    0xf5, 0xe9, 0x02, 0xfc, 0xf6, 0xe8, 0x00, 0xfc, 0x36, 0x31, 0x07, 0xfd, 0x11, 0x0d, 0x14, 0xfc,
    0x20, 0x1a, 0x16, 0xfc, 0x21, 0x1b, 0x17, 0xfc, 0x23, 0x1c, 0x18, 0xfc, 0x23, 0x1c, 0x18, 0xfc,
    0x23, 0x1d, 0x18, 0xfc, 0x23, 0x1d, 0x19, 0xfc, 0x22, 0x1c, 0x17, 0xfd, 0x22, 0x1c, 0x17, 0xfc,
    0x22, 0x1b, 0x17, 0xfc, 0x22, 0x1c, 0x18, 0xfc, 0x22, 0x1b, 0x17, 0xfc, 0x22, 0x1b, 0x17, 0xfc,
    0x22, 0x1b, 0x17, 0xfc, 0x21, 0x1a, 0x16, 0xfc, 0x21, 0x1b, 0x17, 0xfc, 0x21, 0x1b, 0x17, 0xfc,
    0x27, 0x21, 0x1d, 0xff, 0x25, 0x1f, 0x1d, 0x7b, 0x00, 0x00, 0x00, 0x00, 0x00, 0x00, 0x00, 0x00,
    0x00, 0x00, 0x00, 0x00, 0x00, 0x00, 0x00, 0x00, 0x3a, 0x33, 0x2e, 0x72, 0x37, 0x30, 0x2b, 0xff,
    0x27, 0x20, 0x1c, 0xfd, 0x27, 0x20, 0x1b, 0xfd, 0x27, 0x20, 0x1b, 0xfd, 0x26, 0x1f, 0x1b, 0xfd,
    0x26, 0x1f, 0x1b, 0xfc, 0x26, 0x1f, 0x1b, 0xfd, 0x26, 0x1f, 0x1a, 0xfc, 0x26, 0x1f, 0x1a, 0xfc,
    0x25, 0x1e, 0x1a, 0xfd, 0x25, 0x1e, 0x1a, 0xfc, 0x26, 0x1f, 0x1a, 0xfd, 0x25, 0x1e, 0x1a, 0xfd,
    0x25, 0x1e, 0x19, 0xfd, 0x24, 0x1e, 0x19, 0xfc, 0x24, 0x1e, 0x19, 0xfc, 0x24, 0x1d, 0x19, 0xfd,
    0x21, 0x1b, 0x19, 0xfc, 0x11, 0x0d, 0x11, 0xfc, 0x92, 0x88, 0x02, 0xfd, 0xf4, 0xe6, 0x00, 0xfd,
    0xf2, 0xe3, 0x01, 0xfc, 0x85, 0x7a, 0x00, 0xfd, 0x09, 0x06, 0x0a, 0xfd, 0x1d, 0x18, 0x15, 0xfc,
    0x22, 0x1c, 0x18, 0xfc, 0x23, 0x1c, 0x18, 0xfd, 0x23, 0x1c, 0x18, 0xfd, 0x23, 0x1d, 0x18, 0xfd,
    0x23, 0x1c, 0x18, 0xfd, 0x22, 0x1c, 0x18, 0xfd, 0x23, 0x1c, 0x18, 0xfc, 0x22, 0x1b, 0x17, 0xfc,
    0x21, 0x1b, 0x16, 0xfc, 0x21, 0x1b, 0x17, 0xfd, 0x22, 0x1b, 0x17, 0xfc, 0x22, 0x1b, 0x17, 0xfc,
    0x21, 0x1b, 0x17, 0xfc, 0x21, 0x1a, 0x16, 0xfc, 0x21, 0x1b, 0x17, 0xfc, 0x21, 0x1a, 0x16, 0xfc,
    0x27, 0x20, 0x1c, 0xff, 0x25, 0x1f, 0x1d, 0x7b, 0x00, 0x00, 0x00, 0x00, 0x00, 0x00, 0x00, 0x00,
    0x00, 0x00, 0x00, 0x00, 0x00, 0x00, 0x00, 0x00, 0x3a, 0x33, 0x2e, 0x72, 0x37, 0x30, 0x2b, 0xff,
    0x27, 0x20, 0x1c, 0xfd, 0x27, 0x20, 0x1b, 0xfd, 0x26, 0x1f, 0x1b, 0xfd, 0x26, 0x1e, 0x1a, 0xfc,
    0x26, 0x1f, 0x1b, 0xfc, 0x25, 0x1e, 0x1a, 0xfd, 0x24, 0x1d, 0x19, 0xfc, 0x25, 0x1e, 0x19, 0xfc,
    0x25, 0x1e, 0x1a, 0xfd, 0x25, 0x1e, 0x19, 0xfc, 0x24, 0x1e, 0x19, 0xfc, 0x25, 0x1e, 0x19, 0xfd,
    0x25, 0x1e, 0x1a, 0xfd, 0x24, 0x1e, 0x19, 0xfd, 0x24, 0x1e, 0x19, 0xfd, 0x24, 0x1e, 0x1a, 0xfd,
    0x22, 0x1e, 0x1b, 0xfc, 0x1a, 0x17, 0x19, 0xfc, 0x0b, 0x03, 0x09, 0xfd, 0x35, 0x24, 0x00, 0xfd,
    0x33, 0x22, 0x00, 0xfd, 0x07, 0x00, 0x03, 0xfd, 0x16, 0x13, 0x15, 0xfc, 0x20, 0x1c, 0x19, 0xfc,
    0x22, 0x1c, 0x18, 0xfc, 0x22, 0x1c, 0x18, 0xfd, 0x23, 0x1c, 0x18, 0xfc, 0x23, 0x1d, 0x18, 0xfc,
    0x23, 0x1d, 0x18, 0xfd, 0x23, 0x1c, 0x18, 0xfd, 0x22, 0x1c, 0x17, 0xfc, 0x22, 0x1b, 0x17, 0xfc,
    0x22, 0x1c, 0x17, 0xfc, 0x22, 0x1b, 0x17, 0xfd, 0x22, 0x1b, 0x17, 0xfc, 0x22, 0x1b, 0x17, 0xfc,
    0x21, 0x1a, 0x16, 0xfc, 0x21, 0x1b, 0x16, 0xfd, 0x21, 0x1b, 0x17, 0xfc, 0x21, 0x1a, 0x17, 0xfc,
    0x27, 0x21, 0x1c, 0xff, 0x25, 0x1f, 0x1d, 0x7b, 0x00, 0x00, 0x00, 0x00, 0x00, 0x00, 0x00, 0x00,
    0x00, 0x00, 0x00, 0x00, 0x00, 0x00, 0x00, 0x00, 0x3a, 0x33, 0x2e, 0x72, 0x36, 0x2f, 0x2b, 0xff,
    0x26, 0x1f, 0x1b, 0xfd, 0x26, 0x1f, 0x1b, 0xfd, 0x26, 0x1f, 0x1b, 0xfd, 0x26, 0x1f, 0x1a, 0xfc,
    0x26, 0x1f, 0x1a, 0xfc, 0x25, 0x1e, 0x1a, 0xfd, 0x24, 0x1e, 0x19, 0xfc, 0x25, 0x1e, 0x19, 0xfc,
    0x25, 0x1e, 0x19, 0xfd, 0x25, 0x1e, 0x19, 0xfd, 0x23, 0x1d, 0x18, 0xfd, 0x24, 0x1e, 0x19, 0xfd,
    0x25, 0x1e, 0x1a, 0xfd, 0x24, 0x1e, 0x19, 0xfd, 0x24, 0x1e, 0x1a, 0xfd, 0x23, 0x1d, 0x1a, 0xfd,
    0x20, 0x1e, 0x1d, 0xfc, 0x1b, 0x18, 0x20, 0xfd, 0x15, 0x3c, 0x52, 0xfd, 0x06, 0x5b, 0x76, 0xfd,
    0x01, 0x5a, 0x76, 0xfd, 0x0d, 0x3c, 0x51, 0xfd, 0x1a, 0x17, 0x1d, 0xfd, 0x1f, 0x1c, 0x1c, 0xfd,
    0x22, 0x1d, 0x1a, 0xfd, 0x23, 0x1d, 0x19, 0xfd, 0x22, 0x1c, 0x18, 0xfc, 0x23, 0x1c, 0x18, 0xfd,
    0x23, 0x1d, 0x18, 0xfc, 0x23, 0x1c, 0x18, 0xfd, 0x22, 0x1b, 0x17, 0xfc, 0x22, 0x1c, 0x18, 0xfc,
    0x23, 0x1c, 0x18, 0xfd, 0x22, 0x1b, 0x17, 0xfd, 0x21, 0x1a, 0x16, 0xfd, 0x21, 0x1a, 0x17, 0xfc,
    0x21, 0x1b, 0x17, 0xfd, 0x22, 0x1b, 0x17, 0xfd, 0x21, 0x1b, 0x17, 0xfc, 0x21, 0x1a, 0x16, 0xfc,
    0x27, 0x20, 0x1c, 0xff, 0x25, 0x1e, 0x1c, 0x7c, 0x00, 0x00, 0x00, 0x00, 0x00, 0x00, 0x00, 0x00,
    0x00, 0x00, 0x00, 0x00, 0x00, 0x00, 0x00, 0x00, 0x39, 0x32, 0x2e, 0x73, 0x36, 0x2f, 0x2b, 0xff,
    0x26, 0x1f, 0x1b, 0xfd, 0x26, 0x1f, 0x1b, 0xfc, 0x26, 0x1f, 0x1a, 0xfc, 0x26, 0x1f, 0x1a, 0xfc,
    0x25, 0x1e, 0x1a, 0xfc, 0x24, 0x1e, 0x19, 0xfc, 0x25, 0x1e, 0x1a, 0xfc, 0x24, 0x1e, 0x19, 0xfd,
    0x24, 0x1d, 0x18, 0xfd, 0x24, 0x1e, 0x18, 0xfd, 0x24, 0x1d, 0x19, 0xfd, 0x24, 0x1d, 0x19, 0xfd,
    0x24, 0x1e, 0x18, 0xfd, 0x24, 0x1e, 0x19, 0xfd, 0x24, 0x1e, 0x19, 0xfd, 0x22, 0x1d, 0x1a, 0xfc,
    0x1e, 0x16, 0x18, 0xfc, 0x13, 0x44, 0x59, 0xfc, 0x27, 0xe2, 0xf7, 0xfd, 0x0e, 0xe6, 0xfe, 0xfd,
    0x08, 0xe4, 0xfe, 0xfd, 0x02, 0xd3, 0xfa, 0xfd, 0x0d, 0x3f, 0x5b, 0xfd, 0x1e, 0x15, 0x15, 0xfd,
    0x1b, 0x16, 0x17, 0xfc, 0x10, 0x09, 0x13, 0xfd, 0x11, 0x0c, 0x14, 0xfd, 0x10, 0x0a, 0x15, 0xfd,
    0x16, 0x0f, 0x18, 0xfd, 0x24, 0x1d, 0x18, 0xfd, 0x22, 0x1b, 0x17, 0xfc, 0x22, 0x1c, 0x17, 0xfd,
    0x22, 0x1b, 0x17, 0xfd, 0x22, 0x1b, 0x17, 0xfc, 0x22, 0x1b, 0x17, 0xfc, 0x21, 0x1b, 0x17, 0xfc,
    0x21, 0x1a, 0x16, 0xfc, 0x21, 0x1b, 0x17, 0xfc, 0x21, 0x1b, 0x16, 0xfc, 0x20, 0x19, 0x15, 0xfd,
    0x26, 0x20, 0x1c, 0xff, 0x25, 0x1e, 0x1c, 0x7c, 0x00, 0x00, 0x00, 0x00, 0x00, 0x00, 0x00, 0x00,
    0x00, 0x00, 0x00, 0x00, 0x00, 0x00, 0x00, 0x00, 0x37, 0x31, 0x2c, 0x72, 0x36, 0x2e, 0x2a, 0xff,
    0x25, 0x1f, 0x1a, 0xfd, 0x26, 0x1f, 0x1b, 0xfd, 0x26, 0x1f, 0x1a, 0xfc, 0x26, 0x1f, 0x1a, 0xfc,
    0x25, 0x1e, 0x1a, 0xfc, 0x24, 0x1d, 0x19, 0xfc, 0x24, 0x1d, 0x18, 0xfd, 0x24, 0x1d, 0x19, 0xfd,
    0x24, 0x1d, 0x18, 0xfd, 0x24, 0x1e, 0x18, 0xfd, 0x24, 0x1d, 0x18, 0xfd, 0x24, 0x1d, 0x18, 0xfc,
    0x23, 0x1c, 0x18, 0xfd, 0x21, 0x1b, 0x18, 0xfd, 0x22, 0x1c, 0x18, 0xfc, 0x22, 0x1d, 0x1a, 0xfd,
    0x1c, 0x0f, 0x14, 0xfc, 0x0b, 0x73, 0x8b, 0xfc, 0x01, 0xe2, 0xfe, 0xfd, 0x00, 0xba, 0xfd, 0xfc,
    0x00, 0xba, 0xfd, 0xfc, 0x00, 0xca, 0xfe, 0xfd, 0x05, 0x5f, 0x8c, 0xfd, 0x14, 0x08, 0x0c, 0xfd,
    0x2c, 0x27, 0x15, 0xfd, 0x97, 0x94, 0x1d, 0xfd, 0xaf, 0xac, 0x14, 0xfd, 0xaa, 0xa8, 0x12, 0xfd,
    0x58, 0x53, 0x0e, 0xfd, 0x16, 0x10, 0x15, 0xfc, 0x22, 0x1b, 0x17, 0xfc, 0x21, 0x1b, 0x17, 0xfc,
    0x21, 0x1b, 0x16, 0xfd, 0x21, 0x1a, 0x16, 0xfc, 0x22, 0x1b, 0x17, 0xfc, 0x21, 0x1b, 0x17, 0xfc,
    0x20, 0x1a, 0x16, 0xfc, 0x21, 0x1b, 0x17, 0xfc, 0x21, 0x1b, 0x17, 0xfc, 0x20, 0x19, 0x15, 0xfc,
    0x26, 0x1f, 0x1b, 0xff, 0x23, 0x1f, 0x1a, 0x7b, 0x00, 0x00, 0x00, 0x00, 0x00, 0x00, 0x00, 0x00,
    0x00, 0x00, 0x00, 0x00, 0x00, 0x00, 0x00, 0x00, 0x37, 0x31, 0x2c, 0x72, 0x35, 0x2d, 0x29, 0xff,
    0x24, 0x1e, 0x1a, 0xfd, 0x24, 0x1d, 0x19, 0xfc, 0x24, 0x1e, 0x19, 0xfd, 0x24, 0x1e, 0x19, 0xfc,
    0x24, 0x1d, 0x19, 0xfc, 0x24, 0x1d, 0x18, 0xfd, 0x24, 0x1d, 0x18, 0xfd, 0x24, 0x1d, 0x18, 0xfd,
    0x24, 0x1d, 0x18, 0xfd, 0x23, 0x1d, 0x18, 0xfd, 0x24, 0x1d, 0x18, 0xfd, 0x16, 0x0f, 0x14, 0xfc,
    0x18, 0x12, 0x12, 0xfd, 0x1b, 0x16, 0x13, 0xfd, 0x16, 0x10, 0x14, 0xfd, 0x17, 0x12, 0x19, 0xfc,
    0x1d, 0x0f, 0x13, 0xfc, 0x08, 0x6b, 0x86, 0xfd, 0x00, 0xd5, 0xfe, 0xfd, 0x01, 0xb6, 0xfc, 0xfc,
    0x02, 0xb4, 0xfc, 0xfc, 0x00, 0xbe, 0xfe, 0xfc, 0x04, 0x55, 0x86, 0xfd, 0x07, 0x00, 0x05, 0xfd,
    0xac, 0xa9, 0x17, 0xfd, 0xfe, 0xfe, 0x14, 0xfc, 0xfe, 0xf9, 0x03, 0xfc, 0xfe, 0xfe, 0x05, 0xfc,
    0xee, 0xe4, 0x02, 0xfd, 0x27, 0x22, 0x0d, 0xfd, 0x19, 0x13, 0x16, 0xfc, 0x21, 0x1b, 0x17, 0xfc,
    0x21, 0x1b, 0x17, 0xfd, 0x21, 0x1b, 0x17, 0xfd, 0x21, 0x1b, 0x16, 0xfc, 0x21, 0x1a, 0x16, 0xfc,
    0x20, 0x1a, 0x16, 0xfd, 0x20, 0x1a, 0x15, 0xfc, 0x20, 0x1a, 0x16, 0xfc, 0x20, 0x1a, 0x16, 0xfc,
    0x25, 0x1f, 0x1b, 0xff, 0x22, 0x1e, 0x1a, 0x7c, 0x00, 0x00, 0x00, 0x00, 0x00, 0x00, 0x00, 0x00,
    0x00, 0x00, 0x00, 0x00, 0x00, 0x00, 0x00, 0x00, 0x35, 0x2e, 0x2a, 0x73, 0x34, 0x2c, 0x28, 0xff,
    0x23, 0x1d, 0x19, 0xfc, 0x24, 0x1d, 0x19, 0xfc, 0x24, 0x1d, 0x19, 0xfd, 0x24, 0x1d, 0x19, 0xfc,
    0x24, 0x1d, 0x19, 0xfc, 0x23, 0x1d, 0x18, 0xfc, 0x24, 0x1d, 0x18, 0xfc, 0x23, 0x1d, 0x18, 0xfc,
    0x23, 0x1d, 0x18, 0xfc, 0x23, 0x1d, 0x18, 0xfc, 0x16, 0x10, 0x14, 0xfd, 0x63, 0x5f, 0x1f, 0xfd,
    0xc6, 0xc5, 0x1f, 0xfd, 0xcd, 0xca, 0x12, 0xfd, 0xc1, 0xbf, 0x0e, 0xfd, 0x4c, 0x46, 0x0e, 0xfd,
    0x10, 0x06, 0x10, 0xfc, 0x08, 0x68, 0x83, 0xfd, 0x01, 0xd0, 0xfe, 0xfd, 0x01, 0xae, 0xfc, 0xfd,
    0x02, 0xac, 0xfc, 0xfc, 0x01, 0xb6, 0xfe, 0xfd, 0x03, 0x50, 0x85, 0xfd, 0x0c, 0x00, 0x04, 0xfd,
    0xcb, 0xc5, 0x06, 0xfd, 0xfe, 0xf4, 0x00, 0xfc, 0xef, 0xe3, 0x01, 0xfd, 0xf2, 0xe5, 0x01, 0xfc,
    0xf1, 0xe4, 0x00, 0xfc, 0x35, 0x30, 0x07, 0xfd, 0x12, 0x0d, 0x14, 0xfd, 0x21, 0x1a, 0x16, 0xfc,
    0x22, 0x1b, 0x17, 0xfd, 0x21, 0x1b, 0x17, 0xfd, 0x21, 0x1b, 0x17, 0xfc, 0x21, 0x1a, 0x16, 0xfc,
    0x20, 0x19, 0x15, 0xfc, 0x20, 0x19, 0x15, 0xfd, 0x20, 0x1a, 0x16, 0xfc, 0x20, 0x1a, 0x16, 0xfc,
    0x26, 0x1f, 0x1b, 0xff, 0x22, 0x1c, 0x1a, 0x7c, 0x00, 0x00, 0x00, 0x00, 0x00, 0x00, 0x00, 0x00,
    0x00, 0x00, 0x00, 0x00, 0x00, 0x00, 0x00, 0x00, 0x32, 0x2a, 0x28, 0x6b, 0x32, 0x2c, 0x28, 0xff,
    0x25, 0x1e, 0x1a, 0xfc, 0x25, 0x1e, 0x1a, 0xfc, 0x24, 0x1d, 0x19, 0xfd, 0x23, 0x1d, 0x18, 0xfc,
    0x23, 0x1d, 0x18, 0xfc, 0x24, 0x1d, 0x19, 0xfc, 0x24, 0x1d, 0x19, 0xfc, 0x24, 0x1d, 0x19, 0xfc,
    0x24, 0x1d, 0x18, 0xfc, 0x1d, 0x16, 0x18, 0xfc, 0x28, 0x23, 0x10, 0xfc, 0xf0, 0xec, 0x19, 0xfd,
    0xfe, 0xfc, 0x07, 0xfc, 0xfd, 0xf1, 0x02, 0xfc, 0xfe, 0xfe, 0x02, 0xfc, 0xc1, 0xb8, 0x01, 0xfd,
    0x0b, 0x00, 0x08, 0xfc, 0x07, 0x65, 0x82, 0xfd, 0x01, 0xcb, 0xfe, 0xfd, 0x01, 0xa6, 0xfc, 0xfd,
    0x01, 0xa4, 0xfc, 0xfc, 0x01, 0xb0, 0xfe, 0xfc, 0x03, 0x4c, 0x83, 0xfd, 0x0a, 0x00, 0x02, 0xfd,
    0xc5, 0xbf, 0x03, 0xfd, 0xfe, 0xf3, 0x02, 0xfd, 0xef, 0xe2, 0x02, 0xfd, 0xf1, 0xe5, 0x02, 0xfc,
    0xec, 0xdf, 0x01, 0xfd, 0x30, 0x2b, 0x06, 0xfd, 0x11, 0x0c, 0x12, 0xfd, 0x21, 0x1a, 0x16, 0xfc,
    0x21, 0x1a, 0x16, 0xfc, 0x21, 0x1b, 0x16, 0xfc, 0x21, 0x1b, 0x16, 0xfc, 0x20, 0x1a, 0x16, 0xfc,
    0x20, 0x19, 0x15, 0xfc, 0x20, 0x19, 0x15, 0xfc, 0x21, 0x1a, 0x16, 0xfc, 0x20, 0x19, 0x15, 0xfc,
    0x26, 0x1f, 0x1c, 0xff, 0x21, 0x1a, 0x18, 0x72, 0x00, 0x00, 0x00, 0x00, 0x00, 0x00, 0x00, 0x00,
    0x00, 0x00, 0x00, 0x00, 0x00, 0x00, 0x00, 0x00, 0x29, 0x23, 0x23, 0x4f, 0x32, 0x2b, 0x28, 0xff,
    0x25, 0x1f, 0x1a, 0xfe, 0x24, 0x1d, 0x19, 0xfd, 0x24, 0x1e, 0x19, 0xfd, 0x24, 0x1d, 0x19, 0xfc,
    0x24, 0x1d, 0x18, 0xfc, 0x24, 0x1d, 0x19, 0xfc, 0x24, 0x1d, 0x19, 0xfd, 0x24, 0x1d, 0x18, 0xfd,
    0x23, 0x1c, 0x18, 0xfc, 0x19, 0x13, 0x17, 0xfc, 0x35, 0x30, 0x0f, 0xfd, 0xf3, 0xec, 0x02, 0xfd,
    0xf3, 0xe6, 0x00, 0xfc, 0xef, 0xe2, 0x01, 0xfc, 0xfa, 0xec, 0x01, 0xfc, 0xc2, 0xb8, 0x00, 0xfd,
    0x0d, 0x00, 0x03, 0xfd, 0x06, 0x61, 0x80, 0xfd, 0x00, 0xc6, 0xfe, 0xfd, 0x01, 0xa0, 0xfc, 0xfc,
    0x01, 0x9e, 0xfc, 0xfc, 0x00, 0xa8, 0xfe, 0xfc, 0x02, 0x49, 0x81, 0xfd, 0x0a, 0x00, 0x00, 0xfd,
    0xc5, 0xbf, 0x03, 0xfd, 0xfd, 0xf1, 0x02, 0xfd, 0xee, 0xe0, 0x01, 0xfd, 0xf0, 0xe3, 0x02, 0xfd,
    0xec, 0xdf, 0x01, 0xfc, 0x30, 0x2b, 0x07, 0xfd, 0x11, 0x0d, 0x12, 0xfd, 0x21, 0x1a, 0x16, 0xfc,
    0x21, 0x1a, 0x16, 0xfc, 0x21, 0x1a, 0x16, 0xfd, 0x20, 0x1a, 0x16, 0xfd, 0x20, 0x1a, 0x15, 0xfc,
    0x21, 0x1a, 0x16, 0xfc, 0x20, 0x1a, 0x16, 0xfd, 0x20, 0x19, 0x15, 0xfc, 0x20, 0x19, 0x15, 0xfc,
    0x25, 0x1f, 0x1b, 0xff, 0x1b, 0x18, 0x15, 0x53, 0x00, 0x00, 0x00, 0x00, 0x00, 0x00, 0x00, 0x00,
    0x00, 0x00, 0x00, 0x00, 0x00, 0x00, 0x00, 0x00, 0x19, 0x19, 0x11, 0x1e, 0x2d, 0x27, 0x23, 0xfa,
    0x27, 0x20, 0x1d, 0xff, 0x23, 0x1c, 0x18, 0xfc, 0x24, 0x1d, 0x19, 0xfd, 0x24, 0x1d, 0x19, 0xfc,
    0x24, 0x1d, 0x18, 0xfc, 0x24, 0x1d, 0x19, 0xfd, 0x24, 0x1d, 0x19, 0xfd, 0x23, 0x1d, 0x18, 0xfc,
    0x23, 0x1c, 0x18, 0xfc, 0x19, 0x13, 0x17, 0xfc, 0x32, 0x2d, 0x0e, 0xfd, 0xf0, 0xe9, 0x03, 0xfd,
    0xf3, 0xe6, 0x01, 0xfd, 0xee, 0xe1, 0x01, 0xfc, 0xf9, 0xeb, 0x01, 0xfc, 0xbe, 0xb4, 0x00, 0xfd,
    0x0b, 0x00, 0x00, 0xfd, 0x06, 0x5f, 0x7d, 0xfd, 0x00, 0xc2, 0xfe, 0xfd, 0x01, 0x9a, 0xfc, 0xfc,
    0x01, 0x99, 0xfc, 0xfc, 0x00, 0xa4, 0xfe, 0xfc, 0x02, 0x48, 0x81, 0xfd, 0x09, 0x00, 0x00, 0xfd,
    0xc4, 0xbe, 0x03, 0xfd, 0xfd, 0xf1, 0x01, 0xfc, 0xed, 0xdf, 0x01, 0xfc, 0xef, 0xe2, 0x01, 0xfc,
    0xeb, 0xde, 0x00, 0xfc, 0x30, 0x2b, 0x07, 0xfd, 0x11, 0x0c, 0x12, 0xfd, 0x20, 0x1a, 0x16, 0xfc,
    0x21, 0x1a, 0x16, 0xfc, 0x20, 0x19, 0x15, 0xfd, 0x20, 0x19, 0x16, 0xfc, 0x20, 0x1a, 0x15, 0xfc,
    0x20, 0x1a, 0x15, 0xfc, 0x20, 0x1a, 0x16, 0xfd, 0x20, 0x19, 0x15, 0xfc, 0x21, 0x1b, 0x17, 0xff,
    0x20, 0x1b, 0x17, 0xf9, 0x11, 0x11, 0x08, 0x1e, 0x00, 0x00, 0x00, 0x00, 0x00, 0x00, 0x00, 0x00,
    0x00, 0x00, 0x00, 0x00, 0x00, 0x00, 0x00, 0x00, 0x00, 0x00, 0x00, 0x00, 0x27, 0x21, 0x1d, 0xbc,
    0x2c, 0x25, 0x21, 0xff, 0x22, 0x1c, 0x18, 0xfc, 0x23, 0x1c, 0x18, 0xfc, 0x23, 0x1d, 0x18, 0xfd,
    0x23, 0x1d, 0x18, 0xfc, 0x22, 0x1c, 0x18, 0xfc, 0x23, 0x1c, 0x18, 0xfc, 0x23, 0x1d, 0x18, 0xfc,
    0x23, 0x1c, 0x18, 0xfd, 0x18, 0x12, 0x16, 0xfc, 0x32, 0x2e, 0x0d, 0xfd, 0xf7, 0xee, 0x02, 0xfd,
    0xf4, 0xe7, 0x02, 0xfd, 0xef, 0xe2, 0x02, 0xfc, 0xfc, 0xee, 0x02, 0xfc, 0xc4, 0xb8, 0x00, 0xfd,
    0x0b, 0x00, 0x00, 0xfd, 0x05, 0x5e, 0x80, 0xfd, 0x00, 0xc0, 0xfe, 0xfd, 0x01, 0x97, 0xfc, 0xfc,
    0x01, 0x95, 0xfc, 0xfc, 0x00, 0xa3, 0xfe, 0xfc, 0x03, 0x47, 0x83, 0xfd, 0x09, 0x00, 0x00, 0xfd,
    0xcb, 0xc3, 0x03, 0xfd, 0xfe, 0xf2, 0x01, 0xfd, 0xed, 0xdf, 0x02, 0xfc, 0xf0, 0xe2, 0x02, 0xfc,
    0xef, 0xe2, 0x00, 0xfd, 0x31, 0x2b, 0x06, 0xfd, 0x11, 0x0c, 0x12, 0xfd, 0x20, 0x1a, 0x16, 0xfc,
    0x21, 0x1a, 0x16, 0xfc, 0x20, 0x19, 0x16, 0xfc, 0x20, 0x1a, 0x16, 0xfc, 0x20, 0x1a, 0x16, 0xfc,
    0x20, 0x19, 0x15, 0xfd, 0x20, 0x1a, 0x15, 0xfc, 0x20, 0x19, 0x15, 0xfc, 0x25, 0x1f, 0x1b, 0xff,
    0x1b, 0x17, 0x12, 0xbc, 0x00, 0x00, 0x00, 0x00, 0x00, 0x00, 0x00, 0x00, 0x00, 0x00, 0x00, 0x00,
    0x00, 0x00, 0x00, 0x00, 0x00, 0x00, 0x00, 0x00, 0x00, 0x00, 0x00, 0x00, 0x1a, 0x16, 0x12, 0x44,
    0x29, 0x23, 0x20, 0xff, 0x26, 0x1f, 0x1b, 0xfe, 0x22, 0x1c, 0x17, 0xfc, 0x23, 0x1c, 0x18, 0xfc,
    0x23, 0x1d, 0x19, 0xfd, 0x23, 0x1c, 0x18, 0xfc, 0x22, 0x1c, 0x17, 0xfc, 0x23, 0x1d, 0x18, 0xfd,
    0x23, 0x1c, 0x18, 0xfd, 0x1d, 0x17, 0x16, 0xfc, 0x19, 0x14, 0x0e, 0xfd, 0xc0, 0xb5, 0x01, 0xfd,
    0xfa, 0xec, 0x02, 0xfd, 0xf2, 0xe4, 0x02, 0xfc, 0xf7, 0xe8, 0x01, 0xfd, 0x83, 0x78, 0x00, 0xfd,
    0x04, 0x00, 0x03, 0xfc, 0x0a, 0x32, 0x48, 0xfd, 0x00, 0x9d, 0xf8, 0xfc, 0x00, 0x9b, 0xfe, 0xfc,
    0x01, 0x9a, 0xfe, 0xfc, 0x00, 0x89, 0xf6, 0xfd, 0x06, 0x24, 0x46, 0xfd, 0x06, 0x01, 0x04, 0xfd,
    0x8a, 0x81, 0x04, 0xfd, 0xfc, 0xee, 0x01, 0xfd, 0xf2, 0xe3, 0x02, 0xfc, 0xf7, 0xe8, 0x02, 0xfc,
    0xb8, 0xac, 0x01, 0xfd, 0x14, 0x10, 0x07, 0xfd, 0x17, 0x12, 0x13, 0xfd, 0x20, 0x1a, 0x15, 0xfc,
    0x20, 0x1a, 0x16, 0xfc, 0x20, 0x19, 0x15, 0xfc, 0x1f, 0x19, 0x15, 0xfd, 0x1f, 0x19, 0x15, 0xfc,
    0x1f, 0x19, 0x15, 0xfd, 0x1f, 0x19, 0x15, 0xfd, 0x23, 0x1d, 0x19, 0xfe, 0x22, 0x1c, 0x18, 0xff,
    0x0f, 0x0b, 0x0b, 0x44, 0x00, 0x00, 0x00, 0x00, 0x00, 0x00, 0x00, 0x00, 0x00, 0x00, 0x00, 0x00,
    0x00, 0x00, 0x00, 0x00, 0x00, 0x00, 0x00, 0x00, 0x00, 0x00, 0x00, 0x00, 0x00, 0x00, 0x00, 0x00,
    0x1e, 0x19, 0x16, 0xa1, 0x2b, 0x24, 0x20, 0xff, 0x25, 0x1e, 0x1a, 0xfd, 0x22, 0x1c, 0x18, 0xfc,
    0x23, 0x1c, 0x18, 0xfd, 0x22, 0x1c, 0x18, 0xfc, 0x22, 0x1b, 0x17, 0xfc, 0x23, 0x1c, 0x18, 0xfd,
    0x22, 0x1c, 0x18, 0xfd, 0x22, 0x1c, 0x17, 0xfc, 0x15, 0x11, 0x13, 0xfc, 0x1a, 0x16, 0x08, 0xfd,
    0x41, 0x3c, 0x01, 0xfd, 0x42, 0x3d, 0x01, 0xfd, 0x38, 0x33, 0x01, 0xfd, 0x0a, 0x07, 0x05, 0xfd,
    0x13, 0x0f, 0x0f, 0xfc, 0x15, 0x0e, 0x0c, 0xfc, 0x07, 0x1d, 0x38, 0xfd, 0x02, 0x2c, 0x5a, 0xfd,
    0x01, 0x2a, 0x58, 0xfd, 0x03, 0x16, 0x31, 0xfc, 0x10, 0x0a, 0x06, 0xfc, 0x16, 0x12, 0x12, 0xfc,
    0x0f, 0x0c, 0x0a, 0xfd, 0x3b, 0x36, 0x02, 0xfd, 0x44, 0x3e, 0x01, 0xfd, 0x41, 0x3b, 0x00, 0xfd,
    0x15, 0x11, 0x03, 0xfd, 0x0c, 0x09, 0x0c, 0xfd, 0x1d, 0x18, 0x13, 0xfc, 0x20, 0x1a, 0x16, 0xfc,
    0x20, 0x19, 0x15, 0xfd, 0x1f, 0x19, 0x14, 0xfc, 0x1f, 0x19, 0x15, 0xfc, 0x1f, 0x19, 0x15, 0xfc,
    0x1f, 0x19, 0x14, 0xfd, 0x22, 0x1b, 0x17, 0xfc, 0x24, 0x1d, 0x19, 0xff, 0x14, 0x10, 0x0c, 0x9f,
    0x00, 0x00, 0x00, 0x00, 0x00, 0x00, 0x00, 0x00, 0x00, 0x00, 0x00, 0x00, 0x00, 0x00, 0x00, 0x00,
    0x00, 0x00, 0x00, 0x00, 0x00, 0x00, 0x00, 0x00, 0x00, 0x00, 0x00, 0x00, 0x00, 0x00, 0x00, 0x00,
    0x00, 0x00, 0x00, 0x09, 0x1c, 0x18, 0x15, 0xc2, 0x29, 0x23, 0x1f, 0xff, 0x26, 0x1f, 0x1b, 0xfd,
    0x22, 0x1b, 0x17, 0xfc, 0x22, 0x1b, 0x17, 0xfc, 0x22, 0x1b, 0x17, 0xfc, 0x22, 0x1b, 0x17, 0xfd,
    0x22, 0x1b, 0x17, 0xfc, 0x22, 0x1c, 0x17, 0xfd, 0x20, 0x1a, 0x15, 0xfd, 0x14, 0x10, 0x11, 0xfd,
    0x04, 0x01, 0x0c, 0xfd, 0x01, 0x00, 0x0a, 0xfd, 0x04, 0x01, 0x0b, 0xfd, 0x13, 0x0f, 0x0e, 0xfc,
    0x1c, 0x17, 0x13, 0xfc, 0x1b, 0x16, 0x14, 0xfc, 0x16, 0x0c, 0x06, 0xfd, 0x11, 0x05, 0x00, 0xfd,
    0x0f, 0x04, 0x00, 0xfd, 0x13, 0x0a, 0x02, 0xfd, 0x19, 0x14, 0x11, 0xfc, 0x1d, 0x18, 0x14, 0xfc,
    0x17, 0x12, 0x12, 0xfd, 0x06, 0x02, 0x0c, 0xfd, 0x01, 0x00, 0x09, 0xfd, 0x01, 0x00, 0x09, 0xfd,
    0x0e, 0x0a, 0x0d, 0xfd, 0x1b, 0x16, 0x11, 0xfc, 0x1e, 0x18, 0x14, 0xfc, 0x1f, 0x19, 0x15, 0xfc,
    0x1e, 0x18, 0x14, 0xfd, 0x1e, 0x18, 0x14, 0xfd, 0x1e, 0x18, 0x14, 0xfc, 0x1f, 0x19, 0x15, 0xfc,
    0x23, 0x1c, 0x18, 0xfe, 0x23, 0x1d, 0x19, 0xff, 0x15, 0x0f, 0x0d, 0xc0, 0x00, 0x00, 0x00, 0x08,
    0x00, 0x00, 0x00, 0x00, 0x00, 0x00, 0x00, 0x00, 0x00, 0x00, 0x00, 0x00, 0x00, 0x00, 0x00, 0x00,
    0x00, 0x00, 0x00, 0x00, 0x00, 0x00, 0x00, 0x00, 0x00, 0x00, 0x00, 0x00, 0x00, 0x00, 0x00, 0x00,
    0x00, 0x00, 0x00, 0x00, 0x00, 0x00, 0x00, 0x0c, 0x19, 0x14, 0x11, 0xac, 0x24, 0x1e, 0x1b, 0xff,
    0x27, 0x20, 0x1d, 0xff, 0x24, 0x1e, 0x1a, 0xfd, 0x23, 0x1d, 0x18, 0xfd, 0x22, 0x1c, 0x18, 0xfd,
    0x21, 0x1a, 0x17, 0xfc, 0x21, 0x1b, 0x17, 0xfc, 0x21, 0x1b, 0x17, 0xfd, 0x20, 0x1a, 0x16, 0xfd,
    0x1f, 0x19, 0x15, 0xfd, 0x1d, 0x18, 0x14, 0xfd, 0x1e, 0x18, 0x14, 0xfd, 0x1e, 0x18, 0x14, 0xfc,
    0x1f, 0x19, 0x15, 0xfc, 0x1f, 0x19, 0x16, 0xfc, 0x1e, 0x19, 0x15, 0xfc, 0x1d, 0x17, 0x14, 0xfd,
    0x1c, 0x16, 0x13, 0xfd, 0x1d, 0x17, 0x14, 0xfd, 0x1e, 0x18, 0x14, 0xfd, 0x1f, 0x19, 0x15, 0xfc,
    0x1f, 0x18, 0x15, 0xfc, 0x1d, 0x17, 0x13, 0xfd, 0x1c, 0x16, 0x13, 0xfd, 0x1c, 0x16, 0x12, 0xfd,
    0x1d, 0x17, 0x13, 0xfd, 0x1e, 0x18, 0x14, 0xfd, 0x1f, 0x19, 0x15, 0xfd, 0x1f, 0x19, 0x15, 0xfd,
    0x1f, 0x18, 0x15, 0xfd, 0x1f, 0x19, 0x15, 0xfd, 0x21, 0x1b, 0x16, 0xfe, 0x23, 0x1d, 0x18, 0xff,
    0x1e, 0x18, 0x15, 0xff, 0x12, 0x0f, 0x0c, 0xa7, 0x00, 0x00, 0x00, 0x0a, 0x00, 0x00, 0x00, 0x00,
    0x00, 0x00, 0x00, 0x00, 0x00, 0x00, 0x00, 0x00, 0x00, 0x00, 0x00, 0x00, 0x00, 0x00, 0x00, 0x00,
    0x00, 0x00, 0x00, 0x00, 0x00, 0x00, 0x00, 0x00, 0x00, 0x00, 0x00, 0x00, 0x00, 0x00, 0x00, 0x00,
    0x00, 0x00, 0x00, 0x00, 0x00, 0x00, 0x00, 0x00, 0x00, 0x00, 0x00, 0x00, 0x12, 0x0d, 0x0a, 0x62,
    0x18, 0x14, 0x10, 0xd7, 0x1f, 0x1a, 0x16, 0xff, 0x23, 0x1d, 0x19, 0xff, 0x24, 0x1e, 0x1a, 0xff,
    0x24, 0x1e, 0x1a, 0xff, 0x24, 0x1e, 0x1a, 0xff, 0x24, 0x1e, 0x1a, 0xff, 0x24, 0x1e, 0x19, 0xff,
    0x25, 0x1e, 0x1a, 0xff, 0x24, 0x1e, 0x1a, 0xff, 0x24, 0x1e, 0x1a, 0xff, 0x24, 0x1e, 0x19, 0xff,
    0x24, 0x1e, 0x1a, 0xff, 0x25, 0x1e, 0x1a, 0xff, 0x24, 0x1e, 0x1a, 0xff, 0x24, 0x1e, 0x19, 0xff,
    0x24, 0x1e, 0x19, 0xff, 0x24, 0x1e, 0x19, 0xff, 0x24, 0x1d, 0x19, 0xff, 0x24, 0x1e, 0x19, 0xff,
    0x24, 0x1d, 0x19, 0xff, 0x23, 0x1d, 0x19, 0xff, 0x23, 0x1d, 0x19, 0xff, 0x23, 0x1c, 0x18, 0xff,
    0x23, 0x1d, 0x18, 0xff, 0x23, 0x1c, 0x18, 0xff, 0x23, 0x1c, 0x18, 0xff, 0x23, 0x1c, 0x18, 0xff,
    0x22, 0x1c, 0x17, 0xff, 0x20, 0x1a, 0x16, 0xff, 0x1c, 0x16, 0x13, 0xff, 0x15, 0x10, 0x0e, 0xd5,
    0x0a, 0x08, 0x05, 0x5e, 0x00, 0x00, 0x00, 0x00, 0x00, 0x00, 0x00, 0x00, 0x00, 0x00, 0x00, 0x00,
    0x00, 0x00, 0x00, 0x00, 0x00, 0x00, 0x00, 0x00, 0x00, 0x00, 0x00, 0x00, 0x00, 0x00, 0x00, 0x00,
    0x00, 0x00, 0x00, 0x00, 0x00, 0x00, 0x00, 0x00, 0x00, 0x00, 0x00, 0x00, 0x00, 0x00, 0x00, 0x00,
    0x00, 0x00, 0x00, 0x00, 0x00, 0x00, 0x00, 0x00, 0x00, 0x00, 0x00, 0x00, 0x00, 0x00, 0x00, 0x00,
    0x00, 0x00, 0x00, 0x05, 0x0d, 0x0a, 0x06, 0x49, 0x10, 0x0c, 0x0b, 0x8b, 0x13, 0x0f, 0x0c, 0xb3,
    0x15, 0x10, 0x0e, 0xc7, 0x15, 0x11, 0x0f, 0xca, 0x15, 0x11, 0x0d, 0xc9, 0x15, 0x11, 0x0f, 0xc8,
    0x15, 0x11, 0x0d, 0xc9, 0x15, 0x11, 0x0d, 0xca, 0x15, 0x11, 0x0d, 0xca, 0x15, 0x11, 0x0d, 0xcb,
    0x15, 0x11, 0x0f, 0xca, 0x15, 0x11, 0x0d, 0xca, 0x15, 0x11, 0x0d, 0xca, 0x15, 0x10, 0x0d, 0xca,
    0x15, 0x11, 0x0d, 0xc9, 0x15, 0x11, 0x0d, 0xca, 0x15, 0x11, 0x0d, 0xca, 0x15, 0x11, 0x0d, 0xca,
    0x15, 0x10, 0x0d, 0xca, 0x15, 0x10, 0x0d, 0xca, 0x15, 0x10, 0x0d, 0xca, 0x14, 0x10, 0x0d, 0xca,
    0x15, 0x10, 0x0d, 0xca, 0x15, 0x10, 0x0d, 0xca, 0x15, 0x10, 0x0d, 0xcb, 0x14, 0x10, 0x0e, 0xc5,
    0x12, 0x0e, 0x0b, 0xb1, 0x0f, 0x0b, 0x09, 0x87, 0x07, 0x07, 0x03, 0x45, 0x00, 0x00, 0x00, 0x04,
    0x00, 0x00, 0x00, 0x00, 0x00, 0x00, 0x00, 0x00, 0x00, 0x00, 0x00, 0x00, 0x00, 0x00, 0x00, 0x00,
    0x00, 0x00, 0x00, 0x00, 0x00, 0x00, 0x00, 0x00, 0x00, 0x00, 0x00, 0x00, 0x00, 0x00, 0x00, 0x00,
    0x00, 0x00, 0x00, 0x00, 0x00, 0x00, 0x00, 0x00, 0x00, 0x00, 0x00, 0x00, 0x00, 0x00, 0x00, 0x00,
    0x00, 0x00, 0x00, 0x00, 0x00, 0x00, 0x00, 0x00, 0x00, 0x00, 0x00, 0x00, 0x00, 0x00, 0x00, 0x00,
    0x00, 0x00, 0x00, 0x00, 0x00, 0x00, 0x00, 0x00, 0x00, 0x00, 0x00, 0x00, 0x00, 0x00, 0x00, 0x00,
    0x00, 0x00, 0x00, 0x00, 0x00, 0x00, 0x00, 0x00, 0x00, 0x00, 0x00, 0x00, 0x00, 0x00, 0x00, 0x00,
    0x00, 0x00, 0x00, 0x00, 0x00, 0x00, 0x00, 0x00, 0x00, 0x00, 0x00, 0x00, 0x00, 0x00, 0x00, 0x00,
    0x00, 0x00, 0x00, 0x00, 0x00, 0x00, 0x00, 0x00, 0x00, 0x00, 0x00, 0x00, 0x00, 0x00, 0x00, 0x00,
    0x00, 0x00, 0x00, 0x00, 0x00, 0x00, 0x00, 0x00, 0x00, 0x00, 0x00, 0x00, 0x00, 0x00, 0x00, 0x00,
    0x00, 0x00, 0x00, 0x00, 0x00, 0x00, 0x00, 0x00, 0x00, 0x00, 0x00, 0x00, 0x00, 0x00, 0x00, 0x00,
    0x00, 0x00, 0x00, 0x00, 0x00, 0x00, 0x00, 0x00, 0x00, 0x00, 0x00, 0x00, 0x00, 0x00, 0x00, 0x00,
    0x00, 0x00, 0x00, 0x00, 0x00, 0x00, 0x00, 0x00, 0x00, 0x00, 0x00, 0x00, 0x00, 0x00, 0x00, 0x00,
    0x00, 0x00, 0x00, 0x00, 0x00, 0x00, 0x00, 0x00, 0x00, 0x00, 0x00, 0x00, 0x00, 0x00, 0x00, 0x00,
    0x00, 0x00, 0x00, 0x00, 0x00, 0x00, 0x00, 0x00, 0x00, 0x00, 0x00, 0x00, 0x00, 0x00, 0x00, 0x00,
    0x00, 0x00, 0x00, 0x00, 0x00, 0x00, 0x00, 0x00, 0x00, 0x00, 0x00, 0x00, 0x00, 0x00, 0x00, 0x00,
    0x00, 0x00, 0x00, 0x00, 0x00, 0x00, 0x00, 0x00, 0x00, 0x00, 0x00, 0x00, 0x00, 0x00, 0x00, 0x00,
    0x00, 0x00, 0x00, 0x00, 0x00, 0x00, 0x00, 0x00, 0x00, 0x00, 0x00, 0x00, 0x00, 0x00, 0x00, 0x00,
    0x00, 0x00, 0x00, 0x00, 0x00, 0x00, 0x00, 0x00, 0x00, 0x00, 0x00, 0x00, 0x00, 0x00, 0x00, 0x00,
    0x00, 0x00, 0x00, 0x00, 0x00, 0x00, 0x00, 0x00, 0x00, 0x00, 0x00, 0x00, 0x00, 0x00, 0x00, 0x00,
    0x00, 0x00, 0x00, 0x00, 0x00, 0x00, 0x00, 0x00, 0x00, 0x00, 0x00, 0x00, 0x00, 0x00, 0x00, 0x00,
    0x00, 0x00, 0x00, 0x00, 0x00, 0x00, 0x00, 0x00, 0x00, 0x00, 0x00, 0x00, 0x00, 0x00, 0x00, 0x00,
    0x00, 0x00, 0x00, 0x00, 0x00, 0x00, 0x00, 0x00, 0x00, 0x00, 0x00, 0x00, 0x00, 0x00, 0x00, 0x00,
    0x00, 0x00, 0x00, 0x00, 0x00, 0x00, 0x00, 0x00, 0x00, 0x00, 0x00, 0x00, 0x00, 0x00, 0x00, 0x00,
    0x00, 0x00, 0x00, 0x00, 0x00, 0x00, 0x00, 0x00, 0x00, 0x00, 0x00, 0x00, 0x00, 0x00, 0x00, 0x00,
    0x00, 0x00, 0x00, 0x00, 0x00, 0x00, 0x00, 0x00, 0x00, 0x00, 0x00, 0x00, 0x00, 0x00, 0x00, 0x00,
    0x00, 0x00, 0x00, 0x00, 0x00, 0x00, 0x00, 0x00, 0x00, 0x00, 0x00, 0x00, 0x00, 0x00, 0x00, 0x00,
    0x00, 0x00, 0x00, 0x00, 0x00, 0x00, 0x00, 0x00, 0x00, 0x00, 0x00, 0x00, 0x00, 0x00, 0x00, 0x00,
    0x00, 0x00, 0x00, 0x00, 0x00, 0x00, 0x00, 0x00, 0x00, 0x00, 0x00, 0x00, 0x00, 0x00, 0x00, 0x00,
    0x00, 0x00, 0x00, 0x00, 0x00, 0x00, 0x00, 0x00, 0x00, 0x00, 0x00, 0x00, 0x00, 0x00, 0x00, 0x00,
    0x00, 0x00, 0x00, 0x00, 0x00, 0x00, 0x00, 0x00, 0x00, 0x00, 0x00, 0x01, 0x00, 0x00, 0x00, 0x00,
    0x00, 0x00, 0x00, 0x00, 0x00, 0x00, 0x00, 0x00, 0x00, 0x00, 0x00, 0x00, 0x00, 0x00, 0x00, 0x00,
    0x00, 0x00, 0x00, 0x00, 0x00, 0x00, 0x00, 0x00, 0x00, 0x00, 0x00, 0x00, 0x00, 0x00, 0x00, 0x00,
    0x00, 0x00, 0x00, 0x00, 0x00, 0x00, 0x00, 0x00, 0x00, 0x00, 0x00, 0x00, 0x00, 0x00, 0x00, 0x00,
    0x00, 0x00, 0x00, 0x00, 0x00, 0x00, 0x00, 0x00, 0x00, 0x00, 0x00, 0x00, 0x00, 0x00, 0x00, 0x00,
    0x00, 0x00, 0x00, 0x00, 0x00, 0x00, 0x00, 0x00, 0x00, 0x00, 0x00, 0x00, 0x00, 0x00, 0x00, 0x00,
    0x00, 0x00, 0x00, 0x00, 0x00, 0x00, 0x00, 0x00, 0x00, 0x00, 0x00, 0x00, 0x00, 0x00, 0x00, 0x00,
    0x00, 0x00, 0x00, 0x00, 0x00, 0x00, 0x00, 0x00, 0x00, 0x00, 0x00, 0x00, 0x00, 0x00, 0x00, 0x00,
    0x00, 0x00, 0x00, 0x00, 0x00, 0x00, 0x00, 0x00, 0x00, 0x00, 0x00, 0x00, 0x00, 0x00, 0x00, 0x00,
    0x00, 0x00, 0x00, 0x00, 0x00, 0x00, 0x00, 0x00, 0x00, 0x00, 0x00, 0x00, 0x00, 0x00, 0x00, 0x00,
    0x00, 0x00, 0x00, 0x00, 0x00, 0x00, 0x00, 0x00, 0x00, 0x00, 0x00, 0x00, 0x00, 0x00, 0x00, 0x00,
    0x00, 0x00, 0x00, 0x00, 0x00, 0x00, 0x00, 0x00, 0x00, 0x00, 0x00, 0x00, 0x00, 0x00, 0x00, 0x00,
    0x00, 0x00, 0x00, 0x00, 0x00, 0x00, 0x00, 0x00, 0x00, 0x00, 0x00, 0x00, 0x00, 0x00, 0x00, 0x00,
    0x00, 0x00, 0x00, 0x00, 0x00, 0x00, 0x00, 0x00, 0x00, 0x00, 0x00, 0x00, 0x00, 0x00, 0x00, 0x00,
    0x00, 0x00, 0x00, 0x00, 0x00, 0x00, 0x00, 0x00, 0x00, 0x00, 0x00, 0x00, 0x00, 0x00, 0x00, 0x00,
    0x00, 0x00, 0x00, 0x00, 0x00, 0x00, 0x00, 0x00, 0x00, 0x00, 0x00, 0x00, 0x00, 0x00, 0x00, 0x00,
    0x00, 0x00, 0x00, 0x00, 0x00, 0x00, 0x00, 0x00, 0x00, 0x00, 0x00, 0x00, 0x00, 0x00, 0x00, 0x00,
    0x00, 0x00, 0x00, 0x00, 0x00, 0x00, 0x00, 0x00, 0x00, 0x00, 0x00, 0x00, 0x00, 0x00, 0x00, 0x00,
    0x00, 0x00, 0x00, 0x00, 0x00, 0x00, 0x00, 0x00, 0x00, 0x00, 0x00, 0x00, 0x00, 0x00, 0x00, 0x00,
    0x00, 0x00, 0x00, 0x00, 0x00, 0x00, 0x00, 0x00, 0x00, 0x00, 0x00, 0x00, 0x00, 0x00, 0x00, 0x00,
    0x00, 0x00, 0x00, 0x00, 0x00, 0x00, 0x00, 0x00, 0x00, 0x00, 0x00, 0x00, 0x00, 0x00, 0x00, 0x00,
};

const lv_image_dsc_t toolbox_icon_wifi_scanner = {
    .header.cf = LV_COLOR_FORMAT_ARGB8888,
    .header.magic = LV_IMAGE_HEADER_MAGIC,
    .header.w = 48,
    .header.h = 48,
    .data_size = sizeof(toolbox_icon_wifi_scanner_map),
    .data = toolbox_icon_wifi_scanner_map,
};

const LV_ATTRIBUTE_MEM_ALIGN LV_ATTRIBUTE_LARGE_CONST LV_ATTRIBUTE_IMAGE_TOOLBOX_ICON uint8_t toolbox_icon_ble_scanner_map[] = {
    0x00, 0x00, 0x00, 0x00, 0x00, 0x00, 0x00, 0x00, 0x00, 0x00, 0x00, 0x00, 0x00, 0x00, 0x00, 0x00,
    0x00, 0x00, 0x00, 0x00, 0x00, 0x00, 0x00, 0x00, 0x00, 0x00, 0x00, 0x00, 0x00, 0x00, 0x00, 0x00,
    0x00, 0x00, 0x00, 0x00, 0x00, 0x00, 0x00, 0x00, 0x00, 0x00, 0x00, 0x00, 0x00, 0x00, 0x00, 0x00,
    0x00, 0x00, 0x00, 0x00, 0x00, 0x00, 0x00, 0x00, 0x00, 0x00, 0x00, 0x00, 0x00, 0x00, 0x00, 0x00,
    0x00, 0x00, 0x00, 0x00, 0x00, 0x00, 0x00, 0x00, 0x00, 0x00, 0x00, 0x00, 0x00, 0x00, 0x00, 0x00,
    0x00, 0x00, 0x00, 0x00, 0x00, 0x00, 0x00, 0x00, 0x00, 0x00, 0x00, 0x00, 0x00, 0x00, 0x00, 0x00,
    0x00, 0x00, 0x00, 0x00, 0x00, 0x00, 0x00, 0x00, 0x00, 0x00, 0x00, 0x00, 0x00, 0x00, 0x00, 0x00,
    0x00, 0x00, 0x00, 0x00, 0x00, 0x00, 0x00, 0x00, 0x00, 0x00, 0x00, 0x00, 0x00, 0x00, 0x00, 0x00,
    0x00, 0x00, 0x00, 0x00, 0x00, 0x00, 0x00, 0x00, 0x00, 0x00, 0x00, 0x00, 0x00, 0x00, 0x00, 0x00,
    0x00, 0x00, 0x00, 0x00, 0x00, 0x00, 0x00, 0x00, 0x00, 0x00, 0x00, 0x00, 0x00, 0x00, 0x00, 0x00,
    0x00, 0x00, 0x00, 0x00, 0x00, 0x00, 0x00, 0x00, 0x00, 0x00, 0x00, 0x00, 0x00, 0x00, 0x00, 0x00,
    0x00, 0x00, 0x00, 0x00, 0x00, 0x00, 0x00, 0x00, 0x00, 0x00, 0x00, 0x00, 0x00, 0x00, 0x00, 0x00,
    0x00, 0x00, 0x00, 0x00, 0x00, 0x00, 0x00, 0x00, 0x00, 0x00, 0x00, 0x00, 0x00, 0x00, 0x00, 0x00,
    0x00, 0x00, 0x00, 0x00, 0x00, 0x00, 0x00, 0x00, 0x00, 0x00, 0x00, 0x00, 0x00, 0x00, 0x00, 0x00,
    0x00, 0x00, 0x00, 0x00, 0x00, 0x00, 0x00, 0x00, 0x00, 0x00, 0x00, 0x00, 0x00, 0x00, 0x00, 0x00,
    0x00, 0x00, 0x00, 0x00, 0x00, 0x00, 0x00, 0x00, 0x00, 0x00, 0x00, 0x00, 0x00, 0x00, 0x00, 0x00,
    0x00, 0x00, 0x00, 0x00, 0x00, 0x00, 0x00, 0x00, 0x00, 0x00, 0x00, 0x00, 0x00, 0x00, 0x00, 0x00,
    0x00, 0x00, 0x00, 0x00, 0x00, 0x00, 0x00, 0x00, 0x00, 0x00, 0x00, 0x00, 0x00, 0x00, 0x00, 0x00,
    0x00, 0x00, 0x00, 0x00, 0x00, 0x00, 0x00, 0x00, 0x00, 0x00, 0x00, 0x00, 0x00, 0x00, 0x00, 0x00,
    0x00, 0x00, 0x00, 0x00, 0x00, 0x00, 0x00, 0x00, 0x00, 0x00, 0x00, 0x00, 0x00, 0x00, 0x00, 0x00,
    0x00, 0x00, 0x00, 0x00, 0x00, 0x00, 0x00, 0x00, 0x00, 0x00, 0x00, 0x00, 0x00, 0x00, 0x00, 0x00,
    0x00, 0x00, 0x00, 0x00, 0x00, 0x00, 0x00, 0x00, 0x00, 0x00, 0x00, 0x00, 0x00, 0x00, 0x00, 0x00,
    0x00, 0x00, 0x00, 0x00, 0x00, 0x00, 0x00, 0x00, 0x00, 0x00, 0x00, 0x00, 0x00, 0x00, 0x00, 0x00,
    0x00, 0x00, 0x00, 0x00, 0x00, 0x00, 0x00, 0x00, 0x00, 0x00, 0x00, 0x00, 0x00, 0x00, 0x00, 0x00,
    0x00, 0x00, 0x00, 0x00, 0x00, 0x00, 0x00, 0x00, 0x00, 0x00, 0x00, 0x00, 0x00, 0x00, 0x00, 0x00,
    0x00, 0x00, 0x00, 0x00, 0x00, 0x00, 0x00, 0x00, 0x00, 0x00, 0x00, 0x00, 0x00, 0x00, 0x00, 0x00,
    0x00, 0x00, 0x00, 0x00, 0x00, 0x00, 0x00, 0x00, 0x00, 0x00, 0x00, 0x00, 0x00, 0x00, 0x00, 0x00,
    0xc6, 0xa9, 0xa9, 0x09, 0xa2, 0xa2, 0x8b, 0x0b, 0xa2, 0x8b, 0x8b, 0x0b, 0xa2, 0x8b, 0x8b, 0x0b,
    0xb9, 0xa2, 0x8b, 0x0b, 0xa2, 0x8b, 0x8b, 0x0b, 0xa2, 0xa2, 0x8b, 0x0b, 0xa2, 0xa2, 0x8b, 0x0b,
    0x94, 0x7f, 0x7f, 0x0c, 0x94, 0x7f, 0x7f, 0x0c, 0x94, 0x94, 0x7f, 0x0c, 0x94, 0x94, 0x7f, 0x0c,
    0x94, 0x7f, 0x7f, 0x0c, 0x94, 0x7f, 0x7f, 0x0c, 0x94, 0x7f, 0x7f, 0x0c, 0x94, 0x7f, 0x7f, 0x0c,
    0x94, 0x7f, 0x7f, 0x0c, 0x94, 0x7f, 0x7f, 0x0c, 0x94, 0x7f, 0x7f, 0x0c, 0x94, 0x7f, 0x7f, 0x0c,
    0x94, 0x7f, 0x7f, 0x0c, 0x94, 0x7f, 0x7f, 0x0c, 0x89, 0x75, 0x75, 0x0d, 0xa2, 0x8b, 0x73, 0x0b,
    0xff, 0xff, 0xff, 0x02, 0x00, 0x00, 0x00, 0x00, 0x00, 0x00, 0x00, 0x00, 0x00, 0x00, 0x00, 0x00,
    0x00, 0x00, 0x00, 0x00, 0x00, 0x00, 0x00, 0x00, 0x00, 0x00, 0x00, 0x00, 0x00, 0x00, 0x00, 0x00,
    0x00, 0x00, 0x00, 0x00, 0x00, 0x00, 0x00, 0x00, 0x00, 0x00, 0x00, 0x00, 0x00, 0x00, 0x00, 0x00,
    0x00, 0x00, 0x00, 0x00, 0x00, 0x00, 0x00, 0x00, 0x00, 0x00, 0x00, 0x00, 0x00, 0x00, 0x00, 0x00,
    0x00, 0x00, 0x00, 0x00, 0x00, 0x00, 0x00, 0x00, 0x00, 0x00, 0x00, 0x00, 0x00, 0x00, 0x00, 0x00,
    0x62, 0x62, 0x4e, 0x0d, 0x74, 0x67, 0x61, 0x5e, 0x6c, 0x60, 0x5a, 0xa9, 0x64, 0x59, 0x53, 0xd3,
    0x5a, 0x50, 0x49, 0xe1, 0x53, 0x49, 0x43, 0xe4, 0x51, 0x48, 0x41, 0xe5, 0x50, 0x47, 0x40, 0xe5,
    0x51, 0x48, 0x41, 0xe5, 0x52, 0x48, 0x41, 0xe5, 0x51, 0x48, 0x41, 0xe5, 0x51, 0x47, 0x41, 0xe5,
    0x4f, 0x46, 0x40, 0xe6, 0x4f, 0x45, 0x3e, 0xe5, 0x4f, 0x46, 0x3f, 0xe5, 0x4e, 0x45, 0x3f, 0xe6,
    0x4d, 0x44, 0x3e, 0xe6, 0x4d, 0x43, 0x3e, 0xe6, 0x4e, 0x45, 0x3f, 0xe6, 0x4d, 0x45, 0x3e, 0xe5,
    0x4c, 0x42, 0x3c, 0xe6, 0x4c, 0x43, 0x3c, 0xe6, 0x4c, 0x43, 0x3c, 0xe6, 0x4c, 0x43, 0x3c, 0xe6,
    0x4b, 0x42, 0x3b, 0xe6, 0x4c, 0x43, 0x3c, 0xe6, 0x4c, 0x43, 0x3c, 0xe7, 0x4e, 0x44, 0x3f, 0xe6,
    0x53, 0x48, 0x42, 0xd9, 0x56, 0x4c, 0x45, 0xb4, 0x54, 0x49, 0x44, 0x6f, 0x4e, 0x44, 0x3a, 0x1a,
    0x00, 0x00, 0x00, 0x00, 0x00, 0x00, 0x00, 0x00, 0x00, 0x00, 0x00, 0x00, 0x00, 0x00, 0x00, 0x00,
    0x00, 0x00, 0x00, 0x00, 0x00, 0x00, 0x00, 0x00, 0x00, 0x00, 0x00, 0x00, 0x00, 0x00, 0x00, 0x00,
    0x00, 0x00, 0x00, 0x00, 0x00, 0x00, 0x00, 0x00, 0x00, 0x00, 0x00, 0x00, 0x00, 0x00, 0x00, 0x00,
    0x00, 0x00, 0x00, 0x00, 0x00, 0x00, 0x00, 0x00, 0x00, 0x00, 0x00, 0x00, 0x71, 0x64, 0x5d, 0x65,
    0x66, 0x5b, 0x55, 0xe0, 0x56, 0x4c, 0x46, 0xff, 0x42, 0x3a, 0x33, 0xff, 0x36, 0x2e, 0x28, 0xff,
    0x2f, 0x29, 0x23, 0xff, 0x2e, 0x28, 0x22, 0xff, 0x2e, 0x28, 0x22, 0xff, 0x2e, 0x28, 0x22, 0xff,
    0x2e, 0x28, 0x22, 0xff, 0x2f, 0x28, 0x22, 0xff, 0x2e, 0x28, 0x21, 0xff, 0x2e, 0x27, 0x21, 0xff,
    0x2e, 0x27, 0x21, 0xff, 0x2e, 0x28, 0x22, 0xff, 0x2b, 0x27, 0x20, 0xff, 0x2b, 0x26, 0x20, 0xff,
    0x2c, 0x27, 0x20, 0xff, 0x2c, 0x26, 0x20, 0xff, 0x2c, 0x27, 0x20, 0xff, 0x2c, 0x26, 0x20, 0xff,
    0x2c, 0x25, 0x20, 0xff, 0x2c, 0x25, 0x1f, 0xff, 0x2c, 0x26, 0x20, 0xff, 0x2b, 0x26, 0x20, 0xff,
    0x2b, 0x26, 0x20, 0xff, 0x2c, 0x26, 0x20, 0xff, 0x2b, 0x25, 0x20, 0xff, 0x2c, 0x26, 0x21, 0xff,
    0x2f, 0x29, 0x23, 0xff, 0x37, 0x30, 0x2a, 0xff, 0x44, 0x3b, 0x35, 0xff, 0x4a, 0x42, 0x3c, 0xef,
    0x4a, 0x40, 0x3c, 0x7e, 0x00, 0x00, 0x00, 0x03, 0x00, 0x00, 0x00, 0x00, 0x00, 0x00, 0x00, 0x00,
    0x00, 0x00, 0x00, 0x00, 0x00, 0x00, 0x00, 0x00, 0x00, 0x00, 0x00, 0x00, 0x00, 0x00, 0x00, 0x00,
    0x00, 0x00, 0x00, 0x00, 0x00, 0x00, 0x00, 0x00, 0x00, 0x00, 0x00, 0x00, 0x00, 0x00, 0x00, 0x00,
    0x00, 0x00, 0x00, 0x00, 0x48, 0x48, 0x48, 0x07, 0x67, 0x5b, 0x54, 0xa8, 0x5c, 0x51, 0x4a, 0xff,
    0x37, 0x30, 0x2a, 0xff, 0x28, 0x22, 0x1d, 0xfd, 0x2a, 0x23, 0x1e, 0xfd, 0x2c, 0x25, 0x1f, 0xfd,
    0x2c, 0x26, 0x1f, 0xfd, 0x2c, 0x26, 0x1f, 0xfd, 0x2c, 0x26, 0x1f, 0xfd, 0x2c, 0x26, 0x20, 0xfd,
    0x2d, 0x27, 0x21, 0xfd, 0x2d, 0x26, 0x20, 0xfd, 0x2d, 0x26, 0x20, 0xfd, 0x2d, 0x26, 0x20, 0xfd,
    0x2b, 0x26, 0x20, 0xfc, 0x2a, 0x24, 0x20, 0xfc, 0x26, 0x21, 0x1f, 0xfc, 0x24, 0x1e, 0x1e, 0xfd,
    0x24, 0x1d, 0x1e, 0xfd, 0x25, 0x1f, 0x1e, 0xfd, 0x28, 0x21, 0x1e, 0xfd, 0x2a, 0x24, 0x1e, 0xfd,
    0x2b, 0x25, 0x1f, 0xfd, 0x2b, 0x25, 0x1f, 0xfd, 0x2b, 0x25, 0x1f, 0xfd, 0x2b, 0x24, 0x1f, 0xfd,
    0x2a, 0x24, 0x1f, 0xfc, 0x2a, 0x24, 0x1e, 0xfc, 0x29, 0x23, 0x1e, 0xfc, 0x2a, 0x24, 0x1e, 0xfd,
    0x2a, 0x23, 0x1e, 0xfd, 0x28, 0x22, 0x1c, 0xfc, 0x26, 0x20, 0x1b, 0xfc, 0x2e, 0x28, 0x23, 0xff,
    0x41, 0x3a, 0x34, 0xff, 0x40, 0x38, 0x33, 0xc1, 0x2e, 0x22, 0x22, 0x16, 0x00, 0x00, 0x00, 0x00,
    0x00, 0x00, 0x00, 0x00, 0x00, 0x00, 0x00, 0x00, 0x00, 0x00, 0x00, 0x00, 0x00, 0x00, 0x00, 0x00,
    0x00, 0x00, 0x00, 0x00, 0x00, 0x00, 0x00, 0x00, 0x00, 0x00, 0x00, 0x00, 0x00, 0x00, 0x00, 0x00,
    0x55, 0x55, 0x55, 0x03, 0x5d, 0x53, 0x4c, 0xb7, 0x4e, 0x45, 0x3e, 0xff, 0x2a, 0x24, 0x1f, 0xfe,
    0x2a, 0x24, 0x1e, 0xfd, 0x2d, 0x26, 0x20, 0xfd, 0x2c, 0x26, 0x1f, 0xfd, 0x2c, 0x26, 0x1f, 0xfd,
    0x2d, 0x26, 0x1f, 0xfd, 0x2d, 0x26, 0x1f, 0xfd, 0x2d, 0x26, 0x20, 0xfd, 0x2d, 0x27, 0x20, 0xfd,
    0x2d, 0x27, 0x20, 0xfd, 0x2d, 0x26, 0x20, 0xfd, 0x26, 0x1f, 0x1f, 0xfd, 0x1b, 0x14, 0x1c, 0xfd,
    0x1b, 0x14, 0x1c, 0xfc, 0x26, 0x20, 0x1e, 0xfd, 0x32, 0x2d, 0x1e, 0xfd, 0x3b, 0x37, 0x1e, 0xfd,
    0x3d, 0x38, 0x1d, 0xfd, 0x36, 0x30, 0x1d, 0xfd, 0x27, 0x22, 0x1c, 0xfd, 0x1b, 0x14, 0x1c, 0xfd,
    0x18, 0x12, 0x1d, 0xfd, 0x22, 0x1b, 0x1f, 0xfd, 0x2b, 0x24, 0x1f, 0xfd, 0x2b, 0x25, 0x1f, 0xfd,
    0x2a, 0x24, 0x1f, 0xfd, 0x2a, 0x24, 0x1f, 0xfc, 0x29, 0x24, 0x1f, 0xfc, 0x2a, 0x24, 0x1e, 0xfc,
    0x2b, 0x24, 0x1f, 0xfd, 0x2a, 0x24, 0x1e, 0xfc, 0x29, 0x22, 0x1d, 0xfc, 0x27, 0x21, 0x1c, 0xfd,
    0x27, 0x22, 0x1c, 0xfc, 0x37, 0x30, 0x2b, 0xff, 0x3a, 0x32, 0x2d, 0xd0, 0x24, 0x24, 0x24, 0x0e,
    0x00, 0x00, 0x00, 0x00, 0x00, 0x00, 0x00, 0x00, 0x00, 0x00, 0x00, 0x00, 0x00, 0x00, 0x00, 0x00,
    0x00, 0x00, 0x00, 0x00, 0x00, 0x00, 0x00, 0x00, 0x00, 0x00, 0x00, 0x00, 0x00, 0x00, 0x00, 0x00,
    0x5a, 0x50, 0x4a, 0x8f, 0x4f, 0x46, 0x3f, 0xff, 0x28, 0x23, 0x1d, 0xfd, 0x2b, 0x25, 0x1f, 0xfd,
    0x2d, 0x26, 0x20, 0xfd, 0x2d, 0x26, 0x20, 0xfd, 0x2c, 0x25, 0x1f, 0xfd, 0x2c, 0x26, 0x1f, 0xfd,
    0x2d, 0x26, 0x20, 0xfd, 0x2c, 0x26, 0x20, 0xfc, 0x2d, 0x26, 0x1f, 0xfd, 0x2c, 0x25, 0x1f, 0xfd,
    0x1f, 0x19, 0x1c, 0xfd, 0x1b, 0x14, 0x1b, 0xfd, 0x3e, 0x39, 0x21, 0xfd, 0x77, 0x74, 0x25, 0xfd,
    0xae, 0xab, 0x23, 0xfd, 0xd1, 0xce, 0x1e, 0xfd, 0xe5, 0xe2, 0x1a, 0xfd, 0xef, 0xeb, 0x15, 0xfd,
    0xf0, 0xec, 0x12, 0xfd, 0xe8, 0xe5, 0x13, 0xfd, 0xd6, 0xd3, 0x13, 0xfd, 0xb5, 0xb2, 0x15, 0xfd,
    0x82, 0x7e, 0x16, 0xfd, 0x43, 0x3f, 0x18, 0xfd, 0x1b, 0x15, 0x1c, 0xfd, 0x26, 0x20, 0x1f, 0xfd,
    0x2a, 0x25, 0x21, 0xfc, 0x29, 0x25, 0x22, 0xfd, 0x29, 0x24, 0x21, 0xfd, 0x29, 0x24, 0x21, 0xfd,
    0x29, 0x24, 0x20, 0xfc, 0x29, 0x23, 0x1e, 0xfc, 0x29, 0x23, 0x1e, 0xfc, 0x29, 0x22, 0x1d, 0xfd,
    0x28, 0x22, 0x1c, 0xfd, 0x27, 0x21, 0x1c, 0xfc, 0x36, 0x2f, 0x2a, 0xff, 0x33, 0x2b, 0x27, 0xaa,
    0x00, 0x00, 0x00, 0x00, 0x00, 0x00, 0x00, 0x00, 0x00, 0x00, 0x00, 0x00, 0x00, 0x00, 0x00, 0x00,
    0x00, 0x00, 0x00, 0x00, 0x00, 0x00, 0x00, 0x00, 0x00, 0x00, 0x00, 0x00, 0x53, 0x49, 0x3f, 0x34,
    0x50, 0x46, 0x40, 0xff, 0x2d, 0x27, 0x21, 0xff, 0x2b, 0x25, 0x1f, 0xfd, 0x2c, 0x26, 0x20, 0xfd,
    0x2c, 0x25, 0x1f, 0xfd, 0x2c, 0x25, 0x1f, 0xfd, 0x2c, 0x26, 0x1f, 0xfd, 0x2c, 0x26, 0x20, 0xfd,
    0x2d, 0x26, 0x20, 0xfd, 0x2d, 0x27, 0x1f, 0xfd, 0x24, 0x1d, 0x1d, 0xfd, 0x19, 0x12, 0x19, 0xfd,
    0x51, 0x4d, 0x23, 0xfd, 0xb1, 0xaf, 0x29, 0xfd, 0xf1, 0xee, 0x1e, 0xfd, 0xfe, 0xfe, 0x10, 0xfd,
    0xfe, 0xfe, 0x06, 0xfc, 0xfe, 0xfe, 0x01, 0xfc, 0xfe, 0xfe, 0x00, 0xfc, 0xfe, 0xfb, 0x00, 0xfc,
    0xfe, 0xfb, 0x00, 0xfc, 0xfe, 0xfe, 0x00, 0xfc, 0xfe, 0xfe, 0x00, 0xfc, 0xfe, 0xfe, 0x02, 0xfc,
    0xfe, 0xfe, 0x05, 0xfc, 0xf8, 0xf4, 0x0a, 0xfd, 0xa8, 0xa4, 0x0d, 0xfd, 0x24, 0x20, 0x1c, 0xfd,
    0x24, 0x21, 0x26, 0xfd, 0x24, 0x1d, 0x24, 0xfd, 0x25, 0x1d, 0x23, 0xfd, 0x28, 0x25, 0x26, 0xfd,
    0x28, 0x25, 0x24, 0xfd, 0x28, 0x23, 0x20, 0xfd, 0x28, 0x22, 0x1e, 0xfc, 0x28, 0x21, 0x1c, 0xfc,
    0x28, 0x22, 0x1c, 0xfc, 0x27, 0x21, 0x1c, 0xfc, 0x28, 0x22, 0x1d, 0xfe, 0x35, 0x2e, 0x29, 0xff,
    0x2e, 0x26, 0x1f, 0x48, 0x00, 0x00, 0x00, 0x00, 0x00, 0x00, 0x00, 0x00, 0x00, 0x00, 0x00, 0x00,
    0x00, 0x00, 0x00, 0x00, 0x00, 0x00, 0x00, 0x00, 0x00, 0x00, 0x00, 0x00, 0x4e, 0x44, 0x3e, 0xac,
    0x3c, 0x35, 0x2f, 0xff, 0x29, 0x23, 0x1e, 0xfc, 0x2d, 0x26, 0x20, 0xfd, 0x2c, 0x26, 0x20, 0xfd,
    0x2c, 0x25, 0x1f, 0xfd, 0x2c, 0x25, 0x1f, 0xfd, 0x2d, 0x27, 0x20, 0xfd, 0x2d, 0x26, 0x1f, 0xfd,
    0x2d, 0x26, 0x1f, 0xfc, 0x19, 0x13, 0x1a, 0xfd, 0x32, 0x2d, 0x1d, 0xfd, 0xaa, 0xa8, 0x28, 0xfd,
    0xfd, 0xfa, 0x1e, 0xfd, 0xfe, 0xfe, 0x08, 0xfc, 0xfe, 0xfd, 0x00, 0xfc, 0xf1, 0xe6, 0x00, 0xfd,
    0xc4, 0xbb, 0x00, 0xfd, 0x97, 0x8f, 0x01, 0xfd, 0x77, 0x70, 0x02, 0xfd, 0x65, 0x5f, 0x02, 0xfd,
    0x64, 0x5e, 0x02, 0xfd, 0x75, 0x6e, 0x02, 0xfd, 0x96, 0x8e, 0x02, 0xfd, 0xc3, 0xba, 0x01, 0xfd,
    0xf0, 0xe5, 0x01, 0xfd, 0xfe, 0xfe, 0x00, 0xfc, 0xfe, 0xf6, 0x00, 0xfd, 0x2f, 0x2e, 0x1a, 0xfd,
    0x0d, 0x1e, 0x44, 0xfd, 0x1d, 0x5a, 0x77, 0xfd, 0x1a, 0x56, 0x71, 0xfd, 0x1c, 0x24, 0x3b, 0xfd,
    0x25, 0x23, 0x29, 0xfd, 0x27, 0x24, 0x23, 0xfd, 0x28, 0x22, 0x1f, 0xfc, 0x28, 0x22, 0x1d, 0xfc,
    0x29, 0x22, 0x1d, 0xfc, 0x27, 0x21, 0x1c, 0xfc, 0x26, 0x20, 0x1b, 0xfc, 0x2f, 0x28, 0x23, 0xff,
    0x2e, 0x28, 0x24, 0xbf, 0x00, 0x00, 0x00, 0x00, 0x00, 0x00, 0x00, 0x00, 0x00, 0x00, 0x00, 0x00,
    0x00, 0x00, 0x00, 0x00, 0x00, 0x00, 0x00, 0x00, 0x45, 0x39, 0x39, 0x16, 0x44, 0x3b, 0x36, 0xf3,
    0x2c, 0x27, 0x22, 0xff, 0x2b, 0x25, 0x1f, 0xfd, 0x2c, 0x26, 0x20, 0xfd, 0x2c, 0x25, 0x1f, 0xfd,
    0x2c, 0x25, 0x1f, 0xfd, 0x2c, 0x25, 0x1f, 0xfd, 0x2c, 0x25, 0x1f, 0xfd, 0x2b, 0x24, 0x1e, 0xfd,
    0x16, 0x0f, 0x19, 0xfc, 0x58, 0x53, 0x22, 0xfd, 0xe4, 0xe4, 0x27, 0xfd, 0xfe, 0xfe, 0x0b, 0xfc,
    0xfe, 0xfc, 0x00, 0xfc, 0xe0, 0xd5, 0x01, 0xfd, 0x85, 0x7c, 0x01, 0xfd, 0x33, 0x2f, 0x02, 0xfd,
    0x09, 0x07, 0x04, 0xfd, 0x00, 0x00, 0x07, 0xfd, 0x00, 0x00, 0x0a, 0xfd, 0x02, 0x00, 0x0b, 0xfd,
    0x03, 0x00, 0x0c, 0xfd, 0x01, 0x00, 0x0b, 0xfd, 0x01, 0x00, 0x0a, 0xfd, 0x0b, 0x08, 0x07, 0xfd,
    0x36, 0x31, 0x04, 0xfd, 0x83, 0x7b, 0x01, 0xfd, 0x5b, 0x59, 0x09, 0xfd, 0x05, 0x19, 0x3f, 0xfd,
    0x30, 0xb1, 0xce, 0xfd, 0x32, 0xf3, 0xfe, 0xfd, 0x17, 0xee, 0xfe, 0xfd, 0x0e, 0x9e, 0xc3, 0xfd,
    0x19, 0x24, 0x3e, 0xfd, 0x25, 0x22, 0x26, 0xfd, 0x26, 0x22, 0x1f, 0xfc, 0x27, 0x21, 0x1d, 0xfc,
    0x28, 0x22, 0x1d, 0xfc, 0x27, 0x20, 0x1b, 0xfc, 0x26, 0x20, 0x1a, 0xfc, 0x28, 0x22, 0x1c, 0xff,
    0x2c, 0x26, 0x21, 0xfb, 0x1f, 0x17, 0x17, 0x20, 0x00, 0x00, 0x00, 0x00, 0x00, 0x00, 0x00, 0x00,
    0x00, 0x00, 0x00, 0x00, 0x00, 0x00, 0x00, 0x00, 0x45, 0x3e, 0x37, 0x49, 0x40, 0x37, 0x32, 0xff,
    0x29, 0x24, 0x1e, 0xfe, 0x2c, 0x26, 0x20, 0xfd, 0x2c, 0x25, 0x1f, 0xfd, 0x2a, 0x25, 0x1e, 0xfc,
    0x2b, 0x25, 0x1f, 0xfc, 0x2c, 0x25, 0x1f, 0xfd, 0x2b, 0x24, 0x1e, 0xfd, 0x16, 0x0f, 0x19, 0xfd,
    0x6e, 0x6a, 0x23, 0xfd, 0xfb, 0xfb, 0x20, 0xfd, 0xfe, 0xfe, 0x02, 0xfc, 0xfa, 0xee, 0x00, 0xfc,
    0x93, 0x8a, 0x01, 0xfd, 0x1e, 0x1a, 0x02, 0xfd, 0x00, 0x00, 0x07, 0xfd, 0x08, 0x05, 0x0c, 0xfd,
    0x19, 0x15, 0x11, 0xfd, 0x17, 0x12, 0x14, 0xfd, 0x17, 0x12, 0x15, 0xfd, 0x17, 0x11, 0x17, 0xfd,
    0x24, 0x1e, 0x18, 0xfd, 0x23, 0x1e, 0x18, 0xfd, 0x21, 0x1c, 0x17, 0xfd, 0x1c, 0x17, 0x14, 0xfd,
    0x0d, 0x0a, 0x10, 0xfd, 0x02, 0x00, 0x0f, 0xfd, 0x02, 0x00, 0x1c, 0xfd, 0x12, 0x6e, 0x94, 0xfd,
    0x24, 0xf7, 0xfe, 0xfd, 0x00, 0xcc, 0xfe, 0xfc, 0x01, 0xca, 0xfe, 0xfc, 0x04, 0xdb, 0xfe, 0xfc,
    0x0a, 0x50, 0x80, 0xfd, 0x22, 0x1b, 0x24, 0xfd, 0x26, 0x22, 0x20, 0xfd, 0x27, 0x21, 0x1d, 0xfc,
    0x27, 0x21, 0x1c, 0xfc, 0x26, 0x20, 0x1b, 0xfc, 0x27, 0x21, 0x1b, 0xfc, 0x26, 0x20, 0x1a, 0xfc,
    0x2c, 0x26, 0x21, 0xff, 0x26, 0x20, 0x1d, 0x56, 0x00, 0x00, 0x00, 0x00, 0x00, 0x00, 0x00, 0x00,
    0x00, 0x00, 0x00, 0x00, 0x00, 0x00, 0x00, 0x00, 0x44, 0x3b, 0x36, 0x6c, 0x3d, 0x35, 0x30, 0xff,
    0x2a, 0x24, 0x1e, 0xfd, 0x2c, 0x25, 0x1f, 0xfd, 0x2c, 0x25, 0x1f, 0xfd, 0x2a, 0x25, 0x1f, 0xfc,
    0x2b, 0x25, 0x1e, 0xfd, 0x2c, 0x25, 0x1e, 0xfd, 0x16, 0x0f, 0x1a, 0xfd, 0x69, 0x65, 0x21, 0xfd,
    0xfe, 0xfe, 0x1d, 0xfc, 0xfe, 0xfc, 0x00, 0xfc, 0xe8, 0xdc, 0x01, 0xfd, 0x53, 0x4c, 0x01, 0xfd,
    0x00, 0x00, 0x05, 0xfd, 0x0b, 0x08, 0x0d, 0xfd, 0x1e, 0x19, 0x13, 0xfd, 0x24, 0x1f, 0x18, 0xfd,
    0x1c, 0x16, 0x18, 0xfd, 0x56, 0x52, 0x1b, 0xfd, 0xc6, 0xc5, 0x1a, 0xfd, 0x74, 0x6f, 0x0f, 0xfd,
    0x12, 0x0c, 0x19, 0xfd, 0x28, 0x22, 0x1d, 0xfd, 0x29, 0x23, 0x1c, 0xfd, 0x28, 0x22, 0x1b, 0xfd,
    0x26, 0x20, 0x1b, 0xfd, 0x23, 0x1f, 0x1d, 0xfd, 0x1a, 0x14, 0x26, 0xfd, 0x0b, 0x7b, 0xa7, 0xfd,
    0x07, 0xe5, 0xfe, 0xfc, 0x03, 0xc2, 0xfc, 0xfc, 0x04, 0xc1, 0xfc, 0xfc, 0x01, 0xc9, 0xfe, 0xfc,
    0x03, 0x4c, 0x8c, 0xfd, 0x1e, 0x19, 0x24, 0xfd, 0x26, 0x22, 0x20, 0xfd, 0x27, 0x21, 0x1d, 0xfc,
    0x27, 0x21, 0x1b, 0xfc, 0x27, 0x20, 0x1b, 0xfc, 0x27, 0x21, 0x1b, 0xfc, 0x26, 0x1f, 0x1a, 0xfc,
    0x2c, 0x25, 0x20, 0xff, 0x26, 0x22, 0x1d, 0x77, 0x00, 0x00, 0x00, 0x00, 0x00, 0x00, 0x00, 0x00,
    0x00, 0x00, 0x00, 0x00, 0x00, 0x00, 0x00, 0x00, 0x42, 0x3a, 0x33, 0x7b, 0x3c, 0x34, 0x2e, 0xff,
    0x2b, 0x24, 0x1f, 0xfd, 0x2c, 0x25, 0x1f, 0xfd, 0x2b, 0x24, 0x1e, 0xfd, 0x2a, 0x24, 0x1e, 0xfc,
    0x2c, 0x25, 0x1e, 0xfd, 0x1c, 0x15, 0x1b, 0xfd, 0x49, 0x45, 0x1c, 0xfd, 0xf7, 0xf6, 0x1c, 0xfd,
    0xfe, 0xfc, 0x00, 0xfc, 0xe4, 0xd8, 0x01, 0xfd, 0x39, 0x33, 0x01, 0xfd, 0x00, 0x00, 0x07, 0xfd,
    0x19, 0x15, 0x11, 0xfd, 0x24, 0x1f, 0x17, 0xfc, 0x27, 0x21, 0x1a, 0xfc, 0x29, 0x22, 0x1b, 0xfc,
    0x13, 0x0d, 0x19, 0xfc, 0xa9, 0xa6, 0x0f, 0xfd, 0xfe, 0xfe, 0x04, 0xfc, 0xfe, 0xfe, 0x05, 0xfd,
    0x75, 0x71, 0x0e, 0xfd, 0x0e, 0x09, 0x17, 0xfc, 0x28, 0x21, 0x1c, 0xfd, 0x2a, 0x23, 0x1c, 0xfd,
    0x28, 0x22, 0x1d, 0xfd, 0x26, 0x22, 0x20, 0xfd, 0x21, 0x1f, 0x26, 0xfd, 0x0b, 0x39, 0x63, 0xfd,
    0x01, 0xb7, 0xf5, 0xfd, 0x03, 0xcd, 0xfe, 0xfc, 0x03, 0xc9, 0xfe, 0xfc, 0x00, 0x88, 0xe5, 0xfd,
    0x00, 0x11, 0x48, 0xfd, 0x12, 0x11, 0x22, 0xfd, 0x22, 0x1d, 0x1e, 0xfc, 0x28, 0x21, 0x1c, 0xfc,
    0x27, 0x20, 0x1b, 0xfc, 0x26, 0x20, 0x1b, 0xfc, 0x26, 0x20, 0x1a, 0xfc, 0x26, 0x1f, 0x19, 0xfc,
    0x2b, 0x24, 0x1f, 0xff, 0x26, 0x22, 0x1c, 0x85, 0x00, 0x00, 0x00, 0x00, 0x00, 0x00, 0x00, 0x00,
    0x00, 0x00, 0x00, 0x00, 0x00, 0x00, 0x00, 0x00, 0x40, 0x38, 0x32, 0x7e, 0x3b, 0x33, 0x2d, 0xff,
    0x2b, 0x24, 0x1e, 0xfd, 0x2c, 0x25, 0x1f, 0xfd, 0x2b, 0x25, 0x1e, 0xfd, 0x2b, 0x25, 0x1e, 0xfd,
    0x26, 0x1f, 0x1d, 0xfd, 0x22, 0x1d, 0x18, 0xfd, 0xd7, 0xd4, 0x1c, 0xfd, 0xfe, 0xfe, 0x03, 0xfc,
    0xf1, 0xe6, 0x01, 0xfc, 0x42, 0x3c, 0x01, 0xfd, 0x00, 0x00, 0x08, 0xfd, 0x1b, 0x16, 0x12, 0xfd,
    0x16, 0x10, 0x18, 0xfd, 0x21, 0x1b, 0x1c, 0xfc, 0x2a, 0x23, 0x1b, 0xfd, 0x28, 0x22, 0x1b, 0xfc,
    0x14, 0x0e, 0x18, 0xfc, 0xa4, 0xa0, 0x09, 0xfd, 0xfe, 0xfc, 0x01, 0xfc, 0xf7, 0xee, 0x01, 0xfc,
    0xfe, 0xfd, 0x04, 0xfd, 0x75, 0x71, 0x0d, 0xfd, 0x0e, 0x08, 0x17, 0xfc, 0x27, 0x21, 0x1c, 0xfc,
    0x29, 0x23, 0x1d, 0xfd, 0x28, 0x23, 0x1f, 0xfd, 0x19, 0x18, 0x22, 0xfd, 0x0a, 0x0c, 0x2d, 0xfd,
    0x01, 0x2d, 0x6b, 0xfd, 0x02, 0x68, 0xb0, 0xfd, 0x00, 0x52, 0xa6, 0xfd, 0x14, 0x27, 0x4b, 0xfd,
    0xb1, 0xae, 0x1b, 0xfd, 0xac, 0xa8, 0x0f, 0xfd, 0x1f, 0x1b, 0x15, 0xfd, 0x23, 0x1c, 0x1b, 0xfc,
    0x27, 0x21, 0x1b, 0xfc, 0x26, 0x20, 0x1a, 0xfc, 0x25, 0x1f, 0x1a, 0xfc, 0x25, 0x1f, 0x19, 0xfc,
    0x2b, 0x24, 0x1f, 0xff, 0x25, 0x21, 0x1c, 0x87, 0x00, 0x00, 0x00, 0x00, 0x00, 0x00, 0x00, 0x00,
    0x00, 0x00, 0x00, 0x00, 0x00, 0x00, 0x00, 0x00, 0x3e, 0x38, 0x32, 0x7e, 0x3a, 0x33, 0x2d, 0xff,
    0x2a, 0x24, 0x1e, 0xfc, 0x2c, 0x25, 0x1f, 0xfd, 0x2b, 0x24, 0x1e, 0xfd, 0x2b, 0x24, 0x1d, 0xfc,
    0x14, 0x0d, 0x19, 0xfd, 0x89, 0x86, 0x1a, 0xfd, 0xfe, 0xfe, 0x0a, 0xfc, 0xfe, 0xf6, 0x00, 0xfc,
    0x72, 0x6a, 0x01, 0xfd, 0x00, 0x00, 0x07, 0xfd, 0x16, 0x11, 0x12, 0xfd, 0x23, 0x1e, 0x18, 0xfd,
    0x6d, 0x69, 0x1d, 0xfd, 0x42, 0x3d, 0x15, 0xfd, 0x22, 0x1c, 0x1b, 0xfc, 0x28, 0x22, 0x1b, 0xfc,
    0x13, 0x0d, 0x18, 0xfd, 0xa3, 0x9f, 0x0a, 0xfd, 0xfe, 0xfc, 0x02, 0xfc, 0xf5, 0xec, 0x02, 0xfc,
    0xfc, 0xf3, 0x01, 0xfc, 0xfe, 0xfc, 0x04, 0xfd, 0x75, 0x72, 0x0c, 0xfd, 0x0d, 0x08, 0x17, 0xfd,
    0x26, 0x20, 0x1c, 0xfc, 0x1d, 0x17, 0x1a, 0xfc, 0x64, 0x60, 0x1e, 0xfd, 0xa9, 0xa9, 0x19, 0xfd,
    0x36, 0x34, 0x1b, 0xfd, 0x07, 0x06, 0x27, 0xfd, 0x06, 0x03, 0x23, 0xfc, 0x53, 0x52, 0x13, 0xfd,
    0xfe, 0xfe, 0x04, 0xfc, 0xfe, 0xfe, 0x00, 0xfd, 0x82, 0x7c, 0x08, 0xfd, 0x0d, 0x08, 0x17, 0xfd,
    0x26, 0x20, 0x1a, 0xfc, 0x26, 0x1f, 0x1a, 0xfc, 0x25, 0x1f, 0x19, 0xfc, 0x25, 0x1e, 0x19, 0xfc,
    0x2a, 0x24, 0x1f, 0xff, 0x26, 0x20, 0x1c, 0x86, 0x00, 0x00, 0x00, 0x00, 0x00, 0x00, 0x00, 0x00,
    0x00, 0x00, 0x00, 0x00, 0x00, 0x00, 0x00, 0x00, 0x3c, 0x34, 0x30, 0x7e, 0x39, 0x32, 0x2c, 0xff,
    0x2b, 0x24, 0x1e, 0xfd, 0x2b, 0x24, 0x1d, 0xfd, 0x2a, 0x23, 0x1d, 0xfd, 0x23, 0x1c, 0x1c, 0xfc,
    0x30, 0x2b, 0x18, 0xfd, 0xeb, 0xe8, 0x12, 0xfd, 0xfe, 0xfd, 0x00, 0xfc, 0xc1, 0xb7, 0x01, 0xfd,
    0x06, 0x04, 0x04, 0xfd, 0x13, 0x0f, 0x10, 0xfd, 0x17, 0x11, 0x14, 0xfd, 0xb1, 0xae, 0x20, 0xfd,
    0xfe, 0xfe, 0x10, 0xfc, 0xc1, 0xba, 0x04, 0xfd, 0x13, 0x0e, 0x14, 0xfd, 0x28, 0x21, 0x1b, 0xfc,
    0x13, 0x0d, 0x17, 0xfc, 0xa3, 0x9f, 0x0a, 0xfd, 0xfe, 0xfe, 0x03, 0xfc, 0xce, 0xc5, 0x02, 0xfd,
    0xd8, 0xcf, 0x03, 0xfd, 0xfe, 0xfb, 0x02, 0xfc, 0xfe, 0xfc, 0x04, 0xfd, 0x76, 0x72, 0x0b, 0xfd,
    0x0b, 0x06, 0x16, 0xfc, 0x14, 0x0f, 0x17, 0xfc, 0xd0, 0xcb, 0x0d, 0xfd, 0xfe, 0xfe, 0x03, 0xfc,
    0xda, 0xd5, 0x04, 0xfd, 0x23, 0x20, 0x14, 0xfd, 0x15, 0x12, 0x1c, 0xfd, 0x1f, 0x1a, 0x10, 0xfd,
    0xd4, 0xcb, 0x02, 0xfd, 0xfe, 0xf9, 0x02, 0xfc, 0xe8, 0xe0, 0x02, 0xfd, 0x26, 0x21, 0x0d, 0xfd,
    0x1d, 0x17, 0x18, 0xfc, 0x25, 0x1f, 0x19, 0xfc, 0x26, 0x1f, 0x19, 0xfc, 0x25, 0x1e, 0x19, 0xfc,
    0x2a, 0x23, 0x1e, 0xff, 0x25, 0x20, 0x1c, 0x87, 0x00, 0x00, 0x00, 0x00, 0x00, 0x00, 0x00, 0x00,
    0x00, 0x00, 0x00, 0x00, 0x00, 0x00, 0x00, 0x00, 0x3c, 0x34, 0x2e, 0x7e, 0x37, 0x30, 0x2a, 0xff,
    0x2a, 0x23, 0x1d, 0xfd, 0x2b, 0x24, 0x1d, 0xfd, 0x2a, 0x24, 0x1d, 0xfc, 0x14, 0x0e, 0x1a, 0xfc,
    0x7e, 0x7b, 0x16, 0xfd, 0xfe, 0xfe, 0x07, 0xfc, 0xfb, 0xf1, 0x00, 0xfc, 0x4e, 0x48, 0x01, 0xfd,
    0x03, 0x01, 0x0b, 0xfd, 0x0f, 0x09, 0x14, 0xfd, 0x87, 0x83, 0x1b, 0xfd, 0xfe, 0xfe, 0x0d, 0xfc,
    0xfe, 0xf7, 0x00, 0xfc, 0x6c, 0x64, 0x01, 0xfd, 0x08, 0x04, 0x10, 0xfd, 0x25, 0x1f, 0x1a, 0xfc,
    0x13, 0x0d, 0x17, 0xfc, 0xa3, 0x9f, 0x09, 0xfd, 0xfe, 0xfe, 0x02, 0xfc, 0xb1, 0xa8, 0x01, 0xfc,
    0x2a, 0x27, 0x01, 0xfd, 0xe3, 0xda, 0x03, 0xfd, 0xfe, 0xf9, 0x02, 0xfc, 0xfe, 0xfb, 0x04, 0xfd,
    0x77, 0x73, 0x0c, 0xfd, 0x05, 0x02, 0x15, 0xfd, 0x5c, 0x55, 0x09, 0xfd, 0xfa, 0xf3, 0x02, 0xfc,
    0xfe, 0xfe, 0x02, 0xfc, 0xa7, 0xa1, 0x05, 0xfd, 0x0e, 0x09, 0x14, 0xfd, 0x0a, 0x06, 0x15, 0xfd,
    0x67, 0x60, 0x07, 0xfd, 0xfe, 0xf9, 0x02, 0xfc, 0xfe, 0xfb, 0x01, 0xfc, 0x75, 0x70, 0x05, 0xfd,
    0x0b, 0x06, 0x14, 0xfc, 0x25, 0x1f, 0x19, 0xfc, 0x26, 0x1f, 0x1a, 0xfc, 0x25, 0x1e, 0x19, 0xfc,
    0x29, 0x22, 0x1d, 0xff, 0x25, 0x20, 0x1c, 0x87, 0x00, 0x00, 0x00, 0x00, 0x00, 0x00, 0x00, 0x00,
    0x00, 0x00, 0x00, 0x00, 0x00, 0x00, 0x00, 0x00, 0x3c, 0x34, 0x30, 0x7e, 0x36, 0x30, 0x2a, 0xff,
    0x2a, 0x23, 0x1d, 0xfd, 0x2c, 0x24, 0x1e, 0xfd, 0x29, 0x22, 0x1d, 0xfc, 0x1b, 0x15, 0x18, 0xfc,
    0xc9, 0xc5, 0x10, 0xfd, 0xfe, 0xfe, 0x01, 0xfc, 0xc7, 0xbd, 0x00, 0xfd, 0x0b, 0x08, 0x06, 0xfd,
    0x10, 0x0b, 0x12, 0xfc, 0x3b, 0x36, 0x16, 0xfd, 0xf5, 0xf1, 0x11, 0xfd, 0xfe, 0xfe, 0x00, 0xfc,
    0x93, 0x89, 0x00, 0xfd, 0x00, 0x00, 0x06, 0xfd, 0x29, 0x24, 0x14, 0xfd, 0x1e, 0x18, 0x18, 0xfc,
    0x0b, 0x06, 0x17, 0xfd, 0xa3, 0xa0, 0x09, 0xfd, 0xfe, 0xfe, 0x02, 0xfc, 0xc0, 0xb7, 0x01, 0xfc,
    0x00, 0x00, 0x05, 0xfd, 0x27, 0x22, 0x04, 0xfd, 0xd5, 0xcd, 0x03, 0xfd, 0xfb, 0xf4, 0x03, 0xfc,
    0xfe, 0xfe, 0x03, 0xfd, 0x64, 0x5f, 0x0c, 0xfd, 0x00, 0x00, 0x12, 0xfc, 0x89, 0x81, 0x05, 0xfd,
    0xfe, 0xfe, 0x02, 0xfc, 0xfc, 0xf5, 0x01, 0xfd, 0x48, 0x43, 0x0a, 0xfd, 0x0f, 0x0a, 0x17, 0xfc,
    0x1e, 0x19, 0x0e, 0xfd, 0xdd, 0xd4, 0x02, 0xfd, 0xfe, 0xf8, 0x02, 0xfc, 0xc1, 0xb9, 0x02, 0xfd,
    0x0f, 0x0b, 0x0e, 0xfc, 0x22, 0x1c, 0x18, 0xfc, 0x25, 0x1f, 0x19, 0xfc, 0x25, 0x1f, 0x19, 0xfc,
    0x29, 0x23, 0x1d, 0xff, 0x25, 0x1f, 0x1c, 0x88, 0x00, 0x00, 0x00, 0x00, 0x00, 0x00, 0x00, 0x00,
    0x00, 0x00, 0x00, 0x00, 0x00, 0x00, 0x00, 0x00, 0x3a, 0x34, 0x30, 0x7e, 0x36, 0x30, 0x2a, 0xff,
    0x2a, 0x24, 0x1e, 0xfc, 0x2b, 0x24, 0x1d, 0xfd, 0x20, 0x1a, 0x1c, 0xfc, 0x3b, 0x36, 0x16, 0xfd,
    0xf3, 0xee, 0x0a, 0xfd, 0xfe, 0xfc, 0x00, 0xfc, 0x80, 0x76, 0x01, 0xfd, 0x01, 0x00, 0x0c, 0xfd,
    0x0e, 0x09, 0x14, 0xfc, 0x9d, 0x9a, 0x14, 0xfd, 0xfe, 0xfe, 0x05, 0xfc, 0xdb, 0xd1, 0x00, 0xfd,
    0x0c, 0x0a, 0x02, 0xfd, 0x59, 0x57, 0x13, 0xfd, 0xec, 0xec, 0x18, 0xfd, 0xb1, 0xaf, 0x0b, 0xfd,
    0x10, 0x0e, 0x11, 0xfd, 0x97, 0x93, 0x09, 0xfd, 0xfe, 0xfe, 0x02, 0xfc, 0xc0, 0xb7, 0x01, 0xfc,
    0x00, 0x00, 0x07, 0xfd, 0x20, 0x1e, 0x13, 0xfd, 0xcc, 0xca, 0x15, 0xfd, 0xfe, 0xf7, 0x02, 0xfc,
    0xfe, 0xfd, 0x02, 0xfc, 0x69, 0x62, 0x04, 0xfd, 0x06, 0x03, 0x13, 0xfc, 0x1b, 0x16, 0x0d, 0xfd,
    0xdc, 0xd3, 0x02, 0xfd, 0xfe, 0xfe, 0x02, 0xfc, 0xa7, 0xa0, 0x04, 0xfd, 0x0c, 0x07, 0x12, 0xfc,
    0x0a, 0x05, 0x13, 0xfc, 0x9c, 0x95, 0x05, 0xfd, 0xfe, 0xfb, 0x02, 0xfc, 0xeb, 0xe1, 0x01, 0xfd,
    0x2d, 0x28, 0x09, 0xfd, 0x19, 0x14, 0x16, 0xfc, 0x25, 0x1f, 0x19, 0xfc, 0x24, 0x1e, 0x18, 0xfc,
    0x29, 0x23, 0x1d, 0xff, 0x25, 0x1f, 0x1a, 0x88, 0x00, 0x00, 0x00, 0x00, 0x00, 0x00, 0x00, 0x00,
    0x00, 0x00, 0x00, 0x00, 0x00, 0x00, 0x00, 0x00, 0x3a, 0x34, 0x2e, 0x7e, 0x36, 0x2f, 0x29, 0xff,
    0x29, 0x23, 0x1d, 0xfd, 0x2a, 0x23, 0x1d, 0xfd, 0x18, 0x11, 0x1b, 0xfd, 0x60, 0x5c, 0x13, 0xfd,
    0xfe, 0xfe, 0x05, 0xfc, 0xfb, 0xf0, 0x00, 0xfc, 0x48, 0x42, 0x03, 0xfd, 0x07, 0x03, 0x11, 0xfd,
    0x27, 0x23, 0x15, 0xfd, 0xe4, 0xe0, 0x0e, 0xfd, 0xfe, 0xfe, 0x01, 0xfc, 0x80, 0x78, 0x01, 0xfd,
    0x00, 0x00, 0x09, 0xfd, 0x89, 0x83, 0x0b, 0xfd, 0xfe, 0xfe, 0x01, 0xfc, 0xfe, 0xfe, 0x03, 0xfc,
    0xc5, 0xc1, 0x08, 0xfd, 0xbb, 0xb9, 0x09, 0xfd, 0xfe, 0xfc, 0x03, 0xfc, 0xb3, 0xab, 0x00, 0xfd,
    0x38, 0x37, 0x0f, 0xfd, 0xe5, 0xe3, 0x1c, 0xfd, 0xfe, 0xfe, 0x06, 0xfc, 0xf8, 0xec, 0x01, 0xfc,
    0x72, 0x6a, 0x00, 0xfd, 0x05, 0x04, 0x06, 0xfd, 0x1e, 0x18, 0x14, 0xfc, 0x09, 0x05, 0x14, 0xfc,
    0x87, 0x80, 0x06, 0xfd, 0xfe, 0xfe, 0x02, 0xfc, 0xe3, 0xda, 0x02, 0xfd, 0x23, 0x1f, 0x0b, 0xfd,
    0x09, 0x05, 0x15, 0xfc, 0x63, 0x5e, 0x09, 0xfd, 0xfe, 0xf8, 0x01, 0xfc, 0xfd, 0xf1, 0x01, 0xfc,
    0x52, 0x4c, 0x05, 0xfd, 0x0e, 0x0a, 0x13, 0xfd, 0x24, 0x1e, 0x18, 0xfc, 0x24, 0x1d, 0x18, 0xfc,
    0x29, 0x22, 0x1c, 0xff, 0x25, 0x1f, 0x1a, 0x88, 0x00, 0x00, 0x00, 0x00, 0x00, 0x00, 0x00, 0x00,
    0x00, 0x00, 0x00, 0x00, 0x00, 0x00, 0x00, 0x00, 0x3a, 0x34, 0x2e, 0x7e, 0x35, 0x2f, 0x29, 0xff,
    0x29, 0x23, 0x1d, 0xfc, 0x29, 0x23, 0x1d, 0xfd, 0x14, 0x0d, 0x1a, 0xfd, 0x7e, 0x7b, 0x0f, 0xfd,
    0xfe, 0xfe, 0x04, 0xfc, 0xe9, 0xdf, 0x01, 0xfd, 0x2a, 0x25, 0x06, 0xfd, 0x09, 0x04, 0x13, 0xfd,
    0x52, 0x4e, 0x12, 0xfd, 0xfe, 0xfc, 0x06, 0xfc, 0xf6, 0xec, 0x00, 0xfc, 0x39, 0x34, 0x03, 0xfd,
    0x0c, 0x09, 0x10, 0xfd, 0x17, 0x12, 0x0e, 0xfd, 0x8b, 0x83, 0x02, 0xfd, 0xfe, 0xf8, 0x03, 0xfc,
    0xfe, 0xfc, 0x03, 0xfc, 0xfb, 0xf4, 0x06, 0xfc, 0xf5, 0xeb, 0x02, 0xfc, 0xe0, 0xd9, 0x08, 0xfd,
    0xec, 0xe8, 0x14, 0xfd, 0xfe, 0xfe, 0x02, 0xfc, 0xea, 0xde, 0x01, 0xfd, 0x53, 0x4c, 0x01, 0xfd,
    0x00, 0x00, 0x05, 0xfd, 0x16, 0x12, 0x0f, 0xfd, 0x24, 0x1e, 0x17, 0xfc, 0x17, 0x11, 0x18, 0xfc,
    0x47, 0x43, 0x0c, 0xfd, 0xfa, 0xf3, 0x02, 0xfd, 0xfb, 0xf1, 0x01, 0xfc, 0x47, 0x41, 0x07, 0xfd,
    0x07, 0x03, 0x15, 0xfd, 0x43, 0x3d, 0x0e, 0xfd, 0xf6, 0xec, 0x02, 0xfd, 0xfe, 0xf5, 0x01, 0xfc,
    0x6f, 0x68, 0x03, 0xfd, 0x07, 0x04, 0x11, 0xfc, 0x23, 0x1d, 0x18, 0xfc, 0x24, 0x1e, 0x18, 0xfc,
    0x28, 0x22, 0x1c, 0xff, 0x25, 0x1f, 0x1a, 0x89, 0x00, 0x00, 0x00, 0x00, 0x00, 0x00, 0x00, 0x00,
    0x00, 0x00, 0x00, 0x00, 0x00, 0x00, 0x00, 0x00, 0x3a, 0x32, 0x2e, 0x7e, 0x35, 0x2f, 0x29, 0xff,
    0x29, 0x22, 0x1d, 0xfc, 0x29, 0x22, 0x1d, 0xfd, 0x12, 0x0c, 0x19, 0xfd, 0x94, 0x90, 0x0c, 0xfd,
    0xfe, 0xfe, 0x03, 0xfc, 0xdc, 0xd2, 0x00, 0xfc, 0x1d, 0x19, 0x08, 0xfd, 0x08, 0x03, 0x14, 0xfc,
    0x75, 0x71, 0x10, 0xfd, 0xfe, 0xfe, 0x03, 0xfc, 0xdc, 0xd2, 0x00, 0xfd, 0x1b, 0x18, 0x06, 0xfd,
    0x1a, 0x15, 0x14, 0xfd, 0x1e, 0x18, 0x16, 0xfd, 0x01, 0x00, 0x0c, 0xfd, 0x5f, 0x59, 0x03, 0xfd,
    0xee, 0xe5, 0x03, 0xfd, 0xf7, 0xed, 0x02, 0xfc, 0xf0, 0xe7, 0x03, 0xfc, 0xf6, 0xed, 0x04, 0xfc,
    0xfd, 0xf3, 0x02, 0xfc, 0xd5, 0xc9, 0x01, 0xfd, 0x37, 0x32, 0x01, 0xfd, 0x00, 0x00, 0x06, 0xfd,
    0x19, 0x14, 0x10, 0xfd, 0x23, 0x1d, 0x16, 0xfc, 0x26, 0x1f, 0x19, 0xfc, 0x1e, 0x18, 0x18, 0xfc,
    0x2b, 0x26, 0x0f, 0xfd, 0xe7, 0xe0, 0x04, 0xfd, 0xfe, 0xfa, 0x01, 0xfc, 0x62, 0x5c, 0x04, 0xfd,
    0x05, 0x01, 0x13, 0xfd, 0x32, 0x2d, 0x10, 0xfd, 0xe9, 0xe2, 0x03, 0xfd, 0xfe, 0xf8, 0x01, 0xfc,
    0x82, 0x79, 0x02, 0xfd, 0x05, 0x02, 0x0f, 0xfd, 0x23, 0x1d, 0x17, 0xfc, 0x24, 0x1d, 0x18, 0xfc,
    0x28, 0x21, 0x1c, 0xff, 0x24, 0x1f, 0x19, 0x8a, 0x00, 0x00, 0x00, 0x00, 0x00, 0x00, 0x00, 0x00,
    0x00, 0x00, 0x00, 0x00, 0x00, 0x00, 0x00, 0x00, 0x3a, 0x32, 0x2e, 0x7f, 0x35, 0x2e, 0x28, 0xff,
    0x28, 0x22, 0x1c, 0xfc, 0x29, 0x22, 0x1d, 0xfd, 0x12, 0x0c, 0x19, 0xfd, 0x9b, 0x96, 0x0b, 0xfd,
    0xfe, 0xfe, 0x02, 0xfc, 0xd8, 0xce, 0x00, 0xfc, 0x1b, 0x16, 0x0a, 0xfc, 0x09, 0x04, 0x15, 0xfc,
    0x84, 0x80, 0x0d, 0xfd, 0xfe, 0xfe, 0x03, 0xfd, 0xd2, 0xc8, 0x01, 0xfd, 0x15, 0x11, 0x08, 0xfd,
    0x1e, 0x19, 0x16, 0xfc, 0x26, 0x20, 0x19, 0xfc, 0x22, 0x1c, 0x16, 0xfc, 0x00, 0x00, 0x0d, 0xfd,
    0x39, 0x33, 0x05, 0xfd, 0xef, 0xe8, 0x07, 0xfd, 0xf5, 0xeb, 0x02, 0xfc, 0xf6, 0xec, 0x03, 0xfc,
    0xe1, 0xd7, 0x03, 0xfc, 0x1a, 0x16, 0x02, 0xfd, 0x00, 0x00, 0x08, 0xfd, 0x1d, 0x18, 0x12, 0xfd,
    0x25, 0x1e, 0x17, 0xfc, 0x26, 0x20, 0x19, 0xfc, 0x26, 0x20, 0x19, 0xfc, 0x21, 0x1b, 0x19, 0xfc,
    0x23, 0x1f, 0x11, 0xfd, 0xdc, 0xd6, 0x05, 0xfd, 0xfe, 0xfd, 0x01, 0xfc, 0x6b, 0x65, 0x03, 0xfd,
    0x03, 0x00, 0x11, 0xfd, 0x2d, 0x28, 0x10, 0xfd, 0xe5, 0xde, 0x04, 0xfd, 0xfe, 0xf9, 0x02, 0xfc,
    0x87, 0x7e, 0x02, 0xfd, 0x04, 0x01, 0x0e, 0xfd, 0x22, 0x1c, 0x17, 0xfc, 0x23, 0x1d, 0x17, 0xfc,
    0x28, 0x21, 0x1c, 0xff, 0x24, 0x1f, 0x19, 0x8b, 0x00, 0x00, 0x00, 0x00, 0x00, 0x00, 0x00, 0x00,
    0x00, 0x00, 0x00, 0x00, 0x00, 0x00, 0x00, 0x00, 0x38, 0x32, 0x2e, 0x7f, 0x34, 0x2d, 0x28, 0xff,
    0x28, 0x22, 0x1c, 0xfd, 0x29, 0x23, 0x1c, 0xfc, 0x11, 0x0b, 0x19, 0xfd, 0x95, 0x91, 0x0a, 0xfd,
    0xfe, 0xfe, 0x02, 0xfc, 0xde, 0xd5, 0x01, 0xfc, 0x1f, 0x1b, 0x0a, 0xfd, 0x08, 0x03, 0x15, 0xfc,
    0x81, 0x7b, 0x0c, 0xfd, 0xfe, 0xfe, 0x03, 0xfc, 0xd9, 0xd0, 0x01, 0xfc, 0x1a, 0x16, 0x09, 0xfd,
    0x1e, 0x19, 0x16, 0xfd, 0x28, 0x21, 0x19, 0xfc, 0x18, 0x12, 0x17, 0xfc, 0x20, 0x1b, 0x13, 0xfd,
    0xa6, 0xa5, 0x1b, 0xfd, 0xf6, 0xf2, 0x0a, 0xfc, 0xf1, 0xe7, 0x01, 0xfc, 0xf2, 0xe8, 0x02, 0xfc,
    0xf5, 0xef, 0x03, 0xfc, 0x95, 0x93, 0x06, 0xfd, 0x0f, 0x0b, 0x0e, 0xfd, 0x1a, 0x14, 0x16, 0xfd,
    0x28, 0x21, 0x19, 0xfc, 0x26, 0x20, 0x19, 0xfc, 0x26, 0x20, 0x1a, 0xfc, 0x20, 0x1a, 0x19, 0xfc,
    0x29, 0x25, 0x12, 0xfc, 0xe3, 0xdd, 0x06, 0xfd, 0xfe, 0xfb, 0x01, 0xfc, 0x62, 0x5c, 0x03, 0xfd,
    0x03, 0x00, 0x11, 0xfd, 0x30, 0x2c, 0x11, 0xfc, 0xe9, 0xe2, 0x05, 0xfd, 0xfe, 0xf8, 0x01, 0xfc,
    0x80, 0x77, 0x02, 0xfd, 0x02, 0x00, 0x0d, 0xfd, 0x22, 0x1c, 0x17, 0xfc, 0x23, 0x1d, 0x17, 0xfc,
    0x28, 0x21, 0x1c, 0xff, 0x24, 0x1f, 0x1b, 0x8a, 0x00, 0x00, 0x00, 0x00, 0x00, 0x00, 0x00, 0x00,
    0x00, 0x00, 0x00, 0x00, 0x00, 0x00, 0x00, 0x00, 0x38, 0x30, 0x2c, 0x7f, 0x34, 0x2d, 0x28, 0xff,
    0x28, 0x22, 0x1c, 0xfc, 0x28, 0x22, 0x1c, 0xfc, 0x10, 0x0a, 0x18, 0xfd, 0x83, 0x7e, 0x0a, 0xfd,
    0xfe, 0xfe, 0x02, 0xfc, 0xec, 0xe1, 0x00, 0xfc, 0x2d, 0x28, 0x08, 0xfd, 0x06, 0x02, 0x15, 0xfd,
    0x68, 0x63, 0x0b, 0xfd, 0xfe, 0xfe, 0x02, 0xfc, 0xef, 0xe5, 0x01, 0xfc, 0x2f, 0x2b, 0x08, 0xfd,
    0x19, 0x14, 0x16, 0xfd, 0x17, 0x10, 0x17, 0xfc, 0x37, 0x32, 0x18, 0xfd, 0xd2, 0xd0, 0x1c, 0xfd,
    0xfe, 0xfe, 0x08, 0xfc, 0xf5, 0xea, 0x01, 0xfc, 0xef, 0xe5, 0x02, 0xfc, 0xf0, 0xe5, 0x02, 0xfc,
    0xfb, 0xf0, 0x02, 0xfc, 0xfe, 0xfe, 0x04, 0xfc, 0xb7, 0xb4, 0x09, 0xfd, 0x1c, 0x18, 0x11, 0xfc,
    0x18, 0x12, 0x18, 0xfc, 0x28, 0x21, 0x1a, 0xfc, 0x26, 0x20, 0x1a, 0xfc, 0x1a, 0x14, 0x19, 0xfc,
    0x42, 0x3e, 0x12, 0xfd, 0xf8, 0xf2, 0x08, 0xfc, 0xfb, 0xef, 0x01, 0xfc, 0x46, 0x40, 0x03, 0xfd,
    0x03, 0x00, 0x11, 0xfd, 0x40, 0x3c, 0x11, 0xfd, 0xf5, 0xed, 0x07, 0xfd, 0xfe, 0xf3, 0x01, 0xfc,
    0x69, 0x62, 0x02, 0xfd, 0x03, 0x00, 0x0e, 0xfd, 0x22, 0x1c, 0x17, 0xfc, 0x23, 0x1d, 0x18, 0xfc,
    0x28, 0x21, 0x1c, 0xff, 0x24, 0x1f, 0x1b, 0x8a, 0x00, 0x00, 0x00, 0x00, 0x00, 0x00, 0x00, 0x00,
    0x00, 0x00, 0x00, 0x00, 0x00, 0x00, 0x00, 0x00, 0x36, 0x30, 0x2a, 0x7f, 0x33, 0x2c, 0x26, 0xff,
    0x27, 0x21, 0x1b, 0xfd, 0x28, 0x21, 0x1b, 0xfc, 0x13, 0x0d, 0x19, 0xfd, 0x64, 0x60, 0x0c, 0xfd,
    0xfe, 0xfc, 0x02, 0xfc, 0xfc, 0xf3, 0x01, 0xfc, 0x4d, 0x47, 0x07, 0xfd, 0x05, 0x01, 0x14, 0xfc,
    0x3d, 0x38, 0x0d, 0xfd, 0xf7, 0xef, 0x03, 0xfd, 0xfe, 0xfb, 0x02, 0xfc, 0x68, 0x62, 0x05, 0xfd,
    0x04, 0x02, 0x13, 0xfd, 0x4a, 0x46, 0x17, 0xfd, 0xe9, 0xe8, 0x19, 0xfd, 0xfe, 0xfe, 0x04, 0xfc,
    0xe9, 0xdd, 0x01, 0xfc, 0xd8, 0xce, 0x03, 0xfd, 0xfa, 0xf3, 0x02, 0xfc, 0xbc, 0xb2, 0x02, 0xfd,
    0xab, 0xa3, 0x02, 0xfd, 0xfe, 0xfa, 0x03, 0xfc, 0xfe, 0xfe, 0x03, 0xfc, 0xc9, 0xc6, 0x08, 0xfd,
    0x27, 0x22, 0x0f, 0xfd, 0x18, 0x12, 0x18, 0xfc, 0x28, 0x22, 0x19, 0xfc, 0x0e, 0x08, 0x16, 0xfc,
    0x7c, 0x79, 0x10, 0xfd, 0xfe, 0xfe, 0x06, 0xfc, 0xdf, 0xd4, 0x00, 0xfd, 0x1e, 0x1a, 0x05, 0xfd,
    0x06, 0x01, 0x12, 0xfd, 0x63, 0x60, 0x10, 0xfd, 0xfe, 0xfb, 0x06, 0xfc, 0xf8, 0xeb, 0x00, 0xfc,
    0x47, 0x42, 0x02, 0xfd, 0x08, 0x05, 0x0e, 0xfd, 0x22, 0x1c, 0x17, 0xfc, 0x23, 0x1d, 0x17, 0xfc,
    0x27, 0x21, 0x1b, 0xff, 0x23, 0x1d, 0x19, 0x8a, 0x00, 0x00, 0x00, 0x00, 0x00, 0x00, 0x00, 0x00,
    0x00, 0x00, 0x00, 0x00, 0x00, 0x00, 0x00, 0x00, 0x36, 0x2e, 0x2a, 0x7f, 0x32, 0x2b, 0x26, 0xff,
    0x27, 0x21, 0x1b, 0xfd, 0x27, 0x21, 0x1b, 0xfc, 0x1b, 0x15, 0x19, 0xfd, 0x3b, 0x37, 0x0e, 0xfd,
    0xf5, 0xed, 0x03, 0xfd, 0xfe, 0xfd, 0x02, 0xfc, 0x89, 0x83, 0x04, 0xfd, 0x06, 0x02, 0x12, 0xfd,
    0x15, 0x10, 0x11, 0xfd, 0xc9, 0xc2, 0x04, 0xfd, 0xfe, 0xfe, 0x02, 0xfc, 0xca, 0xc2, 0x03, 0xfd,
    0x00, 0x00, 0x0d, 0xfd, 0x94, 0x8f, 0x0e, 0xfd, 0xfe, 0xfe, 0x03, 0xfc, 0xe9, 0xdd, 0x01, 0xfc,
    0x44, 0x3e, 0x01, 0xfd, 0x90, 0x8e, 0x03, 0xfd, 0xfe, 0xfe, 0x03, 0xfc, 0xb3, 0xab, 0x01, 0xfd,
    0x04, 0x03, 0x02, 0xfd, 0xa4, 0x9c, 0x03, 0xfd, 0xfb, 0xf1, 0x02, 0xfc, 0xfe, 0xf9, 0x02, 0xfc,
    0xd6, 0xd3, 0x06, 0xfd, 0x33, 0x2e, 0x0f, 0xfd, 0x18, 0x12, 0x18, 0xfc, 0x1b, 0x16, 0x14, 0xfd,
    0xd6, 0xd2, 0x0f, 0xfd, 0xfe, 0xfe, 0x01, 0xfc, 0xa1, 0x98, 0x01, 0xfd, 0x02, 0x00, 0x09, 0xfd,
    0x0a, 0x04, 0x12, 0xfd, 0xa0, 0x9c, 0x0f, 0xfd, 0xfe, 0xfc, 0x03, 0xfc, 0xe2, 0xd5, 0x01, 0xfd,
    0x1f, 0x1b, 0x03, 0xfd, 0x11, 0x0d, 0x10, 0xfd, 0x22, 0x1d, 0x17, 0xfc, 0x23, 0x1d, 0x17, 0xfc,
    0x27, 0x21, 0x1b, 0xff, 0x22, 0x1d, 0x19, 0x8b, 0x00, 0x00, 0x00, 0x00, 0x00, 0x00, 0x00, 0x00,
    0x00, 0x00, 0x00, 0x00, 0x00, 0x00, 0x00, 0x00, 0x36, 0x2e, 0x2a, 0x7e, 0x33, 0x2c, 0x26, 0xff,
    0x27, 0x21, 0x1c, 0xfd, 0x27, 0x21, 0x1b, 0xfc, 0x23, 0x1d, 0x19, 0xfd, 0x16, 0x12, 0x10, 0xfd,
    0xd0, 0xc9, 0x04, 0xfd, 0xfe, 0xfc, 0x02, 0xfc, 0xd6, 0xcd, 0x02, 0xfd, 0x17, 0x13, 0x0d, 0xfd,
    0x0a, 0x05, 0x15, 0xfd, 0x68, 0x62, 0x08, 0xfd, 0xfe, 0xfe, 0x02, 0xfc, 0xfe, 0xfc, 0x02, 0xfc,
    0x76, 0x71, 0x07, 0xfd, 0x18, 0x13, 0x0b, 0xfd, 0x81, 0x7a, 0x02, 0xfd, 0x34, 0x30, 0x01, 0xfd,
    0x00, 0x00, 0x04, 0xfd, 0x9d, 0x99, 0x06, 0xfd, 0xfe, 0xfe, 0x03, 0xfc, 0xbd, 0xb5, 0x01, 0xfd,
    0x01, 0x00, 0x06, 0xfd, 0x00, 0x00, 0x06, 0xfd, 0xb5, 0xae, 0x08, 0xfd, 0xfa, 0xf2, 0x03, 0xfc,
    0xfe, 0xfe, 0x01, 0xfc, 0x86, 0x7d, 0x05, 0xfd, 0x00, 0x00, 0x12, 0xfd, 0x8d, 0x8a, 0x16, 0xfd,
    0xfe, 0xfe, 0x08, 0xfd, 0xf5, 0xe9, 0x00, 0xfd, 0x3b, 0x35, 0x02, 0xfd, 0x03, 0x00, 0x0e, 0xfd,
    0x26, 0x22, 0x12, 0xfd, 0xe4, 0xdf, 0x0e, 0xfd, 0xfe, 0xf7, 0x01, 0xfc, 0xaf, 0xa5, 0x01, 0xfd,
    0x02, 0x01, 0x06, 0xfd, 0x1b, 0x16, 0x12, 0xfd, 0x23, 0x1d, 0x17, 0xfc, 0x23, 0x1d, 0x18, 0xfc,
    0x27, 0x21, 0x1b, 0xff, 0x24, 0x1f, 0x19, 0x8b, 0x00, 0x00, 0x00, 0x00, 0x00, 0x00, 0x00, 0x00,
    0x00, 0x00, 0x00, 0x00, 0x00, 0x00, 0x00, 0x00, 0x34, 0x2e, 0x2a, 0x7e, 0x32, 0x2b, 0x25, 0xff,
    0x27, 0x20, 0x1b, 0xfd, 0x27, 0x21, 0x1b, 0xfd, 0x26, 0x20, 0x1a, 0xfc, 0x0a, 0x05, 0x14, 0xfd,
    0x85, 0x7e, 0x06, 0xfd, 0xfe, 0xfe, 0x02, 0xfc, 0xfe, 0xf8, 0x01, 0xfc, 0x67, 0x61, 0x07, 0xfd,
    0x08, 0x03, 0x14, 0xfd, 0x13, 0x0e, 0x0f, 0xfd, 0xc3, 0xb9, 0x02, 0xfd, 0xfe, 0xfd, 0x02, 0xfc,
    0xfc, 0xf7, 0x03, 0xfc, 0x5a, 0x57, 0x0a, 0xfd, 0x00, 0x00, 0x0d, 0xfd, 0x08, 0x05, 0x0b, 0xfc,
    0x05, 0x02, 0x0e, 0xfd, 0xa1, 0x9d, 0x07, 0xfd, 0xfe, 0xfe, 0x02, 0xfc, 0xba, 0xb2, 0x01, 0xfd,
    0x00, 0x00, 0x06, 0xfd, 0x62, 0x60, 0x16, 0xfd, 0xe9, 0xe7, 0x10, 0xfc, 0xfe, 0xf7, 0x02, 0xfc,
    0xd5, 0xc9, 0x01, 0xfd, 0x25, 0x21, 0x02, 0xfd, 0x60, 0x5e, 0x12, 0xfd, 0xfe, 0xfd, 0x0f, 0xfc,
    0xfe, 0xfb, 0x00, 0xfc, 0x90, 0x87, 0x01, 0xfd, 0x00, 0x00, 0x06, 0xfd, 0x05, 0x00, 0x0f, 0xfd,
    0x7e, 0x7b, 0x14, 0xfd, 0xfe, 0xfe, 0x08, 0xfc, 0xfd, 0xf0, 0x01, 0xfd, 0x5b, 0x54, 0x01, 0xfd,
    0x00, 0x00, 0x09, 0xfd, 0x1f, 0x1a, 0x14, 0xfc, 0x23, 0x1d, 0x18, 0xfc, 0x23, 0x1d, 0x17, 0xfc,
    0x27, 0x21, 0x1b, 0xff, 0x23, 0x1d, 0x19, 0x8a, 0x00, 0x00, 0x00, 0x00, 0x00, 0x00, 0x00, 0x00,
    0x00, 0x00, 0x00, 0x00, 0x00, 0x00, 0x00, 0x00, 0x34, 0x2e, 0x2a, 0x7f, 0x32, 0x2b, 0x25, 0xff,
    0x26, 0x20, 0x1a, 0xfd, 0x27, 0x21, 0x1b, 0xfc, 0x27, 0x20, 0x1b, 0xfc, 0x1a, 0x15, 0x17, 0xfc,
    0x2b, 0x26, 0x0b, 0xfd, 0xee, 0xe5, 0x02, 0xfd, 0xfd, 0xf4, 0x02, 0xfc, 0xdf, 0xd8, 0x03, 0xfd,
    0x20, 0x1c, 0x0e, 0xfd, 0x0b, 0x07, 0x15, 0xfd, 0x2e, 0x28, 0x0a, 0xfd, 0xe3, 0xd9, 0x02, 0xfd,
    0xfe, 0xfe, 0x02, 0xfc, 0xbd, 0xb4, 0x02, 0xfd, 0x0c, 0x07, 0x0f, 0xfd, 0x21, 0x1b, 0x16, 0xfc,
    0x0e, 0x08, 0x13, 0xfd, 0xa2, 0x9e, 0x08, 0xfd, 0xfe, 0xfe, 0x02, 0xfc, 0xb6, 0xad, 0x02, 0xfc,
    0x70, 0x6f, 0x13, 0xfd, 0xfe, 0xfc, 0x11, 0xfd, 0xfe, 0xfb, 0x00, 0xfc, 0xc9, 0xbd, 0x01, 0xfd,
    0x20, 0x1d, 0x01, 0xfd, 0x00, 0x00, 0x08, 0xfd, 0xc2, 0xbc, 0x09, 0xfd, 0xfe, 0xfe, 0x01, 0xfc,
    0xb8, 0xad, 0x01, 0xfd, 0x0c, 0x0a, 0x03, 0xfd, 0x06, 0x02, 0x0d, 0xfd, 0x2e, 0x2b, 0x14, 0xfd,
    0xeb, 0xe8, 0x13, 0xfd, 0xfe, 0xf4, 0x01, 0xfc, 0xce, 0xc2, 0x01, 0xfd, 0x0d, 0x0b, 0x03, 0xfd,
    0x11, 0x0d, 0x0e, 0xfd, 0x21, 0x1b, 0x16, 0xfc, 0x22, 0x1c, 0x17, 0xfc, 0x22, 0x1c, 0x16, 0xfc,
    0x27, 0x20, 0x1b, 0xff, 0x22, 0x1d, 0x19, 0x8b, 0x00, 0x00, 0x00, 0x00, 0x00, 0x00, 0x00, 0x00,
    0x00, 0x00, 0x00, 0x00, 0x00, 0x00, 0x00, 0x00, 0x32, 0x2c, 0x28, 0x7f, 0x31, 0x2a, 0x24, 0xff,
    0x26, 0x20, 0x1b, 0xfc, 0x27, 0x21, 0x1b, 0xfc, 0x26, 0x20, 0x1a, 0xfc, 0x25, 0x1f, 0x19, 0xfc,
    0x07, 0x03, 0x12, 0xfd, 0x89, 0x80, 0x04, 0xfd, 0xfe, 0xfc, 0x02, 0xfc, 0xfe, 0xf8, 0x02, 0xfd,
    0xac, 0xa7, 0x06, 0xfd, 0x0d, 0x08, 0x12, 0xfd, 0x0b, 0x06, 0x13, 0xfc, 0x37, 0x31, 0x07, 0xfd,
    0x90, 0x8a, 0x01, 0xfd, 0x3a, 0x35, 0x02, 0xfd, 0x10, 0x0c, 0x0e, 0xfd, 0x23, 0x1e, 0x17, 0xfc,
    0x0f, 0x0a, 0x15, 0xfc, 0xa2, 0x9e, 0x08, 0xfd, 0xfe, 0xf8, 0x01, 0xfc, 0xec, 0xe4, 0x07, 0xfc,
    0xfe, 0xf7, 0x0e, 0xfc, 0xfe, 0xf8, 0x00, 0xfc, 0xba, 0xae, 0x01, 0xfd, 0x16, 0x13, 0x01, 0xfd,
    0x01, 0x00, 0x08, 0xfd, 0x13, 0x0f, 0x10, 0xfd, 0x3c, 0x36, 0x0a, 0xfd, 0x70, 0x6a, 0x01, 0xfd,
    0x16, 0x13, 0x03, 0xfd, 0x04, 0x01, 0x0b, 0xfd, 0x12, 0x0d, 0x10, 0xfd, 0xbf, 0xbc, 0x19, 0xfd,
    0xfe, 0xf9, 0x06, 0xfc, 0xfd, 0xef, 0x01, 0xfc, 0x58, 0x51, 0x01, 0xfd, 0x00, 0x00, 0x07, 0xfd,
    0x1c, 0x17, 0x12, 0xfd, 0x22, 0x1c, 0x16, 0xfc, 0x22, 0x1c, 0x17, 0xfc, 0x22, 0x1c, 0x17, 0xfc,
    0x26, 0x20, 0x1b, 0xff, 0x22, 0x1d, 0x19, 0x8b, 0x00, 0x00, 0x00, 0x00, 0x00, 0x00, 0x00, 0x00,
    0x00, 0x00, 0x00, 0x00, 0x00, 0x00, 0x00, 0x00, 0x32, 0x2c, 0x28, 0x7f, 0x31, 0x2a, 0x24, 0xff,
    0x26, 0x20, 0x1b, 0xfc, 0x26, 0x20, 0x1b, 0xfc, 0x25, 0x1f, 0x1a, 0xfc, 0x26, 0x20, 0x1a, 0xfc,
    0x1c, 0x17, 0x17, 0xfc, 0x15, 0x11, 0x0b, 0xfd, 0xd3, 0xc8, 0x02, 0xfd, 0xfd, 0xf3, 0x02, 0xfc,
    0xfe, 0xfb, 0x03, 0xfc, 0x93, 0x8f, 0x09, 0xfd, 0x0c, 0x06, 0x12, 0xfc, 0x0e, 0x0a, 0x13, 0xfc,
    0x04, 0x00, 0x0d, 0xfd, 0x0c, 0x09, 0x0d, 0xfd, 0x20, 0x1b, 0x14, 0xfc, 0x24, 0x1e, 0x18, 0xfc,
    0x0f, 0x0a, 0x15, 0xfc, 0xa2, 0x9e, 0x09, 0xfd, 0xfe, 0xf7, 0x02, 0xfc, 0xf3, 0xe9, 0x02, 0xfb,
    0xfe, 0xf6, 0x01, 0xfc, 0xa9, 0x9d, 0x01, 0xfd, 0x0c, 0x0a, 0x01, 0xfd, 0x04, 0x02, 0x09, 0xfd,
    0x1c, 0x17, 0x11, 0xfc, 0x22, 0x1d, 0x15, 0xfc, 0x16, 0x11, 0x13, 0xfc, 0x05, 0x02, 0x0e, 0xfd,
    0x0a, 0x05, 0x0e, 0xfd, 0x0f, 0x0a, 0x10, 0xfd, 0xa7, 0xa5, 0x1b, 0xfd, 0xfe, 0xfc, 0x0a, 0xfc,
    0xfe, 0xf2, 0x00, 0xfc, 0xa3, 0x99, 0x01, 0xfd, 0x00, 0x00, 0x03, 0xfd, 0x13, 0x0f, 0x0d, 0xfd,
    0x1f, 0x1a, 0x15, 0xfc, 0x22, 0x1c, 0x17, 0xfc, 0x22, 0x1c, 0x17, 0xfc, 0x22, 0x1c, 0x17, 0xfc,
    0x25, 0x1f, 0x1a, 0xff, 0x22, 0x1d, 0x19, 0x8b, 0x00, 0x00, 0x00, 0x00, 0x00, 0x00, 0x00, 0x00,
    0x00, 0x00, 0x00, 0x00, 0x00, 0x00, 0x00, 0x00, 0x30, 0x28, 0x26, 0x7e, 0x2f, 0x29, 0x24, 0xff,
    0x25, 0x1f, 0x1a, 0xfc, 0x25, 0x1f, 0x1a, 0xfc, 0x25, 0x1f, 0x1a, 0xfc, 0x26, 0x20, 0x1a, 0xfc,
    0x25, 0x1f, 0x18, 0xfc, 0x0d, 0x09, 0x13, 0xfc, 0x38, 0x32, 0x07, 0xfd, 0xf0, 0xe6, 0x01, 0xfc,
    0xf9, 0xee, 0x02, 0xfc, 0xfe, 0xfb, 0x03, 0xfc, 0x9f, 0x9c, 0x0a, 0xfd, 0x17, 0x12, 0x12, 0xfd,
    0x12, 0x0d, 0x16, 0xfc, 0x23, 0x1d, 0x17, 0xfc, 0x24, 0x1e, 0x17, 0xfc, 0x24, 0x1e, 0x17, 0xfc,
    0x0d, 0x08, 0x14, 0xfc, 0xaa, 0xa5, 0x08, 0xfd, 0xfe, 0xfe, 0x02, 0xfc, 0xfe, 0xf4, 0x02, 0xfc,
    0x95, 0x8b, 0x01, 0xfd, 0x03, 0x02, 0x02, 0xfd, 0x08, 0x05, 0x09, 0xfd, 0x1c, 0x17, 0x11, 0xfd,
    0x22, 0x1c, 0x15, 0xfc, 0x24, 0x1e, 0x17, 0xfc, 0x22, 0x1c, 0x17, 0xfc, 0x0f, 0x0a, 0x14, 0xfc,
    0x21, 0x1c, 0x14, 0xfd, 0xb3, 0xb1, 0x1d, 0xfd, 0xfe, 0xfc, 0x0d, 0xfc, 0xfc, 0xf0, 0x00, 0xfc,
    0xcc, 0xbf, 0x01, 0xfd, 0x13, 0x11, 0x01, 0xfd, 0x07, 0x05, 0x09, 0xfd, 0x1d, 0x18, 0x12, 0xfd,
    0x21, 0x1b, 0x15, 0xfc, 0x22, 0x1c, 0x17, 0xfc, 0x22, 0x1c, 0x17, 0xfc, 0x21, 0x1b, 0x16, 0xfc,
    0x25, 0x1f, 0x1a, 0xff, 0x22, 0x1d, 0x17, 0x8b, 0x00, 0x00, 0x00, 0x00, 0x00, 0x00, 0x00, 0x00,
    0x00, 0x00, 0x00, 0x00, 0x00, 0x00, 0x00, 0x00, 0x2c, 0x27, 0x23, 0x73, 0x2f, 0x28, 0x23, 0xff,
    0x26, 0x1f, 0x1a, 0xfc, 0x26, 0x1f, 0x1a, 0xfc, 0x25, 0x1f, 0x1a, 0xfc, 0x25, 0x1f, 0x19, 0xfc,
    0x25, 0x1f, 0x19, 0xfc, 0x23, 0x1e, 0x17, 0xfc, 0x05, 0x02, 0x10, 0xfd, 0x4c, 0x46, 0x04, 0xfd,
    0xf5, 0xea, 0x02, 0xfc, 0xf9, 0xee, 0x01, 0xfc, 0xfe, 0xfa, 0x03, 0xfc, 0xca, 0xc7, 0x09, 0xfd,
    0x46, 0x42, 0x0f, 0xfd, 0x0d, 0x08, 0x14, 0xfc, 0x16, 0x10, 0x17, 0xfc, 0x22, 0x1c, 0x18, 0xfc,
    0x14, 0x0f, 0x16, 0xfc, 0x67, 0x61, 0x08, 0xfd, 0xde, 0xda, 0x01, 0xfd, 0x7e, 0x75, 0x01, 0xfd,
    0x00, 0x00, 0x02, 0xfd, 0x0b, 0x08, 0x0a, 0xfd, 0x1e, 0x18, 0x12, 0xfd, 0x23, 0x1d, 0x16, 0xfc,
    0x20, 0x1a, 0x16, 0xfc, 0x14, 0x0e, 0x15, 0xfc, 0x10, 0x0b, 0x13, 0xfd, 0x56, 0x53, 0x1a, 0xfd,
    0xd9, 0xd7, 0x1f, 0xfd, 0xfe, 0xf9, 0x09, 0xfc, 0xfb, 0xee, 0x00, 0xfc, 0xd3, 0xc6, 0x02, 0xfd,
    0x24, 0x21, 0x01, 0xfd, 0x00, 0x00, 0x06, 0xfd, 0x1a, 0x15, 0x10, 0xfd, 0x20, 0x1b, 0x15, 0xfc,
    0x21, 0x1b, 0x16, 0xfc, 0x21, 0x1b, 0x16, 0xfc, 0x22, 0x1c, 0x16, 0xfc, 0x21, 0x1b, 0x16, 0xfc,
    0x26, 0x20, 0x1a, 0xff, 0x1f, 0x1b, 0x17, 0x81, 0x00, 0x00, 0x00, 0x00, 0x00, 0x00, 0x00, 0x00,
    0x00, 0x00, 0x00, 0x00, 0x00, 0x00, 0x00, 0x00, 0x27, 0x21, 0x1e, 0x55, 0x2d, 0x27, 0x23, 0xff,
    0x26, 0x20, 0x1b, 0xfd, 0x25, 0x1f, 0x1a, 0xfc, 0x25, 0x1f, 0x19, 0xfc, 0x25, 0x1e, 0x19, 0xfc,
    0x24, 0x1e, 0x19, 0xfc, 0x25, 0x1e, 0x19, 0xfc, 0x21, 0x1c, 0x16, 0xfd, 0x03, 0x00, 0x0e, 0xfd,
    0x44, 0x3f, 0x04, 0xfd, 0xe4, 0xd9, 0x02, 0xfd, 0xfe, 0xf3, 0x02, 0xfc, 0xfc, 0xf3, 0x02, 0xfc,
    0xf7, 0xf2, 0x06, 0xfd, 0xa6, 0xa3, 0x0c, 0xfd, 0x49, 0x45, 0x12, 0xfd, 0x1a, 0x15, 0x14, 0xfd,
    0x0f, 0x0a, 0x16, 0xfc, 0x03, 0x00, 0x10, 0xfc, 0x09, 0x05, 0x06, 0xfd, 0x00, 0x00, 0x05, 0xfd,
    0x06, 0x02, 0x0c, 0xfd, 0x10, 0x0b, 0x12, 0xfd, 0x10, 0x0a, 0x14, 0xfc, 0x10, 0x0a, 0x14, 0xfc,
    0x1f, 0x1a, 0x15, 0xfd, 0x55, 0x52, 0x1a, 0xfd, 0xb5, 0xb2, 0x1d, 0xfd, 0xfc, 0xf7, 0x14, 0xfd,
    0xfc, 0xf2, 0x03, 0xfc, 0xfe, 0xf1, 0x00, 0xfc, 0xc1, 0xb4, 0x01, 0xfd, 0x20, 0x1d, 0x00, 0xfd,
    0x00, 0x00, 0x06, 0xfd, 0x18, 0x14, 0x0f, 0xfd, 0x1f, 0x1a, 0x14, 0xfc, 0x21, 0x1b, 0x16, 0xfc,
    0x21, 0x1b, 0x16, 0xfc, 0x21, 0x1b, 0x16, 0xfc, 0x21, 0x1b, 0x16, 0xfc, 0x20, 0x1b, 0x15, 0xfc,
    0x26, 0x1f, 0x1a, 0xff, 0x1c, 0x17, 0x14, 0x63, 0x00, 0x00, 0x00, 0x00, 0x00, 0x00, 0x00, 0x00,
    0x00, 0x00, 0x00, 0x00, 0x00, 0x00, 0x00, 0x00, 0x1e, 0x16, 0x16, 0x22, 0x29, 0x23, 0x1f, 0xfc,
    0x27, 0x21, 0x1c, 0xff, 0x25, 0x1f, 0x19, 0xfc, 0x25, 0x1f, 0x1a, 0xfc, 0x25, 0x1f, 0x19, 0xfc,
    0x24, 0x1e, 0x18, 0xfc, 0x24, 0x1e, 0x18, 0xfc, 0x24, 0x1e, 0x18, 0xfc, 0x20, 0x1b, 0x15, 0xfd,
    0x03, 0x00, 0x0d, 0xfd, 0x26, 0x22, 0x04, 0xfd, 0xb7, 0xad, 0x02, 0xfd, 0xfe, 0xf3, 0x02, 0xfc,
    0xfa, 0xef, 0x01, 0xfc, 0xfe, 0xf7, 0x03, 0xfc, 0xf8, 0xf2, 0x08, 0xfd, 0xcc, 0xc8, 0x0d, 0xfd,
    0x97, 0x94, 0x11, 0xfd, 0x6c, 0x69, 0x12, 0xfd, 0x4a, 0x48, 0x10, 0xfd, 0x42, 0x40, 0x0f, 0xfd,
    0x48, 0x45, 0x11, 0xfd, 0x59, 0x56, 0x15, 0xfd, 0x75, 0x72, 0x17, 0xfd, 0xa1, 0x9e, 0x19, 0xfd,
    0xd5, 0xd1, 0x18, 0xfd, 0xfd, 0xf7, 0x12, 0xfd, 0xfe, 0xf6, 0x05, 0xfc, 0xfb, 0xee, 0x00, 0xfc,
    0xf1, 0xe3, 0x01, 0xfd, 0x8f, 0x85, 0x01, 0xfd, 0x0c, 0x0a, 0x01, 0xfd, 0x00, 0x00, 0x06, 0xfd,
    0x18, 0x13, 0x0e, 0xfd, 0x1e, 0x19, 0x13, 0xfc, 0x21, 0x1b, 0x16, 0xfc, 0x21, 0x1b, 0x15, 0xfc,
    0x21, 0x1b, 0x16, 0xfc, 0x21, 0x1b, 0x16, 0xfc, 0x20, 0x1b, 0x15, 0xfd, 0x22, 0x1c, 0x16, 0xfe,
    0x21, 0x1c, 0x17, 0xfe, 0x11, 0x11, 0x0b, 0x2b, 0x00, 0x00, 0x00, 0x00, 0x00, 0x00, 0x00, 0x00,
    0x00, 0x00, 0x00, 0x00, 0x00, 0x00, 0x00, 0x00, 0x00, 0x00, 0x00, 0x00, 0x24, 0x1e, 0x19, 0xbf,
    0x2b, 0x24, 0x1f, 0xff, 0x24, 0x1e, 0x19, 0xfc, 0x24, 0x1e, 0x19, 0xfc, 0x24, 0x1e, 0x18, 0xfc,
    0x24, 0x1e, 0x18, 0xfc, 0x24, 0x1e, 0x18, 0xfc, 0x24, 0x1e, 0x18, 0xfc, 0x23, 0x1e, 0x18, 0xfc,
    0x20, 0x1b, 0x15, 0xfc, 0x0b, 0x08, 0x0f, 0xfd, 0x06, 0x03, 0x07, 0xfd, 0x61, 0x5a, 0x02, 0xfd,
    0xcf, 0xc5, 0x02, 0xfd, 0xfc, 0xf0, 0x02, 0xfc, 0xfc, 0xf1, 0x01, 0xfc, 0xfe, 0xf3, 0x02, 0xfc,
    0xfe, 0xf9, 0x04, 0xfc, 0xfe, 0xfa, 0x06, 0xfc, 0xfd, 0xf6, 0x09, 0xfc, 0xf8, 0xf2, 0x0a, 0xfd,
    0xf7, 0xf1, 0x0a, 0xfd, 0xfd, 0xf6, 0x0a, 0xfc, 0xfe, 0xfa, 0x09, 0xfd, 0xfe, 0xf8, 0x05, 0xfc,
    0xfe, 0xf2, 0x01, 0xfc, 0xfd, 0xf0, 0x00, 0xfc, 0xf3, 0xe5, 0x01, 0xfc, 0xb5, 0xa9, 0x02, 0xfd,
    0x40, 0x3a, 0x00, 0xfd, 0x00, 0x00, 0x02, 0xfd, 0x08, 0x05, 0x08, 0xfd, 0x19, 0x14, 0x0f, 0xfd,
    0x1f, 0x19, 0x14, 0xfc, 0x20, 0x1b, 0x15, 0xfc, 0x20, 0x1b, 0x15, 0xfc, 0x21, 0x1b, 0x16, 0xfc,
    0x21, 0x1b, 0x16, 0xfc, 0x20, 0x1a, 0x15, 0xfc, 0x20, 0x1a, 0x15, 0xfc, 0x25, 0x1f, 0x1a, 0xff,
    0x1a, 0x15, 0x11, 0xc7, 0x00, 0x00, 0x00, 0x00, 0x00, 0x00, 0x00, 0x00, 0x00, 0x00, 0x00, 0x00,
    0x00, 0x00, 0x00, 0x00, 0x00, 0x00, 0x00, 0x00, 0x00, 0x00, 0x00, 0x00, 0x1a, 0x12, 0x0f, 0x44,
    0x27, 0x21, 0x1d, 0xff, 0x26, 0x20, 0x1b, 0xfe, 0x24, 0x1e, 0x18, 0xfc, 0x24, 0x1e, 0x19, 0xfd,
    0x24, 0x1e, 0x19, 0xfc, 0x23, 0x1d, 0x18, 0xfc, 0x23, 0x1d, 0x18, 0xfc, 0x24, 0x1e, 0x18, 0xfc,
    0x23, 0x1d, 0x18, 0xfc, 0x22, 0x1c, 0x16, 0xfc, 0x18, 0x13, 0x11, 0xfd, 0x00, 0x00, 0x0a, 0xfd,
    0x10, 0x0d, 0x05, 0xfd, 0x58, 0x52, 0x02, 0xfd, 0xaa, 0xa0, 0x01, 0xfd, 0xdd, 0xd1, 0x02, 0xfd,
    0xf4, 0xe8, 0x02, 0xfc, 0xfa, 0xed, 0x01, 0xfc, 0xfc, 0xf0, 0x01, 0xfc, 0xfd, 0xf0, 0x01, 0xfc,
    0xfc, 0xef, 0x00, 0xfc, 0xfb, 0xed, 0x00, 0xfc, 0xf8, 0xeb, 0x00, 0xfd, 0xee, 0xe0, 0x01, 0xfc,
    0xd1, 0xc4, 0x02, 0xfc, 0x94, 0x8a, 0x01, 0xfd, 0x41, 0x3b, 0x00, 0xfd, 0x01, 0x00, 0x02, 0xfd,
    0x00, 0x00, 0x06, 0xfd, 0x12, 0x0e, 0x0c, 0xfd, 0x1b, 0x17, 0x11, 0xfd, 0x1f, 0x1a, 0x14, 0xfc,
    0x20, 0x1b, 0x15, 0xfc, 0x20, 0x1b, 0x15, 0xfc, 0x20, 0x1b, 0x15, 0xfc, 0x21, 0x1b, 0x16, 0xfc,
    0x21, 0x1b, 0x16, 0xfc, 0x20, 0x1b, 0x15, 0xfc, 0x23, 0x1d, 0x18, 0xfd, 0x21, 0x1b, 0x17, 0xff,
    0x0d, 0x0d, 0x0a, 0x4a, 0x00, 0x00, 0x00, 0x00, 0x00, 0x00, 0x00, 0x00, 0x00, 0x00, 0x00, 0x00,
    0x00, 0x00, 0x00, 0x00, 0x00, 0x00, 0x00, 0x00, 0x00, 0x00, 0x00, 0x00, 0x00, 0x00, 0x00, 0x00,
    0x1b, 0x16, 0x13, 0x9d, 0x29, 0x23, 0x1e, 0xff, 0x26, 0x20, 0x1b, 0xfc, 0x24, 0x1e, 0x19, 0xfc,
    0x23, 0x1e, 0x18, 0xfc, 0x23, 0x1d, 0x17, 0xfc, 0x23, 0x1d, 0x18, 0xfc, 0x24, 0x1e, 0x18, 0xfc,
    0x23, 0x1d, 0x18, 0xfc, 0x23, 0x1d, 0x17, 0xfc, 0x22, 0x1c, 0x16, 0xfc, 0x1f, 0x1a, 0x14, 0xfc,
    0x14, 0x10, 0x10, 0xfd, 0x01, 0x00, 0x0a, 0xfd, 0x00, 0x00, 0x06, 0xfd, 0x1c, 0x19, 0x03, 0xfd,
    0x42, 0x3d, 0x02, 0xfd, 0x64, 0x5d, 0x01, 0xfd, 0x7b, 0x74, 0x01, 0xfd, 0x88, 0x7e, 0x01, 0xfd,
    0x85, 0x7b, 0x01, 0xfd, 0x74, 0x6b, 0x00, 0xfd, 0x59, 0x52, 0x00, 0xfd, 0x35, 0x30, 0x01, 0xfd,
    0x10, 0x0d, 0x01, 0xfd, 0x00, 0x00, 0x03, 0xfd, 0x00, 0x00, 0x07, 0xfd, 0x10, 0x0c, 0x0b, 0xfd,
    0x19, 0x14, 0x10, 0xfc, 0x1e, 0x18, 0x13, 0xfc, 0x20, 0x1b, 0x15, 0xfc, 0x21, 0x1b, 0x16, 0xfc,
    0x20, 0x1a, 0x15, 0xfc, 0x1f, 0x1a, 0x15, 0xfc, 0x20, 0x1b, 0x15, 0xfc, 0x21, 0x1b, 0x16, 0xfc,
    0x20, 0x1a, 0x15, 0xfd, 0x22, 0x1d, 0x17, 0xfc, 0x23, 0x1e, 0x18, 0xff, 0x13, 0x0f, 0x0b, 0xa1,
    0x00, 0x00, 0x00, 0x00, 0x00, 0x00, 0x00, 0x00, 0x00, 0x00, 0x00, 0x00, 0x00, 0x00, 0x00, 0x00,
    0x00, 0x00, 0x00, 0x00, 0x00, 0x00, 0x00, 0x00, 0x00, 0x00, 0x00, 0x00, 0x00, 0x00, 0x00, 0x00,
    0x00, 0x00, 0x00, 0x07, 0x1c, 0x16, 0x14, 0xbf, 0x28, 0x22, 0x1e, 0xff, 0x27, 0x21, 0x1c, 0xfd,
    0x23, 0x1d, 0x18, 0xfc, 0x23, 0x1d, 0x18, 0xfc, 0x23, 0x1d, 0x18, 0xfd, 0x22, 0x1d, 0x17, 0xfd,
    0x23, 0x1d, 0x17, 0xfc, 0x23, 0x1d, 0x18, 0xfc, 0x23, 0x1d, 0x17, 0xfc, 0x21, 0x1c, 0x16, 0xfc,
    0x21, 0x1c, 0x16, 0xfc, 0x1f, 0x1a, 0x14, 0xfc, 0x19, 0x15, 0x11, 0xfd, 0x0e, 0x0b, 0x0d, 0xfd,
    0x03, 0x00, 0x0a, 0xfd, 0x00, 0x00, 0x07, 0xfd, 0x00, 0x00, 0x06, 0xfd, 0x00, 0x00, 0x05, 0xfd,
    0x00, 0x00, 0x05, 0xfd, 0x00, 0x00, 0x05, 0xfd, 0x00, 0x00, 0x06, 0xfd, 0x02, 0x00, 0x08, 0xfd,
    0x0d, 0x0a, 0x0b, 0xfd, 0x16, 0x12, 0x0e, 0xfd, 0x1b, 0x16, 0x11, 0xfd, 0x1e, 0x18, 0x13, 0xfd,
    0x1f, 0x1a, 0x15, 0xfc, 0x20, 0x1b, 0x15, 0xfc, 0x20, 0x1b, 0x15, 0xfc, 0x20, 0x1b, 0x15, 0xfc,
    0x1f, 0x1a, 0x15, 0xfd, 0x20, 0x1a, 0x15, 0xfd, 0x20, 0x1a, 0x15, 0xfc, 0x20, 0x1b, 0x15, 0xfc,
    0x23, 0x1e, 0x18, 0xfe, 0x21, 0x1c, 0x17, 0xff, 0x11, 0x0e, 0x0a, 0xbe, 0x00, 0x00, 0x00, 0x08,
    0x00, 0x00, 0x00, 0x00, 0x00, 0x00, 0x00, 0x00, 0x00, 0x00, 0x00, 0x00, 0x00, 0x00, 0x00, 0x00,
    0x00, 0x00, 0x00, 0x00, 0x00, 0x00, 0x00, 0x00, 0x00, 0x00, 0x00, 0x00, 0x00, 0x00, 0x00, 0x00,
    0x00, 0x00, 0x00, 0x00, 0x00, 0x00, 0x00, 0x0a, 0x16, 0x13, 0x10, 0xa8, 0x22, 0x1d, 0x19, 0xff,
    0x27, 0x21, 0x1c, 0xff, 0x25, 0x20, 0x1a, 0xfe, 0x24, 0x1e, 0x19, 0xfd, 0x23, 0x1d, 0x18, 0xfd,
    0x23, 0x1d, 0x18, 0xfc, 0x23, 0x1d, 0x18, 0xfc, 0x22, 0x1c, 0x17, 0xfc, 0x22, 0x1c, 0x17, 0xfd,
    0x23, 0x1d, 0x18, 0xfc, 0x22, 0x1c, 0x17, 0xfc, 0x21, 0x1c, 0x16, 0xfc, 0x20, 0x1b, 0x15, 0xfc,
    0x1e, 0x19, 0x14, 0xfc, 0x1c, 0x18, 0x12, 0xfc, 0x1b, 0x16, 0x11, 0xfd, 0x1a, 0x15, 0x10, 0xfd,
    0x19, 0x15, 0x10, 0xfd, 0x1a, 0x15, 0x10, 0xfd, 0x1b, 0x16, 0x11, 0xfd, 0x1d, 0x18, 0x12, 0xfd,
    0x1f, 0x19, 0x14, 0xfd, 0x20, 0x1a, 0x15, 0xfd, 0x21, 0x1b, 0x16, 0xfd, 0x21, 0x1b, 0x15, 0xfc,
    0x21, 0x1b, 0x16, 0xfc, 0x21, 0x1b, 0x16, 0xfd, 0x20, 0x1a, 0x15, 0xfd, 0x20, 0x1b, 0x15, 0xfd,
    0x20, 0x1a, 0x15, 0xfd, 0x21, 0x1b, 0x16, 0xfd, 0x22, 0x1c, 0x17, 0xfe, 0x23, 0x1d, 0x18, 0xff,
    0x1c, 0x17, 0x13, 0xff, 0x0f, 0x0c, 0x09, 0xa2, 0x00, 0x00, 0x00, 0x08, 0x00, 0x00, 0x00, 0x00,
    0x00, 0x00, 0x00, 0x00, 0x00, 0x00, 0x00, 0x00, 0x00, 0x00, 0x00, 0x00, 0x00, 0x00, 0x00, 0x00,
    0x00, 0x00, 0x00, 0x00, 0x00, 0x00, 0x00, 0x00, 0x00, 0x00, 0x00, 0x00, 0x00, 0x00, 0x00, 0x00,
    0x00, 0x00, 0x00, 0x00, 0x00, 0x00, 0x00, 0x00, 0x00, 0x00, 0x00, 0x00, 0x0e, 0x0b, 0x08, 0x5b,
    0x17, 0x13, 0x0f, 0xd1, 0x1d, 0x19, 0x14, 0xff, 0x23, 0x1d, 0x18, 0xff, 0x25, 0x1f, 0x1a, 0xff,
    0x25, 0x1f, 0x19, 0xff, 0x24, 0x1e, 0x19, 0xff, 0x24, 0x1e, 0x19, 0xff, 0x25, 0x1f, 0x19, 0xff,
    0x25, 0x1f, 0x19, 0xff, 0x24, 0x1e, 0x19, 0xff, 0x24, 0x1e, 0x19, 0xff, 0x24, 0x1e, 0x19, 0xff,
    0x24, 0x1e, 0x18, 0xff, 0x24, 0x1e, 0x18, 0xff, 0x24, 0x1e, 0x18, 0xff, 0x23, 0x1e, 0x18, 0xff,
    0x23, 0x1d, 0x18, 0xff, 0x23, 0x1d, 0x18, 0xff, 0x23, 0x1d, 0x17, 0xff, 0x24, 0x1e, 0x18, 0xff,
    0x23, 0x1d, 0x18, 0xff, 0x23, 0x1e, 0x18, 0xff, 0x23, 0x1e, 0x18, 0xff, 0x23, 0x1d, 0x18, 0xff,
    0x23, 0x1d, 0x18, 0xff, 0x22, 0x1c, 0x17, 0xff, 0x23, 0x1d, 0x17, 0xff, 0x22, 0x1d, 0x17, 0xff,
    0x21, 0x1c, 0x17, 0xff, 0x1f, 0x1a, 0x15, 0xff, 0x1a, 0x15, 0x11, 0xff, 0x12, 0x0f, 0x0b, 0xca,
    0x09, 0x06, 0x03, 0x54, 0x00, 0x00, 0x00, 0x00, 0x00, 0x00, 0x00, 0x00, 0x00, 0x00, 0x00, 0x00,
    0x00, 0x00, 0x00, 0x00, 0x00, 0x00, 0x00, 0x00, 0x00, 0x00, 0x00, 0x00, 0x00, 0x00, 0x00, 0x00,
    0x00, 0x00, 0x00, 0x00, 0x00, 0x00, 0x00, 0x00, 0x00, 0x00, 0x00, 0x00, 0x00, 0x00, 0x00, 0x00,
    0x00, 0x00, 0x00, 0x00, 0x00, 0x00, 0x00, 0x00, 0x00, 0x00, 0x00, 0x00, 0x00, 0x00, 0x00, 0x00,
    0x00, 0x00, 0x00, 0x01, 0x08, 0x08, 0x04, 0x3e, 0x11, 0x0c, 0x0a, 0x77, 0x12, 0x0e, 0x0b, 0x9b,
    0x13, 0x10, 0x0c, 0xa9, 0x13, 0x10, 0x0c, 0xa9, 0x13, 0x10, 0x0c, 0xa9, 0x13, 0x10, 0x0c, 0xa8,
    0x13, 0x10, 0x0c, 0xa8, 0x13, 0x10, 0x0c, 0xa9, 0x13, 0x0f, 0x0c, 0xa8, 0x13, 0x10, 0x0c, 0xa8,
    0x13, 0x10, 0x0c, 0xa8, 0x13, 0x10, 0x0c, 0xa8, 0x13, 0x0f, 0x0c, 0xa8, 0x13, 0x0f, 0x0c, 0xa7,
    0x13, 0x0f, 0x0c, 0xa7, 0x13, 0x0f, 0x0c, 0xa7, 0x13, 0x0f, 0x0c, 0xa7, 0x13, 0x0f, 0x0c, 0xa7,
    0x12, 0x0f, 0x0c, 0xa7, 0x13, 0x0f, 0x0c, 0xa7, 0x13, 0x0f, 0x0c, 0xa7, 0x12, 0x0f, 0x0c, 0xa7,
    0x13, 0x0f, 0x0c, 0xa7, 0x12, 0x0f, 0x0c, 0xa7, 0x12, 0x0f, 0x0c, 0xa7, 0x12, 0x0f, 0x0c, 0xa6,
    0x10, 0x0d, 0x0a, 0x97, 0x0d, 0x09, 0x06, 0x71, 0x04, 0x04, 0x00, 0x36, 0x00, 0x00, 0x00, 0x00,
    0x00, 0x00, 0x00, 0x00, 0x00, 0x00, 0x00, 0x00, 0x00, 0x00, 0x00, 0x00, 0x00, 0x00, 0x00, 0x00,
    0x00, 0x00, 0x00, 0x00, 0x00, 0x00, 0x00, 0x00, 0x00, 0x00, 0x00, 0x00, 0x00, 0x00, 0x00, 0x00,
    0x00, 0x00, 0x00, 0x00, 0x00, 0x00, 0x00, 0x00, 0x00, 0x00, 0x00, 0x00, 0x00, 0x00, 0x00, 0x00,
    0x00, 0x00, 0x00, 0x00, 0x00, 0x00, 0x00, 0x00, 0x00, 0x00, 0x00, 0x00, 0x00, 0x00, 0x00, 0x00,
    0x00, 0x00, 0x00, 0x00, 0x00, 0x00, 0x00, 0x00, 0x00, 0x00, 0x00, 0x00, 0x00, 0x00, 0x00, 0x00,
    0x00, 0x00, 0x00, 0x00, 0x00, 0x00, 0x00, 0x00, 0x00, 0x00, 0x00, 0x00, 0x00, 0x00, 0x00, 0x00,
    0x00, 0x00, 0x00, 0x00, 0x00, 0x00, 0x00, 0x00, 0x00, 0x00, 0x00, 0x00, 0x00, 0x00, 0x00, 0x00,
    0x00, 0x00, 0x00, 0x00, 0x00, 0x00, 0x00, 0x00, 0x00, 0x00, 0x00, 0x00, 0x00, 0x00, 0x00, 0x00,
    0x00, 0x00, 0x00, 0x00, 0x00, 0x00, 0x00, 0x00, 0x00, 0x00, 0x00, 0x00, 0x00, 0x00, 0x00, 0x00,
    0x00, 0x00, 0x00, 0x00, 0x00, 0x00, 0x00, 0x00, 0x00, 0x00, 0x00, 0x00, 0x00, 0x00, 0x00, 0x00,
    0x00, 0x00, 0x00, 0x00, 0x00, 0x00, 0x00, 0x00, 0x00, 0x00, 0x00, 0x00, 0x00, 0x00, 0x00, 0x00,
    0x00, 0x00, 0x00, 0x00, 0x00, 0x00, 0x00, 0x00, 0x00, 0x00, 0x00, 0x00, 0x00, 0x00, 0x00, 0x00,
    0x00, 0x00, 0x00, 0x00, 0x00, 0x00, 0x00, 0x00, 0x00, 0x00, 0x00, 0x00, 0x00, 0x00, 0x00, 0x00,
    0x00, 0x00, 0x00, 0x00, 0x00, 0x00, 0x00, 0x00, 0x00, 0x00, 0x00, 0x00, 0x00, 0x00, 0x00, 0x00,
    0x00, 0x00, 0x00, 0x00, 0x00, 0x00, 0x00, 0x00, 0x00, 0x00, 0x00, 0x00, 0x00, 0x00, 0x00, 0x00,
    0x00, 0x00, 0x00, 0x00, 0x00, 0x00, 0x00, 0x00, 0x00, 0x00, 0x00, 0x00, 0x00, 0x00, 0x00, 0x00,
    0x00, 0x00, 0x00, 0x00, 0x00, 0x00, 0x00, 0x00, 0x00, 0x00, 0x00, 0x00, 0x00, 0x00, 0x00, 0x00,
    0x00, 0x00, 0x00, 0x00, 0x00, 0x00, 0x00, 0x00, 0x00, 0x00, 0x00, 0x00, 0x00, 0x00, 0x00, 0x00,
    0x00, 0x00, 0x00, 0x00, 0x00, 0x00, 0x00, 0x00, 0x00, 0x00, 0x00, 0x00, 0x00, 0x00, 0x00, 0x00,
    0x00, 0x00, 0x00, 0x00, 0x00, 0x00, 0x00, 0x00, 0x00, 0x00, 0x00, 0x00, 0x00, 0x00, 0x00, 0x00,
    0x00, 0x00, 0x00, 0x00, 0x00, 0x00, 0x00, 0x00, 0x00, 0x00, 0x00, 0x00, 0x00, 0x00, 0x00, 0x00,
    0x00, 0x00, 0x00, 0x00, 0x00, 0x00, 0x00, 0x00, 0x00, 0x00, 0x00, 0x00, 0x00, 0x00, 0x00, 0x00,
    0x00, 0x00, 0x00, 0x00, 0x00, 0x00, 0x00, 0x00, 0x00, 0x00, 0x00, 0x00, 0x00, 0x00, 0x00, 0x00,
    0x00, 0x00, 0x00, 0x00, 0x00, 0x00, 0x00, 0x00, 0x00, 0x00, 0x00, 0x00, 0x00, 0x00, 0x00, 0x00,
    0x00, 0x00, 0x00, 0x00, 0x00, 0x00, 0x00, 0x00, 0x00, 0x00, 0x00, 0x00, 0x00, 0x00, 0x00, 0x00,
    0x00, 0x00, 0x00, 0x00, 0x00, 0x00, 0x00, 0x00, 0x00, 0x00, 0x00, 0x00, 0x00, 0x00, 0x00, 0x00,
    0x00, 0x00, 0x00, 0x00, 0x00, 0x00, 0x00, 0x00, 0x00, 0x00, 0x00, 0x00, 0x00, 0x00, 0x00, 0x00,
    0x00, 0x00, 0x00, 0x00, 0x00, 0x00, 0x00, 0x00, 0x00, 0x00, 0x00, 0x00, 0x00, 0x00, 0x00, 0x00,
    0x00, 0x00, 0x00, 0x00, 0x00, 0x00, 0x00, 0x00, 0x00, 0x00, 0x00, 0x00, 0x00, 0x00, 0x00, 0x00,
    0x00, 0x00, 0x00, 0x00, 0x00, 0x00, 0x00, 0x00, 0x00, 0x00, 0x00, 0x00, 0x00, 0x00, 0x00, 0x00,
    0x00, 0x00, 0x00, 0x00, 0x00, 0x00, 0x00, 0x00, 0x00, 0x00, 0x00, 0x00, 0x00, 0x00, 0x00, 0x00,
    0x00, 0x00, 0x00, 0x00, 0x00, 0x00, 0x00, 0x00, 0x00, 0x00, 0x00, 0x00, 0x00, 0x00, 0x00, 0x00,
    0x00, 0x00, 0x00, 0x00, 0x00, 0x00, 0x00, 0x00, 0x00, 0x00, 0x00, 0x00, 0x00, 0x00, 0x00, 0x00,
    0x00, 0x00, 0x00, 0x00, 0x00, 0x00, 0x00, 0x00, 0x00, 0x00, 0x00, 0x00, 0x00, 0x00, 0x00, 0x00,
    0x00, 0x00, 0x00, 0x00, 0x00, 0x00, 0x00, 0x00, 0x00, 0x00, 0x00, 0x00, 0x00, 0x00, 0x00, 0x00,
    0x00, 0x00, 0x00, 0x00, 0x00, 0x00, 0x00, 0x00, 0x00, 0x00, 0x00, 0x00, 0x00, 0x00, 0x00, 0x00,
    0x00, 0x00, 0x00, 0x00, 0x00, 0x00, 0x00, 0x00, 0x00, 0x00, 0x00, 0x00, 0x00, 0x00, 0x00, 0x00,
    0x00, 0x00, 0x00, 0x00, 0x00, 0x00, 0x00, 0x00, 0x00, 0x00, 0x00, 0x00, 0x00, 0x00, 0x00, 0x00,
    0x00, 0x00, 0x00, 0x00, 0x00, 0x00, 0x00, 0x00, 0x00, 0x00, 0x00, 0x00, 0x00, 0x00, 0x00, 0x00,
    0x00, 0x00, 0x00, 0x00, 0x00, 0x00, 0x00, 0x00, 0x00, 0x00, 0x00, 0x00, 0x00, 0x00, 0x00, 0x00,
    0x00, 0x00, 0x00, 0x00, 0x00, 0x00, 0x00, 0x00, 0x00, 0x00, 0x00, 0x00, 0x00, 0x00, 0x00, 0x00,
    0x00, 0x00, 0x00, 0x00, 0x00, 0x00, 0x00, 0x00, 0x00, 0x00, 0x00, 0x00, 0x00, 0x00, 0x00, 0x00,
    0x00, 0x00, 0x00, 0x00, 0x00, 0x00, 0x00, 0x00, 0x00, 0x00, 0x00, 0x00, 0x00, 0x00, 0x00, 0x00,
    0x00, 0x00, 0x00, 0x00, 0x00, 0x00, 0x00, 0x00, 0x00, 0x00, 0x00, 0x00, 0x00, 0x00, 0x00, 0x00,
    0x00, 0x00, 0x00, 0x00, 0x00, 0x00, 0x00, 0x00, 0x00, 0x00, 0x00, 0x00, 0x00, 0x00, 0x00, 0x00,
    0x00, 0x00, 0x00, 0x00, 0x00, 0x00, 0x00, 0x00, 0x00, 0x00, 0x00, 0x00, 0x00, 0x00, 0x00, 0x00,
    0x00, 0x00, 0x00, 0x00, 0x00, 0x00, 0x00, 0x00, 0x00, 0x00, 0x00, 0x00, 0x00, 0x00, 0x00, 0x00,
    0x00, 0x00, 0x00, 0x00, 0x00, 0x00, 0x00, 0x00, 0x00, 0x00, 0x00, 0x00, 0x00, 0x00, 0x00, 0x00,
    0x00, 0x00, 0x00, 0x00, 0x00, 0x00, 0x00, 0x00, 0x00, 0x00, 0x00, 0x00, 0x00, 0x00, 0x00, 0x00,
    0x00, 0x00, 0x00, 0x00, 0x00, 0x00, 0x00, 0x00, 0x00, 0x00, 0x00, 0x00, 0x00, 0x00, 0x00, 0x00,
};

const lv_image_dsc_t toolbox_icon_ble_scanner = {
    .header.cf = LV_COLOR_FORMAT_ARGB8888,
    .header.magic = LV_IMAGE_HEADER_MAGIC,
    .header.w = 48,
    .header.h = 48,
    .data_size = sizeof(toolbox_icon_ble_scanner_map),
    .data = toolbox_icon_ble_scanner_map,
};

const LV_ATTRIBUTE_MEM_ALIGN LV_ATTRIBUTE_LARGE_CONST LV_ATTRIBUTE_IMAGE_TOOLBOX_ICON uint8_t toolbox_icon_audio_tool_map[] = {
    0x00, 0x00, 0x00, 0x00, 0x00, 0x00, 0x00, 0x00, 0x00, 0x00, 0x00, 0x00, 0x00, 0x00, 0x00, 0x00,
    0x00, 0x00, 0x00, 0x00, 0x00, 0x00, 0x00, 0x00, 0x00, 0x00, 0x00, 0x00, 0x00, 0x00, 0x00, 0x00,
    0x00, 0x00, 0x00, 0x00, 0x00, 0x00, 0x00, 0x00, 0x00, 0x00, 0x00, 0x00, 0x00, 0x00, 0x00, 0x00,
    0x00, 0x00, 0x00, 0x00, 0x00, 0x00, 0x00, 0x00, 0x00, 0x00, 0x00, 0x00, 0x00, 0x00, 0x00, 0x00,
    0x00, 0x00, 0x00, 0x00, 0x00, 0x00, 0x00, 0x00, 0x00, 0x00, 0x00, 0x00, 0x00, 0x00, 0x00, 0x00,
    0x00, 0x00, 0x00, 0x00, 0x00, 0x00, 0x00, 0x00, 0x00, 0x00, 0x00, 0x00, 0x00, 0x00, 0x00, 0x00,
    0x00, 0x00, 0x00, 0x00, 0x00, 0x00, 0x00, 0x00, 0x00, 0x00, 0x00, 0x00, 0x00, 0x00, 0x00, 0x00,
    0x00, 0x00, 0x00, 0x00, 0x00, 0x00, 0x00, 0x00, 0x00, 0x00, 0x00, 0x00, 0x00, 0x00, 0x00, 0x00,
    0x00, 0x00, 0x00, 0x00, 0x00, 0x00, 0x00, 0x00, 0x00, 0x00, 0x00, 0x00, 0x00, 0x00, 0x00, 0x00,
    0x00, 0x00, 0x00, 0x00, 0x00, 0x00, 0x00, 0x00, 0x00, 0x00, 0x00, 0x00, 0x00, 0x00, 0x00, 0x00,
    0x00, 0x00, 0x00, 0x00, 0x00, 0x00, 0x00, 0x00, 0x00, 0x00, 0x00, 0x00, 0x00, 0x00, 0x00, 0x00,
    0x00, 0x00, 0x00, 0x00, 0x00, 0x00, 0x00, 0x00, 0x00, 0x00, 0x00, 0x00, 0x00, 0x00, 0x00, 0x00,
    0x00, 0x00, 0x00, 0x00, 0x00, 0x00, 0x00, 0x00, 0x00, 0x00, 0x00, 0x00, 0x00, 0x00, 0x00, 0x00,
    0x00, 0x00, 0x00, 0x00, 0x00, 0x00, 0x00, 0x00, 0x00, 0x00, 0x00, 0x00, 0x00, 0x00, 0x00, 0x00,
    0x00, 0x00, 0x00, 0x00, 0x00, 0x00, 0x00, 0x00, 0x00, 0x00, 0x00, 0x00, 0x00, 0x00, 0x00, 0x00,
    0x00, 0x00, 0x00, 0x00, 0x00, 0x00, 0x00, 0x00, 0x00, 0x00, 0x00, 0x00, 0x00, 0x00, 0x00, 0x00,
    0x00, 0x00, 0x00, 0x00, 0x00, 0x00, 0x00, 0x00, 0x00, 0x00, 0x00, 0x00, 0x00, 0x00, 0x00, 0x00,
    0x00, 0x00, 0x00, 0x00, 0x00, 0x00, 0x00, 0x00, 0x00, 0x00, 0x00, 0x00, 0x00, 0x00, 0x00, 0x00,
    0x00, 0x00, 0x00, 0x00, 0x00, 0x00, 0x00, 0x00, 0x00, 0x00, 0x00, 0x00, 0x00, 0x00, 0x00, 0x00,
    0x00, 0x00, 0x00, 0x00, 0x00, 0x00, 0x00, 0x00, 0x00, 0x00, 0x00, 0x00, 0x00, 0x00, 0x00, 0x00,
    0x00, 0x00, 0x00, 0x00, 0x00, 0x00, 0x00, 0x00, 0x00, 0x00, 0x00, 0x00, 0x00, 0x00, 0x00, 0x00,
    0x00, 0x00, 0x00, 0x00, 0x00, 0x00, 0x00, 0x00, 0x00, 0x00, 0x00, 0x00, 0x00, 0x00, 0x00, 0x00,
    0x00, 0x00, 0x00, 0x00, 0x00, 0x00, 0x00, 0x00, 0x00, 0x00, 0x00, 0x00, 0x00, 0x00, 0x00, 0x00,
    0x00, 0x00, 0x00, 0x00, 0x00, 0x00, 0x00, 0x00, 0x00, 0x00, 0x00, 0x00, 0x00, 0x00, 0x00, 0x00,
    0x00, 0x00, 0x00, 0x00, 0x00, 0x00, 0x00, 0x00, 0x00, 0x00, 0x00, 0x00, 0x00, 0x00, 0x00, 0x00,
    0x00, 0x00, 0x00, 0x00, 0x00, 0x00, 0x00, 0x00, 0x00, 0x00, 0x00, 0x00, 0x00, 0x00, 0x00, 0x00,
    0x00, 0x00, 0x00, 0x00, 0x00, 0x00, 0x00, 0x00, 0x00, 0x00, 0x00, 0x00, 0x7f, 0x66, 0x59, 0x14,
    0x75, 0x62, 0x4e, 0x27, 0x71, 0x5c, 0x4b, 0x2f, 0x74, 0x5f, 0x4a, 0x30, 0x74, 0x5f, 0x4f, 0x30,
    0x7a, 0x5f, 0x4f, 0x30, 0x77, 0x5d, 0x4e, 0x31, 0x74, 0x5f, 0x4f, 0x30, 0x74, 0x5f, 0x4f, 0x30,
    0x74, 0x5f, 0x4f, 0x30, 0x74, 0x5f, 0x4f, 0x30, 0x74, 0x5f, 0x4a, 0x30, 0x74, 0x5f, 0x4f, 0x30,
    0x74, 0x5a, 0x4a, 0x30, 0x74, 0x5f, 0x4a, 0x30, 0x74, 0x5a, 0x4a, 0x30, 0x74, 0x5f, 0x4a, 0x30,
    0x7a, 0x5f, 0x4f, 0x30, 0x74, 0x5a, 0x4a, 0x30, 0x74, 0x5a, 0x4a, 0x30, 0x74, 0x5f, 0x4a, 0x30,
    0x74, 0x5f, 0x4a, 0x30, 0x74, 0x5f, 0x4a, 0x30, 0x77, 0x5c, 0x4b, 0x2f, 0x7f, 0x64, 0x50, 0x26,
    0x86, 0x6b, 0x50, 0x13, 0x00, 0x00, 0x00, 0x00, 0x00, 0x00, 0x00, 0x00, 0x00, 0x00, 0x00, 0x00,
    0x00, 0x00, 0x00, 0x00, 0x00, 0x00, 0x00, 0x00, 0x00, 0x00, 0x00, 0x00, 0x00, 0x00, 0x00, 0x00,
    0x00, 0x00, 0x00, 0x00, 0x00, 0x00, 0x00, 0x00, 0x00, 0x00, 0x00, 0x00, 0x00, 0x00, 0x00, 0x00,
    0x00, 0x00, 0x00, 0x00, 0x00, 0x00, 0x00, 0x00, 0x00, 0x00, 0x00, 0x00, 0x00, 0x00, 0x00, 0x00,
    0x00, 0x00, 0x00, 0x00, 0x00, 0x00, 0x00, 0x00, 0x00, 0x00, 0x00, 0x00, 0x00, 0x00, 0x00, 0x00,
    0x69, 0x58, 0x48, 0x2e, 0x68, 0x56, 0x49, 0x8b, 0x62, 0x50, 0x45, 0xcd, 0x5c, 0x4a, 0x40, 0xee,
    0x56, 0x45, 0x3b, 0xfc, 0x54, 0x44, 0x3a, 0xff, 0x54, 0x44, 0x3a, 0xff, 0x54, 0x44, 0x3a, 0xff,
    0x54, 0x44, 0x3a, 0xff, 0x53, 0x43, 0x38, 0xff, 0x53, 0x44, 0x39, 0xff, 0x53, 0x43, 0x39, 0xff,
    0x52, 0x43, 0x38, 0xff, 0x52, 0x42, 0x38, 0xff, 0x53, 0x43, 0x38, 0xff, 0x53, 0x43, 0x39, 0xff,
    0x52, 0x42, 0x37, 0xff, 0x53, 0x43, 0x38, 0xff, 0x53, 0x43, 0x39, 0xff, 0x53, 0x43, 0x39, 0xff,
    0x53, 0x43, 0x39, 0xff, 0x52, 0x42, 0x38, 0xff, 0x52, 0x42, 0x38, 0xff, 0x53, 0x43, 0x39, 0xff,
    0x52, 0x42, 0x38, 0xff, 0x53, 0x43, 0x39, 0xff, 0x52, 0x43, 0x39, 0xff, 0x53, 0x44, 0x3a, 0xfc,
    0x59, 0x49, 0x3e, 0xed, 0x60, 0x4f, 0x43, 0xcb, 0x65, 0x53, 0x47, 0x87, 0x67, 0x54, 0x48, 0x2a,
    0x00, 0x00, 0x00, 0x00, 0x00, 0x00, 0x00, 0x00, 0x00, 0x00, 0x00, 0x00, 0x00, 0x00, 0x00, 0x00,
    0x00, 0x00, 0x00, 0x00, 0x00, 0x00, 0x00, 0x00, 0x00, 0x00, 0x00, 0x00, 0x00, 0x00, 0x00, 0x00,
    0x00, 0x00, 0x00, 0x00, 0x00, 0x00, 0x00, 0x00, 0x00, 0x00, 0x00, 0x00, 0x00, 0x00, 0x00, 0x00,
    0x00, 0x00, 0x00, 0x00, 0x00, 0x00, 0x00, 0x00, 0x4e, 0x3a, 0x3a, 0x0d, 0x61, 0x51, 0x46, 0x97,
    0x57, 0x48, 0x3f, 0xfd, 0x4d, 0x3f, 0x37, 0xff, 0x3e, 0x33, 0x2c, 0xff, 0x38, 0x2d, 0x28, 0xff,
    0x35, 0x2a, 0x25, 0xff, 0x34, 0x29, 0x24, 0xff, 0x34, 0x29, 0x23, 0xff, 0x33, 0x28, 0x22, 0xff,
    0x2f, 0x23, 0x1e, 0xff, 0x2e, 0x1e, 0x19, 0xff, 0x2f, 0x1e, 0x18, 0xff, 0x2e, 0x1e, 0x19, 0xff,
    0x2d, 0x1f, 0x1b, 0xff, 0x2f, 0x24, 0x1e, 0xff, 0x31, 0x26, 0x20, 0xff, 0x30, 0x26, 0x21, 0xff,
    0x30, 0x26, 0x21, 0xff, 0x31, 0x27, 0x22, 0xff, 0x31, 0x28, 0x23, 0xff, 0x32, 0x27, 0x23, 0xff,
    0x31, 0x27, 0x22, 0xff, 0x31, 0x27, 0x22, 0xff, 0x31, 0x27, 0x23, 0xff, 0x31, 0x28, 0x23, 0xff,
    0x32, 0x28, 0x23, 0xff, 0x32, 0x28, 0x24, 0xff, 0x32, 0x28, 0x24, 0xff, 0x32, 0x28, 0x24, 0xff,
    0x34, 0x2a, 0x26, 0xff, 0x3b, 0x30, 0x2a, 0xff, 0x49, 0x3c, 0x34, 0xff, 0x55, 0x46, 0x3d, 0xfa,
    0x62, 0x50, 0x46, 0x91, 0x4c, 0x4c, 0x33, 0x0a, 0x00, 0x00, 0x00, 0x00, 0x00, 0x00, 0x00, 0x00,
    0x00, 0x00, 0x00, 0x00, 0x00, 0x00, 0x00, 0x00, 0x00, 0x00, 0x00, 0x00, 0x00, 0x00, 0x00, 0x00,
    0x00, 0x00, 0x00, 0x00, 0x00, 0x00, 0x00, 0x00, 0x00, 0x00, 0x00, 0x00, 0x00, 0x00, 0x00, 0x00,
    0x00, 0x00, 0x00, 0x00, 0x4f, 0x46, 0x3d, 0x1d, 0x5a, 0x4b, 0x43, 0xd1, 0x4d, 0x3f, 0x38, 0xff,
    0x33, 0x29, 0x25, 0xff, 0x30, 0x27, 0x23, 0xfd, 0x32, 0x29, 0x24, 0xfd, 0x34, 0x29, 0x24, 0xfd,
    0x34, 0x2a, 0x24, 0xfd, 0x33, 0x28, 0x21, 0xfd, 0x2e, 0x1f, 0x1c, 0xfd, 0x3a, 0x27, 0x19, 0xfd,
    0x65, 0x4f, 0x1d, 0xfd, 0x8a, 0x72, 0x24, 0xfd, 0x9b, 0x83, 0x25, 0xfd, 0x96, 0x7d, 0x22, 0xfd,
    0x7c, 0x64, 0x1c, 0xfd, 0x4f, 0x39, 0x15, 0xfd, 0x2b, 0x1a, 0x16, 0xfd, 0x2b, 0x20, 0x1c, 0xfd,
    0x2f, 0x25, 0x1f, 0xfd, 0x2f, 0x25, 0x20, 0xfd, 0x2f, 0x25, 0x21, 0xfd, 0x30, 0x26, 0x22, 0xfd,
    0x31, 0x27, 0x22, 0xfd, 0x31, 0x27, 0x22, 0xfd, 0x31, 0x27, 0x22, 0xfd, 0x31, 0x28, 0x23, 0xfd,
    0x32, 0x28, 0x23, 0xfd, 0x32, 0x28, 0x23, 0xfd, 0x31, 0x28, 0x23, 0xfd, 0x32, 0x28, 0x23, 0xfd,
    0x32, 0x28, 0x23, 0xfd, 0x31, 0x27, 0x22, 0xfd, 0x2e, 0x25, 0x21, 0xfd, 0x30, 0x27, 0x23, 0xff,
    0x4a, 0x3d, 0x36, 0xff, 0x5a, 0x4a, 0x41, 0xcb, 0x5f, 0x4a, 0x3f, 0x18, 0x00, 0x00, 0x00, 0x00,
    0x00, 0x00, 0x00, 0x00, 0x00, 0x00, 0x00, 0x00, 0x00, 0x00, 0x00, 0x00, 0x00, 0x00, 0x00, 0x00,
    0x00, 0x00, 0x00, 0x00, 0x00, 0x00, 0x00, 0x00, 0x00, 0x00, 0x00, 0x00, 0x00, 0x00, 0x00, 0x00,
    0x44, 0x44, 0x33, 0x0f, 0x52, 0x46, 0x3f, 0xd6, 0x43, 0x37, 0x32, 0xff, 0x2f, 0x26, 0x23, 0xfd,
    0x31, 0x28, 0x23, 0xfd, 0x30, 0x27, 0x23, 0xfd, 0x30, 0x26, 0x21, 0xfd, 0x30, 0x26, 0x21, 0xfd,
    0x31, 0x25, 0x1f, 0xfd, 0x2d, 0x1d, 0x18, 0xfd, 0x74, 0x5d, 0x16, 0xfd, 0xce, 0xae, 0x15, 0xfd,
    0xee, 0xc5, 0x11, 0xfd, 0xfa, 0xcf, 0x0d, 0xfd, 0xfc, 0xd0, 0x0c, 0xfd, 0xf8, 0xc5, 0x0d, 0xfd,
    0xee, 0xbc, 0x11, 0xfd, 0xdf, 0xb7, 0x19, 0xfd, 0xa4, 0x85, 0x0d, 0xfd, 0x3a, 0x27, 0x0b, 0xfd,
    0x23, 0x17, 0x18, 0xfd, 0x2c, 0x23, 0x1c, 0xfd, 0x2c, 0x23, 0x1d, 0xfd, 0x2d, 0x24, 0x1f, 0xfd,
    0x2e, 0x24, 0x20, 0xfd, 0x2e, 0x25, 0x20, 0xfd, 0x2f, 0x25, 0x20, 0xfd, 0x30, 0x26, 0x20, 0xfd,
    0x30, 0x26, 0x20, 0xfd, 0x30, 0x26, 0x20, 0xfd, 0x2f, 0x25, 0x20, 0xfd, 0x30, 0x26, 0x20, 0xfd,
    0x30, 0x26, 0x21, 0xfd, 0x30, 0x26, 0x21, 0xfd, 0x2f, 0x26, 0x21, 0xfd, 0x2f, 0x26, 0x22, 0xfd,
    0x2d, 0x24, 0x21, 0xfd, 0x40, 0x35, 0x2f, 0xff, 0x51, 0x44, 0x3b, 0xce, 0x4c, 0x4c, 0x4c, 0x0a,
    0x00, 0x00, 0x00, 0x00, 0x00, 0x00, 0x00, 0x00, 0x00, 0x00, 0x00, 0x00, 0x00, 0x00, 0x00, 0x00,
    0x00, 0x00, 0x00, 0x00, 0x00, 0x00, 0x00, 0x00, 0x00, 0x00, 0x00, 0x00, 0x00, 0x00, 0x00, 0x00,
    0x4d, 0x42, 0x3b, 0xa2, 0x46, 0x3b, 0x35, 0xff, 0x2e, 0x26, 0x22, 0xfd, 0x30, 0x27, 0x22, 0xfd,
    0x2e, 0x25, 0x21, 0xfd, 0x2e, 0x25, 0x21, 0xfd, 0x2e, 0x24, 0x1f, 0xfd, 0x2f, 0x24, 0x1d, 0xfd,
    0x2d, 0x1c, 0x16, 0xfd, 0x9a, 0x7e, 0x0f, 0xfd, 0xea, 0xb7, 0x09, 0xfd, 0xc1, 0x86, 0x0d, 0xfd,
    0xc7, 0x91, 0x10, 0xfd, 0xd5, 0xaa, 0x11, 0xfd, 0xd8, 0xab, 0x0b, 0xfd, 0xcb, 0x90, 0x03, 0xfd,
    0xae, 0x6d, 0x0b, 0xfd, 0x9d, 0x67, 0x27, 0xfd, 0xc1, 0x95, 0x3e, 0xfd, 0xc8, 0xa4, 0x15, 0xfd,
    0x41, 0x2e, 0x04, 0xfd, 0x20, 0x16, 0x17, 0xfd, 0x2a, 0x21, 0x1b, 0xfd, 0x2b, 0x22, 0x1d, 0xfd,
    0x2b, 0x22, 0x1d, 0xfd, 0x2c, 0x23, 0x1e, 0xfd, 0x2d, 0x24, 0x1e, 0xfd, 0x2f, 0x25, 0x1e, 0xfd,
    0x30, 0x26, 0x1e, 0xfd, 0x30, 0x25, 0x1d, 0xfd, 0x2c, 0x20, 0x1a, 0xfd, 0x2f, 0x23, 0x1c, 0xfd,
    0x30, 0x25, 0x1e, 0xfd, 0x2e, 0x24, 0x1f, 0xfd, 0x2d, 0x24, 0x1f, 0xfd, 0x2d, 0x24, 0x20, 0xfd,
    0x2e, 0x25, 0x21, 0xfd, 0x2c, 0x24, 0x20, 0xfd, 0x42, 0x36, 0x31, 0xff, 0x49, 0x3e, 0x37, 0x98,
    0x00, 0x00, 0x00, 0x00, 0x00, 0x00, 0x00, 0x00, 0x00, 0x00, 0x00, 0x00, 0x00, 0x00, 0x00, 0x00,
    0x00, 0x00, 0x00, 0x00, 0x00, 0x00, 0x00, 0x00, 0x00, 0x00, 0x00, 0x00, 0x46, 0x3c, 0x32, 0x33,
    0x46, 0x3c, 0x36, 0xff, 0x30, 0x27, 0x23, 0xfe, 0x30, 0x27, 0x23, 0xfd, 0x2d, 0x25, 0x21, 0xfd,
    0x2c, 0x23, 0x1f, 0xfd, 0x2c, 0x23, 0x1e, 0xfd, 0x2d, 0x23, 0x1d, 0xfd, 0x26, 0x18, 0x17, 0xfd,
    0x86, 0x6d, 0x0e, 0xfd, 0xdf, 0xaa, 0x02, 0xfd, 0x81, 0x50, 0x1a, 0xfd, 0x99, 0x74, 0x40, 0xfd,
    0xc5, 0xa7, 0x4d, 0xfd, 0xd5, 0xbe, 0x4e, 0xfd, 0xd4, 0xb7, 0x28, 0xfd, 0xcc, 0x9f, 0x0a, 0xfd,
    0xa8, 0x72, 0x0a, 0xfd, 0x76, 0x50, 0x28, 0xfd, 0x5c, 0x4c, 0x57, 0xfd, 0x9a, 0x83, 0x6a, 0xfd,
    0xbe, 0x9b, 0x13, 0xfd, 0x2c, 0x1c, 0x07, 0xfd, 0x25, 0x1c, 0x17, 0xfd, 0x29, 0x20, 0x1a, 0xfd,
    0x2a, 0x21, 0x1c, 0xfd, 0x2c, 0x23, 0x1d, 0xfd, 0x2d, 0x23, 0x1c, 0xfd, 0x2e, 0x24, 0x1b, 0xfd,
    0x31, 0x25, 0x1a, 0xfd, 0x3f, 0x2a, 0x15, 0xfd, 0x6a, 0x4b, 0x1c, 0xfd, 0x4d, 0x33, 0x15, 0xfd,
    0x31, 0x24, 0x18, 0xfd, 0x2e, 0x24, 0x1d, 0xfd, 0x2c, 0x23, 0x1e, 0xfd, 0x2c, 0x23, 0x1e, 0xfd,
    0x2c, 0x24, 0x1f, 0xfd, 0x2d, 0x24, 0x20, 0xfd, 0x2d, 0x25, 0x21, 0xff, 0x42, 0x37, 0x32, 0xff,
    0x43, 0x38, 0x32, 0x2d, 0x00, 0x00, 0x00, 0x00, 0x00, 0x00, 0x00, 0x00, 0x00, 0x00, 0x00, 0x00,
    0x00, 0x00, 0x00, 0x00, 0x00, 0x00, 0x00, 0x00, 0x00, 0x00, 0x00, 0x00, 0x43, 0x39, 0x34, 0x9a,
    0x3e, 0x34, 0x2f, 0xff, 0x2d, 0x25, 0x21, 0xfd, 0x2e, 0x25, 0x21, 0xfd, 0x2d, 0x24, 0x20, 0xfd,
    0x2c, 0x23, 0x1f, 0xfd, 0x2c, 0x22, 0x1c, 0xfd, 0x2b, 0x1f, 0x1a, 0xfd, 0x45, 0x33, 0x11, 0xfd,
    0xda, 0xad, 0x05, 0xfd, 0x76, 0x49, 0x0f, 0xfd, 0x65, 0x4f, 0x3b, 0xfd, 0xa3, 0x86, 0x54, 0xfd,
    0xc9, 0xb5, 0x67, 0xfd, 0xd6, 0xc1, 0x51, 0xfd, 0xd1, 0xb7, 0x32, 0xfd, 0xcd, 0x9f, 0x06, 0xfd,
    0xa2, 0x6e, 0x0a, 0xfd, 0x7a, 0x53, 0x23, 0xfd, 0x5e, 0x50, 0x4a, 0xfd, 0x4d, 0x58, 0x81, 0xfd,
    0xad, 0x92, 0x53, 0xfd, 0x82, 0x63, 0x00, 0xfd, 0x1b, 0x0f, 0x10, 0xfd, 0x28, 0x1f, 0x18, 0xfd,
    0x2a, 0x21, 0x1a, 0xfd, 0x2c, 0x22, 0x1b, 0xfd, 0x2e, 0x23, 0x1b, 0xfd, 0x2f, 0x24, 0x1a, 0xfd,
    0x2c, 0x1c, 0x13, 0xfd, 0x8a, 0x6a, 0x14, 0xfd, 0xfe, 0xf8, 0x16, 0xfd, 0xc0, 0xa2, 0x11, 0xfd,
    0x38, 0x21, 0x11, 0xfd, 0x2d, 0x23, 0x1c, 0xfd, 0x2c, 0x23, 0x1d, 0xfd, 0x2b, 0x22, 0x1d, 0xfd,
    0x2b, 0x23, 0x1f, 0xfd, 0x2b, 0x23, 0x1f, 0xfd, 0x2b, 0x23, 0x1f, 0xfd, 0x3a, 0x30, 0x2c, 0xff,
    0x41, 0x36, 0x31, 0x91, 0x00, 0x00, 0x00, 0x00, 0x00, 0x00, 0x00, 0x00, 0x00, 0x00, 0x00, 0x00,
    0x00, 0x00, 0x00, 0x00, 0x00, 0x00, 0x00, 0x00, 0x00, 0x00, 0x00, 0x04, 0x3f, 0x35, 0x30, 0xdd,
    0x34, 0x2b, 0x27, 0xff, 0x2e, 0x25, 0x21, 0xfd, 0x2d, 0x24, 0x20, 0xfd, 0x2c, 0x23, 0x1f, 0xfd,
    0x2b, 0x22, 0x1d, 0xfd, 0x2a, 0x20, 0x1a, 0xfd, 0x23, 0x16, 0x14, 0xfd, 0x86, 0x6b, 0x08, 0xfd,
    0xbe, 0x89, 0x02, 0xfd, 0x44, 0x2e, 0x1f, 0xfd, 0x6a, 0x54, 0x3d, 0xfd, 0xab, 0x92, 0x5f, 0xfd,
    0xc4, 0xad, 0x59, 0xfd, 0xd1, 0xbc, 0x4f, 0xfd, 0xd2, 0xb4, 0x1c, 0xfd, 0xbf, 0x93, 0x07, 0xfd,
    0xa9, 0x73, 0x07, 0xfd, 0x70, 0x4c, 0x22, 0xfd, 0x5d, 0x4d, 0x43, 0xfd, 0x52, 0x5e, 0x74, 0xfd,
    0x66, 0x61, 0x69, 0xfd, 0xb1, 0x8b, 0x0f, 0xfd, 0x28, 0x19, 0x05, 0xfd, 0x25, 0x1c, 0x15, 0xfd,
    0x29, 0x20, 0x19, 0xfd, 0x2c, 0x22, 0x1a, 0xfd, 0x2e, 0x24, 0x1a, 0xfd, 0x2f, 0x23, 0x19, 0xfd,
    0x2d, 0x19, 0x12, 0xfd, 0xaa, 0x8c, 0x08, 0xfd, 0xfe, 0xfe, 0x00, 0xfc, 0xdc, 0xc2, 0x04, 0xfd,
    0x44, 0x28, 0x0e, 0xfd, 0x2c, 0x21, 0x19, 0xfd, 0x2b, 0x21, 0x1b, 0xfd, 0x2a, 0x21, 0x1c, 0xfd,
    0x2b, 0x22, 0x1d, 0xfd, 0x2a, 0x22, 0x1d, 0xfd, 0x2b, 0x22, 0x1e, 0xfd, 0x30, 0x28, 0x23, 0xff,
    0x3b, 0x32, 0x2e, 0xd6, 0x00, 0x00, 0x00, 0x02, 0x00, 0x00, 0x00, 0x00, 0x00, 0x00, 0x00, 0x00,
    0x00, 0x00, 0x00, 0x00, 0x00, 0x00, 0x00, 0x00, 0x31, 0x29, 0x29, 0x1f, 0x3a, 0x32, 0x2d, 0xf9,
    0x2e, 0x26, 0x22, 0xff, 0x2d, 0x25, 0x21, 0xfd, 0x2b, 0x23, 0x1f, 0xfd, 0x2a, 0x21, 0x1d, 0xfd,
    0x29, 0x21, 0x1b, 0xfd, 0x29, 0x20, 0x19, 0xfd, 0x24, 0x16, 0x11, 0xfd, 0xa9, 0x85, 0x02, 0xfd,
    0x90, 0x5e, 0x05, 0xfd, 0x3e, 0x2f, 0x24, 0xfd, 0x74, 0x5e, 0x43, 0xfd, 0x9f, 0x85, 0x4e, 0xfd,
    0xc6, 0xb0, 0x58, 0xfd, 0xcc, 0xb4, 0x38, 0xfd, 0xcb, 0xad, 0x20, 0xfd, 0xcc, 0x99, 0x05, 0xfd,
    0x97, 0x64, 0x08, 0xfd, 0x75, 0x4f, 0x1a, 0xfd, 0x58, 0x49, 0x3f, 0xfd, 0x50, 0x57, 0x67, 0xfd,
    0x4c, 0x51, 0x6a, 0xfd, 0xb2, 0x8b, 0x1b, 0xfd, 0x41, 0x2d, 0x00, 0xfd, 0x21, 0x17, 0x12, 0xfd,
    0x28, 0x1f, 0x17, 0xfd, 0x2c, 0x22, 0x18, 0xfd, 0x30, 0x22, 0x15, 0xfd, 0x34, 0x1d, 0x12, 0xfd,
    0x30, 0x15, 0x0b, 0xfd, 0xa4, 0x88, 0x05, 0xfd, 0xfe, 0xfc, 0x01, 0xfc, 0xd2, 0xbe, 0x05, 0xfc,
    0x43, 0x27, 0x0a, 0xfd, 0x29, 0x19, 0x11, 0xfd, 0x2c, 0x1f, 0x16, 0xfd, 0x2c, 0x22, 0x1a, 0xfd,
    0x29, 0x21, 0x1b, 0xfd, 0x29, 0x21, 0x1c, 0xfd, 0x2a, 0x22, 0x1e, 0xfd, 0x2c, 0x23, 0x20, 0xff,
    0x36, 0x2d, 0x2a, 0xf4, 0x35, 0x2a, 0x2a, 0x18, 0x00, 0x00, 0x00, 0x00, 0x00, 0x00, 0x00, 0x00,
    0x00, 0x00, 0x00, 0x00, 0x00, 0x00, 0x00, 0x00, 0x31, 0x2c, 0x27, 0x34, 0x38, 0x30, 0x2c, 0xff,
    0x2d, 0x25, 0x21, 0xff, 0x2c, 0x24, 0x20, 0xfd, 0x2a, 0x22, 0x1e, 0xfd, 0x29, 0x21, 0x1c, 0xfd,
    0x28, 0x20, 0x1a, 0xfd, 0x28, 0x1f, 0x18, 0xfd, 0x26, 0x19, 0x0e, 0xfd, 0xb4, 0x8c, 0x02, 0xfd,
    0x7a, 0x4e, 0x07, 0xfd, 0x3d, 0x2f, 0x23, 0xfd, 0x6b, 0x55, 0x3a, 0xfd, 0xa9, 0x8e, 0x4f, 0xfd,
    0xbb, 0xa2, 0x43, 0xfd, 0xca, 0xb2, 0x38, 0xfd, 0xcf, 0xae, 0x0c, 0xfd, 0xb7, 0x89, 0x05, 0xfd,
    0xa1, 0x6b, 0x05, 0xfd, 0x66, 0x44, 0x17, 0xfd, 0x56, 0x45, 0x35, 0xfd, 0x53, 0x59, 0x68, 0xfd,
    0x42, 0x48, 0x62, 0xfd, 0xaa, 0x85, 0x20, 0xfd, 0x4c, 0x37, 0x00, 0xfd, 0x1e, 0x14, 0x0f, 0xfd,
    0x27, 0x1e, 0x16, 0xfd, 0x2a, 0x1e, 0x15, 0xfd, 0x4f, 0x36, 0x10, 0xfd, 0xc3, 0xb0, 0x1e, 0xfd,
    0x96, 0x75, 0x12, 0xfd, 0x9f, 0x86, 0x05, 0xfd, 0xf9, 0xfe, 0x05, 0xfc, 0xc9, 0xbf, 0x08, 0xfc,
    0x56, 0x32, 0x07, 0xfd, 0x80, 0x62, 0x19, 0xfd, 0x57, 0x3c, 0x12, 0xfd, 0x2e, 0x21, 0x15, 0xfd,
    0x29, 0x20, 0x1a, 0xfd, 0x28, 0x20, 0x1c, 0xfd, 0x29, 0x21, 0x1d, 0xfd, 0x2b, 0x22, 0x1e, 0xff,
    0x35, 0x2d, 0x2a, 0xff, 0x32, 0x2d, 0x2d, 0x2d, 0x00, 0x00, 0x00, 0x00, 0x00, 0x00, 0x00, 0x00,
    0x00, 0x00, 0x00, 0x00, 0x00, 0x00, 0x00, 0x00, 0x33, 0x2a, 0x26, 0x3c, 0x38, 0x2f, 0x2c, 0xff,
    0x2c, 0x24, 0x21, 0xff, 0x2b, 0x23, 0x1f, 0xfd, 0x2a, 0x21, 0x1d, 0xfd, 0x28, 0x20, 0x1b, 0xfd,
    0x28, 0x1f, 0x1a, 0xfd, 0x28, 0x1e, 0x17, 0xfd, 0x25, 0x18, 0x0c, 0xfd, 0xb1, 0x89, 0x00, 0xfd,
    0x75, 0x4b, 0x09, 0xfd, 0x3c, 0x2e, 0x23, 0xfd, 0x71, 0x59, 0x3a, 0xfd, 0x9b, 0x7e, 0x3d, 0xfd,
    0xbb, 0xa1, 0x42, 0xfd, 0xc6, 0xae, 0x27, 0xfd, 0xc6, 0xa6, 0x0f, 0xfd, 0xc3, 0x92, 0x04, 0xfd,
    0x90, 0x5e, 0x04, 0xfd, 0x6b, 0x47, 0x11, 0xfd, 0x55, 0x45, 0x35, 0xfd, 0x51, 0x55, 0x60, 0xfd,
    0x44, 0x4a, 0x63, 0xfd, 0xa4, 0x7d, 0x1c, 0xfd, 0x4c, 0x36, 0x00, 0xfd, 0x1c, 0x13, 0x0e, 0xfd,
    0x25, 0x1c, 0x14, 0xfd, 0x24, 0x16, 0x12, 0xfd, 0x80, 0x65, 0x0b, 0xfd, 0xfe, 0xfe, 0x02, 0xfc,
    0xde, 0xcc, 0x03, 0xfd, 0xa6, 0x90, 0x0b, 0xfd, 0xe8, 0xfe, 0x11, 0xfc, 0xb9, 0xb8, 0x0f, 0xfc,
    0x9a, 0x77, 0x0b, 0xfd, 0xfe, 0xfe, 0x0f, 0xfc, 0xc3, 0xaa, 0x0d, 0xfd, 0x34, 0x1c, 0x0e, 0xfd,
    0x28, 0x1f, 0x18, 0xfd, 0x29, 0x20, 0x1a, 0xfd, 0x29, 0x21, 0x1c, 0xfd, 0x29, 0x21, 0x1d, 0xff,
    0x33, 0x2b, 0x28, 0xff, 0x31, 0x2c, 0x27, 0x34, 0x00, 0x00, 0x00, 0x00, 0x00, 0x00, 0x00, 0x00,
    0x00, 0x00, 0x00, 0x00, 0x00, 0x00, 0x00, 0x00, 0x31, 0x29, 0x29, 0x3e, 0x37, 0x2f, 0x2b, 0xff,
    0x2b, 0x23, 0x20, 0xfe, 0x2b, 0x23, 0x1e, 0xfd, 0x2a, 0x21, 0x1c, 0xfd, 0x28, 0x20, 0x1b, 0xfd,
    0x27, 0x1e, 0x19, 0xfd, 0x26, 0x1d, 0x16, 0xfd, 0x24, 0x17, 0x0b, 0xfd, 0xb0, 0x87, 0x00, 0xfd,
    0x71, 0x47, 0x08, 0xfd, 0x41, 0x32, 0x27, 0xfd, 0x71, 0x5a, 0x39, 0xfd, 0x9d, 0x80, 0x3f, 0xfd,
    0xb7, 0x9b, 0x36, 0xfd, 0xc3, 0xa9, 0x23, 0xfd, 0xc9, 0xa9, 0x0b, 0xfd, 0xba, 0x89, 0x05, 0xfd,
    0x99, 0x66, 0x04, 0xfd, 0x6b, 0x46, 0x10, 0xfd, 0x56, 0x43, 0x2f, 0xfd, 0x4e, 0x53, 0x60, 0xfd,
    0x3f, 0x44, 0x5b, 0xfd, 0xa2, 0x7d, 0x1d, 0xfd, 0x4b, 0x36, 0x00, 0xfd, 0x1d, 0x13, 0x0c, 0xfd,
    0x23, 0x15, 0x0e, 0xfd, 0x22, 0x0c, 0x09, 0xfd, 0x7d, 0x68, 0x08, 0xfd, 0xf1, 0xfe, 0x0e, 0xfc,
    0xc5, 0xc9, 0x0b, 0xfc, 0xa1, 0x98, 0x13, 0xfd, 0xda, 0xfe, 0x25, 0xfc, 0xaf, 0xba, 0x1c, 0xfd,
    0xa7, 0x93, 0x08, 0xfd, 0xfa, 0xfe, 0x09, 0xfc, 0xc9, 0xc0, 0x09, 0xfc, 0x3f, 0x1f, 0x06, 0xfd,
    0x34, 0x1c, 0x0f, 0xfd, 0x2d, 0x20, 0x14, 0xfd, 0x2a, 0x21, 0x1a, 0xfd, 0x28, 0x20, 0x1d, 0xff,
    0x32, 0x2b, 0x28, 0xff, 0x31, 0x2c, 0x27, 0x34, 0x00, 0x00, 0x00, 0x00, 0x00, 0x00, 0x00, 0x00,
    0x00, 0x00, 0x00, 0x00, 0x00, 0x00, 0x00, 0x00, 0x31, 0x29, 0x29, 0x3e, 0x36, 0x2e, 0x2b, 0xff,
    0x2b, 0x23, 0x1f, 0xfe, 0x2a, 0x22, 0x1e, 0xfd, 0x28, 0x20, 0x1c, 0xfd, 0x27, 0x1f, 0x19, 0xfd,
    0x26, 0x1e, 0x18, 0xfd, 0x25, 0x1c, 0x15, 0xfd, 0x24, 0x17, 0x0b, 0xfd, 0xb0, 0x87, 0x00, 0xfd,
    0x72, 0x48, 0x0a, 0xfd, 0x40, 0x32, 0x26, 0xfd, 0x6d, 0x55, 0x37, 0xfd, 0x9f, 0x81, 0x3d, 0xfd,
    0xb7, 0x9a, 0x32, 0xfd, 0xc9, 0xb0, 0x23, 0xfd, 0xc9, 0xa6, 0x08, 0xfd, 0xb6, 0x87, 0x02, 0xfd,
    0x9a, 0x65, 0x02, 0xfd, 0x6d, 0x48, 0x11, 0xfd, 0x56, 0x44, 0x32, 0xfd, 0x51, 0x54, 0x5e, 0xfd,
    0x3e, 0x43, 0x59, 0xfd, 0x9e, 0x78, 0x17, 0xfd, 0x49, 0x34, 0x00, 0xfd, 0x21, 0x11, 0x06, 0xfd,
    0x78, 0x60, 0x17, 0xfd, 0x8d, 0x70, 0x1a, 0xfd, 0x7b, 0x6d, 0x0d, 0xfd, 0xd5, 0xfe, 0x28, 0xfc,
    0xb2, 0xcc, 0x1d, 0xfc, 0x98, 0x9d, 0x1a, 0xfc, 0xcd, 0xfe, 0x37, 0xfc, 0xa7, 0xc0, 0x25, 0xfc,
    0x97, 0x95, 0x14, 0xfd, 0xdb, 0xfe, 0x2b, 0xfd, 0xab, 0xb5, 0x19, 0xfc, 0x8c, 0x6d, 0x10, 0xfd,
    0xcc, 0xbb, 0x26, 0xfd, 0x5f, 0x45, 0x0f, 0xfd, 0x26, 0x1b, 0x15, 0xfd, 0x27, 0x20, 0x1c, 0xff,
    0x32, 0x2b, 0x28, 0xff, 0x31, 0x27, 0x27, 0x34, 0x00, 0x00, 0x00, 0x00, 0x00, 0x00, 0x00, 0x00,
    0x00, 0x00, 0x00, 0x00, 0x00, 0x00, 0x00, 0x00, 0x2d, 0x29, 0x25, 0x3d, 0x35, 0x2d, 0x2a, 0xff,
    0x2b, 0x23, 0x1f, 0xfe, 0x29, 0x21, 0x1d, 0xfd, 0x27, 0x1f, 0x1b, 0xfd, 0x26, 0x1e, 0x19, 0xfd,
    0x26, 0x1d, 0x18, 0xfd, 0x24, 0x1b, 0x15, 0xfd, 0x24, 0x17, 0x0b, 0xfd, 0xb0, 0x86, 0x00, 0xfd,
    0x6f, 0x46, 0x08, 0xfd, 0x3f, 0x30, 0x26, 0xfd, 0x72, 0x59, 0x37, 0xfd, 0x98, 0x78, 0x37, 0xfd,
    0xc1, 0xa3, 0x31, 0xfd, 0xc4, 0xaa, 0x14, 0xfd, 0xc8, 0xa9, 0x0a, 0xfd, 0xc7, 0x91, 0x05, 0xfd,
    0x93, 0x60, 0x04, 0xfd, 0x72, 0x4a, 0x0c, 0xfd, 0x52, 0x40, 0x2d, 0xfd, 0x49, 0x4e, 0x5b, 0xfd,
    0x3f, 0x42, 0x56, 0xfd, 0xa2, 0x7c, 0x1a, 0xfd, 0x48, 0x33, 0x00, 0xfd, 0x2a, 0x14, 0x02, 0xfd,
    0xe6, 0xda, 0x0c, 0xfd, 0xfe, 0xfd, 0x0d, 0xfc, 0x92, 0x87, 0x10, 0xfd, 0xc8, 0xfd, 0x2e, 0xfc,
    0xab, 0xcd, 0x21, 0xfc, 0x93, 0xa0, 0x1e, 0xfc, 0xc6, 0xfe, 0x41, 0xfc, 0xa1, 0xc2, 0x28, 0xfc,
    0x91, 0x97, 0x17, 0xfd, 0xd1, 0xfe, 0x35, 0xfc, 0xa0, 0xb1, 0x20, 0xfc, 0xbc, 0xa8, 0x04, 0xfd,
    0xfe, 0xfe, 0x06, 0xfc, 0x83, 0x69, 0x07, 0xfd, 0x23, 0x15, 0x13, 0xfd, 0x27, 0x1f, 0x1c, 0xff,
    0x32, 0x2a, 0x28, 0xff, 0x31, 0x27, 0x27, 0x34, 0x00, 0x00, 0x00, 0x00, 0x00, 0x00, 0x00, 0x00,
    0x00, 0x00, 0x00, 0x00, 0x00, 0x00, 0x00, 0x00, 0x2d, 0x29, 0x25, 0x3e, 0x35, 0x2d, 0x29, 0xff,
    0x2a, 0x22, 0x1e, 0xfe, 0x28, 0x21, 0x1c, 0xfd, 0x27, 0x1f, 0x1a, 0xfd, 0x25, 0x1d, 0x19, 0xfd,
    0x20, 0x18, 0x17, 0xfd, 0x1d, 0x16, 0x14, 0xfd, 0x1e, 0x12, 0x0a, 0xfd, 0xb2, 0x87, 0x00, 0xfd,
    0x6f, 0x47, 0x09, 0xfd, 0x3a, 0x2d, 0x23, 0xfd, 0x62, 0x4b, 0x31, 0xfd, 0xa2, 0x81, 0x34, 0xfd,
    0xb5, 0x96, 0x22, 0xfd, 0xcc, 0xb1, 0x16, 0xfd, 0xd1, 0xaa, 0x07, 0xfd, 0xb2, 0x82, 0x03, 0xfd,
    0x9e, 0x66, 0x02, 0xfd, 0x66, 0x44, 0x11, 0xfd, 0x54, 0x42, 0x2d, 0xfd, 0x4b, 0x4f, 0x59, 0xfd,
    0x3c, 0x3e, 0x50, 0xfd, 0xa2, 0x7b, 0x16, 0xfd, 0x47, 0x33, 0x00, 0xfd, 0x16, 0x08, 0x03, 0xfd,
    0x78, 0x63, 0x00, 0xfd, 0x90, 0x77, 0x00, 0xfd, 0x81, 0x6e, 0x06, 0xfd, 0xe3, 0xfe, 0x14, 0xfc,
    0xbc, 0xcb, 0x0d, 0xfc, 0x95, 0x9c, 0x1a, 0xfc, 0xcb, 0xfe, 0x37, 0xfc, 0xa4, 0xbe, 0x24, 0xfd,
    0x9b, 0x94, 0x0b, 0xfd, 0xe8, 0xfe, 0x18, 0xfc, 0xb5, 0xba, 0x0e, 0xfc, 0x5c, 0x3d, 0x00, 0xfd,
    0x7d, 0x65, 0x01, 0xfd, 0x3c, 0x28, 0x09, 0xfd, 0x26, 0x1d, 0x16, 0xfd, 0x26, 0x1f, 0x1b, 0xff,
    0x31, 0x29, 0x27, 0xff, 0x30, 0x2b, 0x26, 0x35, 0x00, 0x00, 0x00, 0x00, 0x00, 0x00, 0x00, 0x00,
    0x00, 0x00, 0x00, 0x00, 0x00, 0x00, 0x00, 0x00, 0x2d, 0x29, 0x25, 0x3e, 0x35, 0x2d, 0x2a, 0xff,
    0x2a, 0x22, 0x1e, 0xfe, 0x28, 0x20, 0x1c, 0xfd, 0x27, 0x1e, 0x1a, 0xfd, 0x29, 0x1d, 0x12, 0xfd,
    0x41, 0x30, 0x06, 0xfd, 0x4d, 0x33, 0x02, 0xfd, 0x40, 0x26, 0x00, 0xfd, 0xae, 0x85, 0x00, 0xfd,
    0x6d, 0x46, 0x09, 0xfd, 0x36, 0x2a, 0x23, 0xfd, 0x68, 0x51, 0x32, 0xfd, 0x8d, 0x6d, 0x2d, 0xfd,
    0xbc, 0x99, 0x22, 0xfd, 0xc7, 0xa8, 0x0c, 0xfd, 0xc4, 0x9f, 0x07, 0xfd, 0xc0, 0x87, 0x02, 0xfd,
    0x89, 0x58, 0x04, 0xfd, 0x69, 0x45, 0x0d, 0xfd, 0x4e, 0x3e, 0x2f, 0xfd, 0x45, 0x48, 0x52, 0xfd,
    0x3b, 0x3d, 0x50, 0xfd, 0x9c, 0x77, 0x16, 0xfd, 0x58, 0x3d, 0x00, 0xfd, 0x45, 0x28, 0x00, 0xfd,
    0x3d, 0x26, 0x00, 0xfd, 0x25, 0x0d, 0x00, 0xfd, 0x76, 0x5e, 0x02, 0xfd, 0xfe, 0xfe, 0x01, 0xfc,
    0xd7, 0xca, 0x00, 0xfc, 0x98, 0x92, 0x10, 0xfd, 0xda, 0xfe, 0x22, 0xfc, 0xac, 0xba, 0x19, 0xfc,
    0xa2, 0x88, 0x00, 0xfd, 0xfe, 0xfe, 0x00, 0xfc, 0xcc, 0xba, 0x00, 0xfc, 0x2e, 0x16, 0x06, 0xfd,
    0x1c, 0x10, 0x0e, 0xfd, 0x23, 0x1a, 0x13, 0xfd, 0x26, 0x1e, 0x18, 0xfd, 0x27, 0x20, 0x1c, 0xff,
    0x30, 0x29, 0x27, 0xff, 0x30, 0x26, 0x26, 0x35, 0x00, 0x00, 0x00, 0x00, 0x00, 0x00, 0x00, 0x00,
    0x00, 0x00, 0x00, 0x00, 0x00, 0x00, 0x00, 0x00, 0x2d, 0x29, 0x25, 0x3e, 0x34, 0x2c, 0x29, 0xff,
    0x29, 0x21, 0x1e, 0xfe, 0x27, 0x1f, 0x1b, 0xfd, 0x1e, 0x15, 0x15, 0xfd, 0x67, 0x4f, 0x0e, 0xfd,
    0xbb, 0x8c, 0x17, 0xfd, 0xa3, 0x72, 0x27, 0xfd, 0x83, 0x56, 0x1f, 0xfd, 0xaa, 0x80, 0x00, 0xfd,
    0x69, 0x41, 0x06, 0xfd, 0x2d, 0x21, 0x1a, 0xfd, 0x4d, 0x37, 0x20, 0xfd, 0x7e, 0x60, 0x27, 0xfd,
    0xa4, 0x81, 0x18, 0xfd, 0xb8, 0x92, 0x0b, 0xfd, 0xbb, 0x8d, 0x01, 0xfd, 0xa1, 0x6b, 0x02, 0xfd,
    0x7e, 0x50, 0x01, 0xfd, 0x53, 0x35, 0x0e, 0xfd, 0x43, 0x34, 0x25, 0xfd, 0x3d, 0x3f, 0x49, 0xfd,
    0x32, 0x32, 0x42, 0xfd, 0x93, 0x6d, 0x10, 0xfd, 0x7e, 0x57, 0x09, 0xfd, 0x9d, 0x6e, 0x30, 0xfd,
    0xa9, 0x7c, 0x18, 0xfd, 0x8f, 0x6e, 0x0e, 0xfd, 0x3d, 0x26, 0x01, 0xfd, 0xb1, 0x98, 0x00, 0xfd,
    0x85, 0x63, 0x00, 0xfd, 0x97, 0x87, 0x06, 0xfd, 0xf1, 0xfe, 0x0d, 0xfc, 0xc0, 0xbf, 0x0b, 0xfc,
    0x63, 0x41, 0x01, 0xfd, 0xb7, 0xa1, 0x00, 0xfd, 0x76, 0x58, 0x01, 0xfd, 0x27, 0x18, 0x0c, 0xfd,
    0x23, 0x1b, 0x15, 0xfd, 0x24, 0x1d, 0x18, 0xfc, 0x26, 0x1f, 0x1a, 0xfd, 0x27, 0x20, 0x1d, 0xff,
    0x30, 0x29, 0x27, 0xff, 0x31, 0x27, 0x27, 0x34, 0x00, 0x00, 0x00, 0x00, 0x00, 0x00, 0x00, 0x00,
    0x00, 0x00, 0x00, 0x00, 0x00, 0x00, 0x00, 0x00, 0x2d, 0x25, 0x25, 0x3e, 0x34, 0x2c, 0x29, 0xff,
    0x29, 0x21, 0x1e, 0xfe, 0x27, 0x1f, 0x1b, 0xfd, 0x19, 0x0e, 0x08, 0xfd, 0x91, 0x7a, 0x3b, 0xfd,
    0xdc, 0xcd, 0xc0, 0xfd, 0xb6, 0xab, 0xa8, 0xfd, 0x9c, 0x89, 0x75, 0xfd, 0x87, 0x5b, 0x00, 0xfd,
    0x6a, 0x46, 0x14, 0xfd, 0x62, 0x54, 0x49, 0xfd, 0x97, 0x8b, 0x7e, 0xfd, 0xaa, 0x98, 0x81, 0xfd,
    0xa3, 0x8d, 0x68, 0xfd, 0x9b, 0x80, 0x50, 0xfd, 0x8c, 0x66, 0x3a, 0xfd, 0x87, 0x66, 0x3a, 0xfd,
    0x89, 0x6c, 0x41, 0xfd, 0x71, 0x58, 0x3a, 0xfd, 0x62, 0x50, 0x40, 0xfd, 0x63, 0x62, 0x68, 0xfd,
    0x53, 0x5b, 0x71, 0xfd, 0x81, 0x62, 0x1b, 0xfd, 0x78, 0x5f, 0x2a, 0xfd, 0xc6, 0xbe, 0xba, 0xfd,
    0xb6, 0xaa, 0xab, 0xfd, 0xbf, 0xaf, 0x7a, 0xfd, 0x21, 0x11, 0x00, 0xfd, 0x21, 0x0f, 0x07, 0xfd,
    0x25, 0x0c, 0x04, 0xfd, 0xa1, 0x8a, 0x01, 0xfd, 0xfe, 0xfe, 0x02, 0xfc, 0xd2, 0xc2, 0x02, 0xfc,
    0x3e, 0x20, 0x03, 0xfd, 0x25, 0x11, 0x08, 0xfd, 0x25, 0x16, 0x0d, 0xfd, 0x25, 0x1c, 0x13, 0xfd,
    0x23, 0x1c, 0x17, 0xfd, 0x24, 0x1d, 0x19, 0xfd, 0x25, 0x1f, 0x1b, 0xfd, 0x26, 0x20, 0x1d, 0xff,
    0x2f, 0x29, 0x27, 0xff, 0x30, 0x26, 0x26, 0x35, 0x00, 0x00, 0x00, 0x00, 0x00, 0x00, 0x00, 0x00,
    0x00, 0x00, 0x00, 0x00, 0x00, 0x00, 0x00, 0x00, 0x2d, 0x25, 0x25, 0x3e, 0x33, 0x2b, 0x28, 0xff,
    0x28, 0x21, 0x1d, 0xfe, 0x26, 0x1f, 0x1a, 0xfd, 0x1d, 0x14, 0x0f, 0xfd, 0x6c, 0x58, 0x1f, 0xfd,
    0x61, 0x57, 0x4e, 0xfd, 0x74, 0x68, 0x66, 0xfd, 0x81, 0x6d, 0x46, 0xfd, 0x8d, 0x61, 0x00, 0xfd,
    0x55, 0x3e, 0x2c, 0xfd, 0xa2, 0x90, 0x86, 0xfd, 0xf1, 0xe4, 0xdb, 0xfd, 0xda, 0xc6, 0xb6, 0xfd,
    0x9a, 0x7e, 0x66, 0xfd, 0x3f, 0x39, 0x54, 0xfd, 0x1b, 0x3f, 0x86, 0xfd, 0x27, 0x2f, 0x5c, 0xfd,
    0x5a, 0x44, 0x37, 0xfd, 0x6b, 0x53, 0x3b, 0xfd, 0x5b, 0x45, 0x35, 0xfd, 0x70, 0x70, 0x79, 0xfd,
    0x80, 0x99, 0xc4, 0xfd, 0x80, 0x70, 0x55, 0xfd, 0x7d, 0x61, 0x18, 0xfd, 0x86, 0x78, 0x71, 0xfd,
    0x51, 0x49, 0x4a, 0xfd, 0x76, 0x66, 0x38, 0xfd, 0x22, 0x17, 0x02, 0xfd, 0x1e, 0x16, 0x0e, 0xfd,
    0x21, 0x10, 0x0a, 0xfd, 0xa6, 0x89, 0x01, 0xfd, 0xfe, 0xfe, 0x00, 0xfd, 0xdf, 0xc3, 0x00, 0xfc,
    0x3a, 0x20, 0x05, 0xfd, 0x21, 0x19, 0x11, 0xfd, 0x23, 0x1b, 0x15, 0xfd, 0x23, 0x1c, 0x17, 0xfd,
    0x24, 0x1d, 0x19, 0xfd, 0x24, 0x1e, 0x1a, 0xfc, 0x25, 0x1e, 0x1c, 0xfd, 0x26, 0x1f, 0x1d, 0xff,
    0x2f, 0x28, 0x27, 0xff, 0x2c, 0x27, 0x27, 0x34, 0x00, 0x00, 0x00, 0x00, 0x00, 0x00, 0x00, 0x00,
    0x00, 0x00, 0x00, 0x00, 0x00, 0x00, 0x00, 0x00, 0x2d, 0x25, 0x25, 0x3e, 0x33, 0x2c, 0x29, 0xff,
    0x28, 0x20, 0x1d, 0xfe, 0x26, 0x1e, 0x1a, 0xfd, 0x1b, 0x15, 0x16, 0xfd, 0x58, 0x42, 0x07, 0xfd,
    0x44, 0x28, 0x00, 0xfd, 0x52, 0x45, 0x46, 0xfd, 0x7c, 0x6a, 0x33, 0xfd, 0xa7, 0x74, 0x00, 0xfd,
    0x41, 0x2d, 0x24, 0xfd, 0x92, 0x82, 0x77, 0xfd, 0xdf, 0xd1, 0xc7, 0xfd, 0xc4, 0xad, 0x98, 0xfd,
    0x4a, 0x36, 0x3d, 0xfd, 0x10, 0x71, 0xc0, 0xfd, 0x55, 0xf6, 0xfe, 0xfd, 0x00, 0xa4, 0xee, 0xfd,
    0x20, 0x24, 0x50, 0xfd, 0x5b, 0x43, 0x2d, 0xfd, 0x58, 0x42, 0x31, 0xfd, 0x65, 0x65, 0x6f, 0xfd,
    0x6f, 0x88, 0xb3, 0xfd, 0x83, 0x6b, 0x49, 0xfd, 0x92, 0x70, 0x0c, 0xfd, 0x61, 0x54, 0x53, 0xfd,
    0x34, 0x21, 0x0c, 0xfd, 0x63, 0x46, 0x00, 0xfd, 0x1c, 0x14, 0x08, 0xfd, 0x1f, 0x17, 0x10, 0xfd,
    0x20, 0x13, 0x0d, 0xfd, 0x76, 0x59, 0x03, 0xfd, 0xf3, 0xe2, 0x00, 0xfd, 0xb0, 0x8e, 0x00, 0xfd,
    0x2d, 0x18, 0x09, 0xfd, 0x23, 0x1b, 0x15, 0xfd, 0x23, 0x1c, 0x17, 0xfd, 0x23, 0x1c, 0x18, 0xfd,
    0x23, 0x1d, 0x1a, 0xfd, 0x25, 0x1e, 0x1c, 0xfc, 0x25, 0x1f, 0x1d, 0xfd, 0x26, 0x20, 0x1e, 0xff,
    0x2e, 0x28, 0x27, 0xff, 0x2c, 0x22, 0x22, 0x34, 0x00, 0x00, 0x00, 0x00, 0x00, 0x00, 0x00, 0x00,
    0x00, 0x00, 0x00, 0x00, 0x00, 0x00, 0x00, 0x00, 0x2d, 0x25, 0x25, 0x3e, 0x33, 0x2c, 0x29, 0xff,
    0x28, 0x21, 0x1d, 0xfe, 0x26, 0x1e, 0x1a, 0xfd, 0x20, 0x19, 0x17, 0xfd, 0x28, 0x1e, 0x0d, 0xfd,
    0x4b, 0x2c, 0x00, 0xfd, 0x73, 0x5a, 0x4a, 0xfd, 0x76, 0x66, 0x36, 0xfd, 0xa6, 0x73, 0x00, 0xfd,
    0x45, 0x30, 0x26, 0xfd, 0x99, 0x88, 0x7d, 0xfd, 0xec, 0xdd, 0xd2, 0xfd, 0xc9, 0xb1, 0x9a, 0xfd,
    0x40, 0x2a, 0x3b, 0xfd, 0x00, 0x8e, 0xe1, 0xfd, 0x11, 0xfe, 0xfe, 0xfd, 0x00, 0xbc, 0xfe, 0xfd,
    0x20, 0x2e, 0x64, 0xfd, 0x5a, 0x40, 0x2a, 0xfd, 0x5e, 0x47, 0x34, 0xfd, 0x6c, 0x6b, 0x76, 0xfd,
    0x76, 0x90, 0xbd, 0xfd, 0x83, 0x6c, 0x4b, 0xfd, 0x8e, 0x6d, 0x0c, 0xfd, 0x70, 0x5f, 0x56, 0xfd,
    0x52, 0x35, 0x0b, 0xfd, 0x2e, 0x1d, 0x01, 0xfd, 0x16, 0x10, 0x0c, 0xfd, 0x21, 0x19, 0x12, 0xfd,
    0x25, 0x1c, 0x12, 0xfd, 0x2e, 0x1d, 0x0c, 0xfd, 0x4d, 0x30, 0x05, 0xfd, 0x38, 0x22, 0x08, 0xfd,
    0x26, 0x1c, 0x11, 0xfd, 0x24, 0x1c, 0x16, 0xfd, 0x24, 0x1d, 0x19, 0xfd, 0x23, 0x1d, 0x1a, 0xfc,
    0x23, 0x1d, 0x1b, 0xfc, 0x24, 0x1e, 0x1c, 0xfc, 0x24, 0x1f, 0x1d, 0xfd, 0x25, 0x1f, 0x1e, 0xff,
    0x2e, 0x28, 0x27, 0xff, 0x2b, 0x26, 0x26, 0x35, 0x00, 0x00, 0x00, 0x00, 0x00, 0x00, 0x00, 0x00,
    0x00, 0x00, 0x00, 0x00, 0x00, 0x00, 0x00, 0x00, 0x2d, 0x25, 0x25, 0x3e, 0x33, 0x2c, 0x29, 0xff,
    0x28, 0x21, 0x1d, 0xfe, 0x26, 0x1f, 0x1b, 0xfd, 0x24, 0x1c, 0x17, 0xfd, 0x14, 0x0f, 0x12, 0xfd,
    0x28, 0x1c, 0x00, 0xfd, 0xa3, 0x83, 0x4e, 0xfd, 0x74, 0x66, 0x3a, 0xfd, 0xb4, 0x81, 0x00, 0xfd,
    0x4c, 0x35, 0x28, 0xfd, 0x7e, 0x6f, 0x65, 0xfd, 0xa8, 0x9b, 0x92, 0xfd, 0x90, 0x7d, 0x6e, 0xfd,
    0x48, 0x32, 0x28, 0xfd, 0x1b, 0x36, 0x72, 0xfd, 0x04, 0x71, 0xca, 0xfd, 0x19, 0x50, 0xa0, 0xfd,
    0x35, 0x28, 0x2e, 0xfd, 0x44, 0x31, 0x20, 0xfd, 0x48, 0x36, 0x27, 0xfd, 0x58, 0x55, 0x5a, 0xfd,
    0x67, 0x78, 0x9c, 0xfd, 0x8e, 0x75, 0x48, 0xfd, 0x92, 0x74, 0x0e, 0xfd, 0x88, 0x70, 0x57, 0xfd,
    0x54, 0x3f, 0x0b, 0xfc, 0x05, 0x01, 0x05, 0xfd, 0x1c, 0x15, 0x0e, 0xfd, 0x22, 0x1a, 0x13, 0xfd,
    0x25, 0x1c, 0x15, 0xfd, 0x23, 0x1a, 0x13, 0xfd, 0x1d, 0x13, 0x0f, 0xfd, 0x21, 0x18, 0x12, 0xfd,
    0x24, 0x1d, 0x16, 0xfd, 0x24, 0x1d, 0x18, 0xfd, 0x24, 0x1d, 0x19, 0xfd, 0x24, 0x1d, 0x19, 0xfd,
    0x24, 0x1e, 0x1c, 0xfc, 0x24, 0x1f, 0x1e, 0xfd, 0x25, 0x1f, 0x1e, 0xfd, 0x25, 0x1f, 0x1e, 0xff,
    0x2d, 0x28, 0x27, 0xff, 0x2b, 0x26, 0x26, 0x35, 0x00, 0x00, 0x00, 0x00, 0x00, 0x00, 0x00, 0x00,
    0x00, 0x00, 0x00, 0x00, 0x00, 0x00, 0x00, 0x00, 0x2d, 0x25, 0x20, 0x3e, 0x33, 0x2b, 0x28, 0xff,
    0x28, 0x21, 0x1d, 0xfe, 0x26, 0x1f, 0x1b, 0xfd, 0x24, 0x1c, 0x18, 0xfd, 0x1a, 0x14, 0x13, 0xfd,
    0x3a, 0x2a, 0x00, 0xfd, 0xb5, 0x9b, 0x52, 0xfd, 0x57, 0x4b, 0x40, 0xfd, 0x60, 0x3e, 0x00, 0xfd,
    0x34, 0x1e, 0x08, 0xfd, 0x1e, 0x16, 0x10, 0xfd, 0x32, 0x23, 0x14, 0xfd, 0x4e, 0x37, 0x14, 0xfd,
    0x70, 0x51, 0x05, 0xfd, 0x53, 0x32, 0x0a, 0xfd, 0x49, 0x27, 0x1d, 0xfd, 0x46, 0x27, 0x12, 0xfd,
    0x36, 0x20, 0x05, 0xfd, 0x2e, 0x1d, 0x0b, 0xfd, 0x24, 0x1c, 0x18, 0xfd, 0x25, 0x27, 0x30, 0xfd,
    0x22, 0x1f, 0x25, 0xfd, 0x51, 0x34, 0x08, 0xfd, 0x50, 0x3f, 0x15, 0xfd, 0x9d, 0x89, 0x64, 0xfc,
    0x64, 0x4f, 0x0a, 0xfd, 0x10, 0x08, 0x06, 0xfd, 0x1e, 0x17, 0x10, 0xfd, 0x22, 0x1a, 0x13, 0xfd,
    0x1b, 0x12, 0x0f, 0xfd, 0x2d, 0x1f, 0x13, 0xfd, 0x37, 0x26, 0x23, 0xfd, 0x22, 0x16, 0x18, 0xfd,
    0x21, 0x18, 0x13, 0xfd, 0x24, 0x1e, 0x1b, 0xfd, 0x20, 0x1d, 0x20, 0xfd, 0x1d, 0x18, 0x25, 0xfd,
    0x1d, 0x18, 0x1c, 0xfc, 0x23, 0x1f, 0x1f, 0xfd, 0x24, 0x20, 0x1f, 0xfc, 0x26, 0x20, 0x20, 0xff,
    0x2d, 0x28, 0x27, 0xff, 0x2c, 0x27, 0x27, 0x34, 0x00, 0x00, 0x00, 0x00, 0x00, 0x00, 0x00, 0x00,
    0x00, 0x00, 0x00, 0x00, 0x00, 0x00, 0x00, 0x00, 0x29, 0x25, 0x21, 0x3d, 0x32, 0x2a, 0x27, 0xff,
    0x28, 0x21, 0x1d, 0xfe, 0x27, 0x1f, 0x1b, 0xfd, 0x24, 0x1d, 0x19, 0xfd, 0x1d, 0x16, 0x15, 0xfd,
    0x37, 0x28, 0x00, 0xfd, 0xc1, 0xaa, 0x50, 0xfd, 0x51, 0x47, 0x52, 0xfd, 0x49, 0x2d, 0x00, 0xfd,
    0x6f, 0x44, 0x07, 0xfd, 0x2a, 0x21, 0x1d, 0xfd, 0x5b, 0x44, 0x2b, 0xfd, 0x8f, 0x6d, 0x22, 0xfd,
    0xb4, 0x8c, 0x0a, 0xfd, 0xb5, 0x8a, 0x02, 0xfd, 0xac, 0x78, 0x00, 0xfd, 0x92, 0x5b, 0x00, 0xfd,
    0x72, 0x48, 0x06, 0xfd, 0x49, 0x31, 0x17, 0xfd, 0x3c, 0x31, 0x2b, 0xfd, 0x3a, 0x3d, 0x4a, 0xfd,
    0x3d, 0x37, 0x3a, 0xfd, 0x5f, 0x38, 0x00, 0xfd, 0x2e, 0x25, 0x26, 0xfc, 0xb9, 0xa3, 0x6a, 0xfd,
    0x61, 0x4c, 0x03, 0xfd, 0x12, 0x09, 0x09, 0xfd, 0x1d, 0x16, 0x10, 0xfd, 0x18, 0x11, 0x0e, 0xfd,
    0x6f, 0x53, 0x1b, 0xfd, 0xbc, 0x98, 0x41, 0xfd, 0xdd, 0xcf, 0x3a, 0xfd, 0xb6, 0xab, 0x35, 0xfd,
    0x32, 0x28, 0x1f, 0xfd, 0x1d, 0x12, 0x10, 0xfd, 0x18, 0x36, 0x52, 0xfd, 0x16, 0x9c, 0xd8, 0xfd,
    0x16, 0x3a, 0x67, 0xfd, 0x1b, 0x15, 0x1c, 0xfd, 0x23, 0x1f, 0x1f, 0xfd, 0x25, 0x20, 0x20, 0xff,
    0x2d, 0x28, 0x27, 0xff, 0x2c, 0x27, 0x27, 0x34, 0x00, 0x00, 0x00, 0x00, 0x00, 0x00, 0x00, 0x00,
    0x00, 0x00, 0x00, 0x00, 0x00, 0x00, 0x00, 0x00, 0x29, 0x25, 0x21, 0x3d, 0x32, 0x2a, 0x27, 0xff,
    0x28, 0x20, 0x1d, 0xfe, 0x26, 0x1e, 0x1b, 0xfd, 0x24, 0x1d, 0x19, 0xfd, 0x20, 0x19, 0x16, 0xfd,
    0x28, 0x1b, 0x01, 0xfd, 0xb8, 0xa3, 0x38, 0xfd, 0x82, 0x73, 0x73, 0xfc, 0x43, 0x30, 0x00, 0xfd,
    0x91, 0x5b, 0x02, 0xfd, 0x29, 0x1c, 0x16, 0xfd, 0x4a, 0x36, 0x23, 0xfd, 0x82, 0x5d, 0x17, 0xfd,
    0xa8, 0x7b, 0x08, 0xfd, 0xbd, 0x8e, 0x03, 0xfd, 0xbd, 0x87, 0x05, 0xfd, 0xa0, 0x67, 0x02, 0xfd,
    0x71, 0x44, 0x06, 0xfd, 0x43, 0x2e, 0x17, 0xfd, 0x38, 0x2e, 0x28, 0xfd, 0x31, 0x32, 0x3b, 0xfd,
    0x53, 0x3e, 0x2b, 0xfd, 0x5f, 0x39, 0x00, 0xfd, 0x53, 0x49, 0x4c, 0xfc, 0xc0, 0xaa, 0x59, 0xfd,
    0x4e, 0x3c, 0x00, 0xfc, 0x13, 0x0b, 0x0b, 0xfd, 0x16, 0x0f, 0x0e, 0xfd, 0x8a, 0x61, 0x15, 0xfd,
    0xe2, 0xa1, 0x27, 0xfd, 0xe7, 0xd7, 0x21, 0xfd, 0x6e, 0x6c, 0x0b, 0xfd, 0x70, 0x63, 0x14, 0xfd,
    0x8b, 0x7a, 0x2e, 0xfd, 0x18, 0x10, 0x15, 0xfd, 0x14, 0x17, 0x2d, 0xfd, 0x00, 0x93, 0xd9, 0xfd,
    0x11, 0xb7, 0xf7, 0xfd, 0x14, 0x29, 0x51, 0xfd, 0x1e, 0x19, 0x1d, 0xfd, 0x24, 0x1f, 0x1f, 0xff,
    0x2c, 0x27, 0x27, 0xff, 0x2c, 0x27, 0x27, 0x34, 0x00, 0x00, 0x00, 0x00, 0x00, 0x00, 0x00, 0x00,
    0x00, 0x00, 0x00, 0x00, 0x00, 0x00, 0x00, 0x00, 0x29, 0x25, 0x21, 0x3d, 0x32, 0x2a, 0x28, 0xff,
    0x28, 0x20, 0x1d, 0xfe, 0x26, 0x1f, 0x1b, 0xfd, 0x25, 0x1d, 0x19, 0xfd, 0x23, 0x1b, 0x17, 0xfd,
    0x19, 0x0d, 0x0a, 0xfd, 0x93, 0x7d, 0x0f, 0xfd, 0xbe, 0xab, 0x84, 0xfd, 0x39, 0x30, 0x26, 0xfd,
    0x8c, 0x58, 0x00, 0xfd, 0x57, 0x31, 0x09, 0xfd, 0x30, 0x22, 0x17, 0xfd, 0x51, 0x36, 0x15, 0xfd,
    0x7a, 0x51, 0x06, 0xfd, 0x92, 0x5e, 0x02, 0xfd, 0x90, 0x5b, 0x03, 0xfd, 0x7c, 0x4b, 0x03, 0xfd,
    0x4e, 0x30, 0x0d, 0xfd, 0x39, 0x26, 0x15, 0xfd, 0x2d, 0x24, 0x1f, 0xfd, 0x28, 0x21, 0x24, 0xfd,
    0x76, 0x47, 0x0a, 0xfd, 0x43, 0x2d, 0x0a, 0xfc, 0x94, 0x84, 0x7b, 0xfd, 0xaf, 0x98, 0x27, 0xfd,
    0x23, 0x14, 0x00, 0xfc, 0x0a, 0x04, 0x09, 0xfd, 0x7b, 0x55, 0x07, 0xfd, 0xc5, 0x7a, 0x13, 0xfd,
    0xc9, 0xa9, 0x26, 0xfd, 0x94, 0x94, 0x14, 0xfd, 0x05, 0x00, 0x15, 0xfd, 0x0d, 0x05, 0x0c, 0xfd,
    0x69, 0x52, 0x1f, 0xfd, 0x36, 0x3c, 0x3c, 0xfd, 0x15, 0x4e, 0x79, 0xfd, 0x08, 0x22, 0x5a, 0xfc,
    0x02, 0xb2, 0xf1, 0xfd, 0x12, 0x88, 0xc7, 0xfd, 0x16, 0x14, 0x28, 0xfd, 0x22, 0x1e, 0x1f, 0xfe,
    0x2c, 0x27, 0x27, 0xff, 0x2c, 0x27, 0x27, 0x34, 0x00, 0x00, 0x00, 0x00, 0x00, 0x00, 0x00, 0x00,
    0x00, 0x00, 0x00, 0x00, 0x00, 0x00, 0x00, 0x00, 0x29, 0x25, 0x20, 0x3e, 0x31, 0x2a, 0x27, 0xff,
    0x28, 0x20, 0x1d, 0xfe, 0x27, 0x1f, 0x1c, 0xfd, 0x25, 0x1e, 0x1a, 0xfd, 0x24, 0x1c, 0x17, 0xfd,
    0x1c, 0x13, 0x12, 0xfd, 0x4e, 0x3c, 0x00, 0xfd, 0xcd, 0xba, 0x4c, 0xfd, 0x89, 0x78, 0x7e, 0xfd,
    0x42, 0x30, 0x0b, 0xfd, 0x93, 0x56, 0x00, 0xfd, 0x56, 0x2f, 0x06, 0xfd, 0x31, 0x1d, 0x0d, 0xfd,
    0x3b, 0x24, 0x0c, 0xfd, 0x45, 0x28, 0x07, 0xfd, 0x4a, 0x2b, 0x07, 0xfd, 0x3f, 0x25, 0x0a, 0xfd,
    0x33, 0x1f, 0x0c, 0xfd, 0x2a, 0x1a, 0x0f, 0xfd, 0x35, 0x20, 0x10, 0xfd, 0x6a, 0x3b, 0x04, 0xfd,
    0x50, 0x2c, 0x00, 0xfd, 0x69, 0x5e, 0x5e, 0xfd, 0xbe, 0xa6, 0x5e, 0xfd, 0x72, 0x5e, 0x01, 0xfd,
    0x2e, 0x1b, 0x01, 0xfd, 0x97, 0x70, 0x00, 0xfd, 0xb3, 0x6f, 0x0b, 0xfd, 0x96, 0x6d, 0x4a, 0xfd,
    0xd5, 0xcb, 0x29, 0xfd, 0x3b, 0x3a, 0x0d, 0xfd, 0x06, 0x02, 0x0b, 0xfd, 0x1a, 0x13, 0x0d, 0xfd,
    0x37, 0x27, 0x1c, 0xfd, 0x33, 0x31, 0x3c, 0xfd, 0x04, 0xaf, 0xf6, 0xfd, 0x11, 0x6e, 0xab, 0xfc,
    0x00, 0x4d, 0x8e, 0xfd, 0x0b, 0xc8, 0xfe, 0xfd, 0x12, 0x30, 0x5a, 0xfd, 0x1e, 0x19, 0x1b, 0xff,
    0x2c, 0x27, 0x27, 0xff, 0x2b, 0x26, 0x26, 0x35, 0x00, 0x00, 0x00, 0x00, 0x00, 0x00, 0x00, 0x00,
    0x00, 0x00, 0x00, 0x00, 0x00, 0x00, 0x00, 0x00, 0x29, 0x25, 0x21, 0x3d, 0x31, 0x2a, 0x27, 0xff,
    0x27, 0x20, 0x1d, 0xfe, 0x27, 0x20, 0x1c, 0xfd, 0x27, 0x1f, 0x1b, 0xfd, 0x25, 0x1d, 0x18, 0xfd,
    0x23, 0x1b, 0x15, 0xfd, 0x1b, 0x0d, 0x09, 0xfd, 0x8c, 0x76, 0x03, 0xfd, 0xcc, 0xb5, 0x63, 0xfd,
    0x7e, 0x6d, 0x71, 0xfd, 0x4e, 0x3c, 0x1f, 0xfd, 0x70, 0x41, 0x00, 0xfd, 0x68, 0x35, 0x00, 0xfd,
    0x59, 0x2d, 0x00, 0xfd, 0x50, 0x28, 0x00, 0xfd, 0x4d, 0x25, 0x00, 0xfd, 0x4e, 0x26, 0x00, 0xfd,
    0x51, 0x28, 0x00, 0xfd, 0x59, 0x2c, 0x00, 0xfd, 0x61, 0x32, 0x00, 0xfd, 0x54, 0x35, 0x0e, 0xfd,
    0x6b, 0x5f, 0x5a, 0xfd, 0xac, 0x94, 0x6a, 0xfd, 0xa2, 0x8e, 0x0e, 0xfd, 0x3b, 0x1c, 0x00, 0xfd,
    0xc5, 0x93, 0x00, 0xfd, 0xc9, 0x95, 0x10, 0xfd, 0xb2, 0x91, 0x7e, 0xfd, 0xcf, 0xbd, 0x9c, 0xfd,
    0xbd, 0xb7, 0x16, 0xfd, 0x18, 0x11, 0x07, 0xfd, 0x18, 0x0b, 0x01, 0xfd, 0x18, 0x0f, 0x0d, 0xfd,
    0x20, 0x2e, 0x40, 0xfd, 0x1c, 0x4b, 0x77, 0xfd, 0x02, 0x4a, 0x85, 0xfd, 0x0c, 0xc0, 0xfb, 0xfd,
    0x06, 0x38, 0x79, 0xfd, 0x05, 0xc0, 0xf6, 0xfd, 0x0e, 0x62, 0x95, 0xfd, 0x1a, 0x12, 0x1c, 0xff,
    0x2b, 0x26, 0x26, 0xff, 0x2c, 0x22, 0x27, 0x34, 0x00, 0x00, 0x00, 0x00, 0x00, 0x00, 0x00, 0x00,
    0x00, 0x00, 0x00, 0x00, 0x00, 0x00, 0x00, 0x00, 0x29, 0x21, 0x21, 0x3d, 0x31, 0x29, 0x26, 0xff,
    0x28, 0x20, 0x1e, 0xfe, 0x27, 0x20, 0x1d, 0xfd, 0x26, 0x1f, 0x1b, 0xfd, 0x25, 0x1d, 0x19, 0xfd,
    0x24, 0x1c, 0x17, 0xfd, 0x1f, 0x17, 0x12, 0xfd, 0x25, 0x15, 0x04, 0xfd, 0x9c, 0x86, 0x04, 0xfd,
    0xc4, 0xa8, 0x46, 0xfd, 0x93, 0x7a, 0x6c, 0xfd, 0x61, 0x56, 0x51, 0xfd, 0x5c, 0x4a, 0x35, 0xfd,
    0x5e, 0x44, 0x25, 0xfd, 0x60, 0x44, 0x22, 0xfd, 0x66, 0x49, 0x26, 0xfd, 0x5e, 0x42, 0x21, 0xfd,
    0x5b, 0x40, 0x22, 0xfd, 0x5c, 0x47, 0x2f, 0xfd, 0x60, 0x54, 0x4b, 0xfd, 0x7d, 0x6e, 0x68, 0xfd,
    0xad, 0x92, 0x53, 0xfd, 0xac, 0x95, 0x0d, 0xfd, 0x2e, 0x1f, 0x00, 0xfc, 0x64, 0x41, 0x21, 0xfd,
    0xd3, 0xb5, 0x2b, 0xfd, 0xb6, 0x9d, 0x6e, 0xfd, 0xdb, 0xcc, 0xcf, 0xfd, 0xd0, 0xc0, 0x86, 0xfd,
    0x9d, 0x99, 0x03, 0xfd, 0x77, 0x59, 0x08, 0xfd, 0xe0, 0xc5, 0x24, 0xfd, 0x44, 0x36, 0x19, 0xfd,
    0x11, 0x25, 0x45, 0xfd, 0x0b, 0xb4, 0xf3, 0xfd, 0x07, 0x46, 0x85, 0xfd, 0x05, 0xae, 0xe2, 0xfd,
    0x05, 0x5c, 0x9d, 0xfd, 0x04, 0xa3, 0xd8, 0xfd, 0x0a, 0x8a, 0xbd, 0xfd, 0x17, 0x10, 0x22, 0xff,
    0x2b, 0x25, 0x25, 0xff, 0x27, 0x22, 0x22, 0x34, 0x00, 0x00, 0x00, 0x00, 0x00, 0x00, 0x00, 0x00,
    0x00, 0x00, 0x00, 0x00, 0x00, 0x00, 0x00, 0x00, 0x29, 0x20, 0x20, 0x3e, 0x30, 0x29, 0x26, 0xff,
    0x28, 0x20, 0x1d, 0xfe, 0x27, 0x1f, 0x1c, 0xfd, 0x26, 0x1e, 0x1a, 0xfd, 0x25, 0x1d, 0x19, 0xfd,
    0x24, 0x1c, 0x18, 0xfd, 0x22, 0x1a, 0x14, 0xfd, 0x1d, 0x14, 0x10, 0xfd, 0x21, 0x11, 0x04, 0xfd,
    0x78, 0x61, 0x00, 0xfd, 0xad, 0x8d, 0x13, 0xfd, 0xa5, 0x7e, 0x32, 0xfd, 0x8a, 0x69, 0x46, 0xfd,
    0x63, 0x51, 0x46, 0xfd, 0x6f, 0x5d, 0x50, 0xfd, 0xa4, 0x90, 0x7e, 0xfd, 0x6d, 0x5a, 0x4d, 0xfd,
    0x5c, 0x4a, 0x40, 0xfd, 0x7b, 0x61, 0x49, 0xfd, 0x9b, 0x76, 0x3c, 0xfd, 0xa4, 0x82, 0x1c, 0xfd,
    0x89, 0x6e, 0x00, 0xfd, 0x2b, 0x1c, 0x00, 0xfc, 0x0a, 0x02, 0x03, 0xfc, 0x7b, 0x69, 0x4b, 0xfd,
    0xc4, 0xb1, 0x2e, 0xfd, 0x7d, 0x67, 0x53, 0xfd, 0x80, 0x6a, 0x66, 0xfd, 0xa0, 0x8c, 0x3e, 0xfd,
    0x9d, 0x9a, 0x04, 0xfd, 0x7b, 0x58, 0x04, 0xfd, 0xe1, 0xbe, 0x17, 0xfd, 0x7e, 0x71, 0x21, 0xfd,
    0x1c, 0x0e, 0x20, 0xfd, 0x08, 0x92, 0xc4, 0xfd, 0x01, 0x6b, 0xac, 0xfd, 0x05, 0x9a, 0xcc, 0xfd,
    0x02, 0x6f, 0xae, 0xfd, 0x03, 0x95, 0xca, 0xfd, 0x05, 0x97, 0xca, 0xfd, 0x15, 0x10, 0x25, 0xff,
    0x29, 0x24, 0x24, 0xff, 0x27, 0x22, 0x22, 0x34, 0x00, 0x00, 0x00, 0x00, 0x00, 0x00, 0x00, 0x00,
    0x00, 0x00, 0x00, 0x00, 0x00, 0x00, 0x00, 0x00, 0x29, 0x20, 0x20, 0x3e, 0x30, 0x28, 0x25, 0xff,
    0x27, 0x20, 0x1d, 0xfe, 0x25, 0x1e, 0x1b, 0xfd, 0x25, 0x1d, 0x1a, 0xfd, 0x25, 0x1e, 0x19, 0xfd,
    0x25, 0x1d, 0x18, 0xfd, 0x23, 0x1c, 0x16, 0xfd, 0x22, 0x1a, 0x14, 0xfd, 0x1d, 0x15, 0x0f, 0xfd,
    0x14, 0x08, 0x09, 0xfd, 0x2d, 0x1e, 0x00, 0xfd, 0x55, 0x3e, 0x00, 0xfd, 0x4f, 0x30, 0x00, 0xfd,
    0x40, 0x24, 0x01, 0xfd, 0x5e, 0x4f, 0x44, 0xfd, 0x89, 0x72, 0x5f, 0xfd, 0x26, 0x18, 0x0c, 0xfd,
    0x35, 0x2c, 0x2b, 0xfd, 0x45, 0x29, 0x09, 0xfd, 0x52, 0x36, 0x00, 0xfd, 0x36, 0x26, 0x00, 0xfd,
    0x0f, 0x04, 0x02, 0xfc, 0x12, 0x0a, 0x07, 0xfd, 0x17, 0x0f, 0x09, 0xfc, 0x44, 0x32, 0x16, 0xfc,
    0x93, 0x77, 0x04, 0xfd, 0x40, 0x2e, 0x20, 0xfd, 0x42, 0x31, 0x30, 0xfd, 0x84, 0x6f, 0x22, 0xfd,
    0xa8, 0xa2, 0x04, 0xfd, 0x20, 0x0f, 0x02, 0xfd, 0x4f, 0x38, 0x00, 0xfd, 0x6a, 0x5c, 0x04, 0xfd,
    0x34, 0x27, 0x31, 0xfd, 0x0e, 0xa7, 0xdb, 0xfd, 0x00, 0x59, 0x9d, 0xfd, 0x05, 0xa2, 0xd6, 0xfd,
    0x02, 0x64, 0xa4, 0xfd, 0x05, 0x9c, 0xd1, 0xfd, 0x03, 0x8a, 0xc1, 0xfd, 0x17, 0x10, 0x22, 0xff,
    0x2a, 0x25, 0x24, 0xff, 0x26, 0x21, 0x21, 0x35, 0x00, 0x00, 0x00, 0x00, 0x00, 0x00, 0x00, 0x00,
    0x00, 0x00, 0x00, 0x00, 0x00, 0x00, 0x00, 0x00, 0x23, 0x1e, 0x1e, 0x3a, 0x30, 0x28, 0x26, 0xff,
    0x28, 0x21, 0x1e, 0xff, 0x26, 0x1f, 0x1c, 0xfd, 0x25, 0x1e, 0x1a, 0xfd, 0x25, 0x1d, 0x19, 0xfd,
    0x25, 0x1d, 0x19, 0xfd, 0x24, 0x1c, 0x17, 0xfd, 0x22, 0x1b, 0x15, 0xfd, 0x20, 0x18, 0x13, 0xfd,
    0x1e, 0x16, 0x10, 0xfd, 0x13, 0x0c, 0x0c, 0xfd, 0x00, 0x00, 0x08, 0xfd, 0x1d, 0x15, 0x00, 0xfd,
    0x74, 0x49, 0x00, 0xfd, 0x99, 0x87, 0x7b, 0xfd, 0xcc, 0xb1, 0x96, 0xfd, 0x33, 0x1f, 0x0c, 0xfd,
    0x61, 0x5a, 0x5e, 0xfd, 0x46, 0x36, 0x24, 0xfd, 0x00, 0x00, 0x00, 0xfd, 0x06, 0x01, 0x05, 0xfd,
    0x16, 0x0f, 0x09, 0xfd, 0x19, 0x12, 0x0c, 0xfd, 0x16, 0x0f, 0x0a, 0xfd, 0x34, 0x1f, 0x07, 0xfd,
    0x7b, 0x55, 0x02, 0xfd, 0x35, 0x22, 0x10, 0xfd, 0x31, 0x21, 0x1d, 0xfd, 0x6c, 0x57, 0x1a, 0xfd,
    0xb3, 0xaa, 0x02, 0xfd, 0x12, 0x06, 0x02, 0xfd, 0x53, 0x36, 0x00, 0xfd, 0x5a, 0x41, 0x0d, 0xfd,
    0x3f, 0x4a, 0x57, 0xfd, 0x03, 0x83, 0xca, 0xfd, 0x03, 0x3a, 0x77, 0xfd, 0x05, 0xb8, 0xf6, 0xfd,
    0x01, 0x42, 0x86, 0xfd, 0x05, 0xb0, 0xec, 0xfd, 0x03, 0x65, 0xa2, 0xfd, 0x1a, 0x12, 0x1d, 0xff,
    0x2a, 0x25, 0x25, 0xff, 0x29, 0x24, 0x1f, 0x31, 0x00, 0x00, 0x00, 0x00, 0x00, 0x00, 0x00, 0x00,
    0x00, 0x00, 0x00, 0x00, 0x00, 0x00, 0x00, 0x00, 0x1e, 0x18, 0x18, 0x2a, 0x2e, 0x27, 0x24, 0xfe,
    0x29, 0x22, 0x1f, 0xff, 0x27, 0x1f, 0x1c, 0xfd, 0x26, 0x1e, 0x1b, 0xfd, 0x25, 0x1d, 0x19, 0xfd,
    0x25, 0x1d, 0x19, 0xfd, 0x24, 0x1c, 0x17, 0xfd, 0x23, 0x1b, 0x15, 0xfd, 0x1e, 0x16, 0x13, 0xfd,
    0x14, 0x0c, 0x0e, 0xfd, 0x2d, 0x1e, 0x08, 0xfd, 0x53, 0x37, 0x04, 0xfd, 0x70, 0x48, 0x00, 0xfd,
    0x71, 0x48, 0x02, 0xfd, 0x9e, 0x8c, 0x80, 0xfd, 0xc6, 0xab, 0x90, 0xfd, 0x37, 0x21, 0x0c, 0xfd,
    0x59, 0x54, 0x5b, 0xfd, 0x71, 0x54, 0x3a, 0xfd, 0x4a, 0x28, 0x00, 0xfd, 0x3b, 0x26, 0x02, 0xfd,
    0x14, 0x09, 0x04, 0xfd, 0x13, 0x0b, 0x0a, 0xfd, 0x11, 0x0d, 0x0b, 0xfd, 0x38, 0x1e, 0x03, 0xfd,
    0xa1, 0x60, 0x00, 0xfd, 0x57, 0x33, 0x07, 0xfd, 0x26, 0x17, 0x11, 0xfd, 0x4c, 0x36, 0x15, 0xfd,
    0xc2, 0xb6, 0x05, 0xfd, 0x1c, 0x15, 0x06, 0xfc, 0x22, 0x13, 0x03, 0xfd, 0x54, 0x40, 0x34, 0xfd,
    0x77, 0x64, 0x5a, 0xfd, 0x1e, 0x21, 0x3d, 0xfd, 0x08, 0x88, 0xcd, 0xfd, 0x01, 0x87, 0xd5, 0xfd,
    0x05, 0x40, 0x7c, 0xfd, 0x03, 0xbc, 0xfe, 0xfd, 0x07, 0x33, 0x66, 0xfd, 0x1e, 0x18, 0x1b, 0xff,
    0x29, 0x24, 0x24, 0xfb, 0x24, 0x1d, 0x1d, 0x23, 0x00, 0x00, 0x00, 0x00, 0x00, 0x00, 0x00, 0x00,
    0x00, 0x00, 0x00, 0x00, 0x00, 0x00, 0x00, 0x00, 0x13, 0x00, 0x00, 0x0d, 0x2b, 0x24, 0x21, 0xeb,
    0x2b, 0x23, 0x20, 0xff, 0x26, 0x1f, 0x1b, 0xfd, 0x26, 0x1e, 0x1b, 0xfd, 0x25, 0x1d, 0x1a, 0xfd,
    0x25, 0x1d, 0x18, 0xfd, 0x25, 0x1c, 0x16, 0xfd, 0x1e, 0x15, 0x14, 0xfd, 0x29, 0x1a, 0x0b, 0xfd,
    0x80, 0x5c, 0x03, 0xfd, 0xea, 0xb1, 0x00, 0xfd, 0xfe, 0xb6, 0x00, 0xfd, 0x9f, 0x56, 0x00, 0xfd,
    0x3d, 0x1f, 0x00, 0xfd, 0x8c, 0x7a, 0x6c, 0xfd, 0xad, 0x95, 0x7a, 0xfd, 0x32, 0x1e, 0x0b, 0xfd,
    0x3b, 0x38, 0x3c, 0xfd, 0x65, 0x45, 0x32, 0xfd, 0xe2, 0x7e, 0x00, 0xfd, 0xfe, 0xb1, 0x00, 0xfd,
    0xa6, 0x71, 0x0c, 0xfd, 0x3d, 0x26, 0x02, 0xfd, 0x13, 0x09, 0x07, 0xfd, 0x13, 0x0c, 0x07, 0xfc,
    0x5c, 0x38, 0x01, 0xfd, 0x8c, 0x52, 0x01, 0xfd, 0x50, 0x2b, 0x0b, 0xfd, 0x28, 0x14, 0x13, 0xfd,
    0xc5, 0xb1, 0x05, 0xfd, 0x4c, 0x48, 0x13, 0xfd, 0x16, 0x0f, 0x19, 0xfd, 0x62, 0x4d, 0x42, 0xfd,
    0x88, 0x6b, 0x59, 0xfd, 0x41, 0x43, 0x40, 0xfd, 0x00, 0x71, 0xc7, 0xfd, 0x03, 0x27, 0x63, 0xfc,
    0x09, 0x91, 0xd4, 0xfd, 0x00, 0x85, 0xda, 0xfd, 0x10, 0x13, 0x2a, 0xfd, 0x24, 0x1f, 0x1f, 0xff,
    0x29, 0x23, 0x23, 0xe4, 0x00, 0x00, 0x00, 0x09, 0x00, 0x00, 0x00, 0x00, 0x00, 0x00, 0x00, 0x00,
    0x00, 0x00, 0x00, 0x00, 0x00, 0x00, 0x00, 0x00, 0x00, 0x00, 0x00, 0x00, 0x27, 0x20, 0x1d, 0xb6,
    0x2e, 0x26, 0x23, 0xff, 0x26, 0x1f, 0x1c, 0xfd, 0x26, 0x1e, 0x1b, 0xfd, 0x25, 0x1e, 0x1a, 0xfd,
    0x24, 0x1d, 0x18, 0xfd, 0x20, 0x18, 0x15, 0xfd, 0x2e, 0x20, 0x0d, 0xfd, 0xd4, 0xc2, 0x03, 0xfd,
    0xc7, 0x85, 0x00, 0xfd, 0x7e, 0x4b, 0x05, 0xfd, 0xbe, 0x86, 0x2c, 0xfd, 0xe4, 0xb4, 0x6c, 0xfd,
    0xa5, 0x8c, 0x71, 0xfd, 0x88, 0x6d, 0x55, 0xfd, 0x75, 0x5b, 0x43, 0xfd, 0x58, 0x41, 0x2c, 0xfd,
    0x4a, 0x35, 0x26, 0xfd, 0x6e, 0x42, 0x1d, 0xfd, 0xa9, 0x6b, 0x27, 0xfd, 0xa1, 0x83, 0x66, 0xfd,
    0x83, 0x59, 0x3c, 0xfd, 0xe6, 0xbc, 0x00, 0xfd, 0x60, 0x4b, 0x01, 0xfd, 0x0c, 0x05, 0x08, 0xfc,
    0x04, 0x04, 0x07, 0xfc, 0x10, 0x0a, 0x03, 0xfc, 0x76, 0x40, 0x02, 0xfd, 0x5f, 0x2e, 0x0e, 0xfc,
    0x8e, 0x70, 0x07, 0xfd, 0xac, 0x9e, 0x0e, 0xfd, 0x21, 0x1a, 0x33, 0xfd, 0x3f, 0x33, 0x44, 0xfd,
    0x7c, 0x66, 0x30, 0xfd, 0x45, 0x3c, 0x14, 0xfd, 0x05, 0x07, 0x26, 0xfd, 0x0d, 0x6b, 0xaa, 0xfd,
    0x01, 0xa7, 0xfe, 0xfd, 0x06, 0x2b, 0x60, 0xfd, 0x1a, 0x15, 0x18, 0xfd, 0x29, 0x24, 0x23, 0xff,
    0x24, 0x20, 0x1e, 0xae, 0x00, 0x00, 0x00, 0x00, 0x00, 0x00, 0x00, 0x00, 0x00, 0x00, 0x00, 0x00,
    0x00, 0x00, 0x00, 0x00, 0x00, 0x00, 0x00, 0x00, 0x00, 0x00, 0x00, 0x00, 0x1d, 0x17, 0x14, 0x57,
    0x2e, 0x26, 0x23, 0xff, 0x27, 0x20, 0x1d, 0xfe, 0x26, 0x1e, 0x1b, 0xfd, 0x25, 0x1e, 0x1a, 0xfd,
    0x24, 0x1d, 0x18, 0xfd, 0x18, 0x11, 0x13, 0xfd, 0x6c, 0x48, 0x06, 0xfd, 0xe8, 0xbf, 0x01, 0xfd,
    0xbf, 0xa1, 0x00, 0xfd, 0x6c, 0x52, 0x00, 0xfd, 0x72, 0x57, 0x26, 0xfd, 0xbe, 0xaa, 0x8e, 0xfd,
    0xc9, 0xae, 0x91, 0xfd, 0x8e, 0x69, 0x4a, 0xfd, 0x5e, 0x3f, 0x2a, 0xfd, 0x42, 0x2a, 0x1a, 0xfd,
    0x34, 0x1e, 0x0e, 0xfd, 0x2f, 0x1c, 0x09, 0xfd, 0x41, 0x35, 0x23, 0xfd, 0x69, 0x65, 0x49, 0xfd,
    0x9d, 0x8a, 0x1b, 0xfd, 0xd8, 0xc5, 0x25, 0xfd, 0x84, 0x58, 0x11, 0xfd, 0x10, 0x07, 0x04, 0xfc,
    0x16, 0x10, 0x0b, 0xfc, 0x0c, 0x0a, 0x0a, 0xfc, 0x13, 0x0d, 0x05, 0xfc, 0x85, 0x49, 0x03, 0xfd,
    0x86, 0x46, 0x08, 0xfd, 0xcf, 0xad, 0x00, 0xfd, 0x84, 0x79, 0x20, 0xfd, 0x65, 0x5c, 0x2e, 0xfd,
    0x9f, 0x8a, 0x10, 0xfd, 0x18, 0x0f, 0x08, 0xfd, 0x10, 0x2b, 0x48, 0xfd, 0x03, 0x93, 0xf6, 0xfd,
    0x04, 0x3e, 0x85, 0xfd, 0x15, 0x12, 0x1c, 0xfd, 0x21, 0x1e, 0x1e, 0xfe, 0x2a, 0x24, 0x23, 0xff,
    0x1d, 0x16, 0x16, 0x4e, 0x00, 0x00, 0x00, 0x00, 0x00, 0x00, 0x00, 0x00, 0x00, 0x00, 0x00, 0x00,
    0x00, 0x00, 0x00, 0x00, 0x00, 0x00, 0x00, 0x00, 0x00, 0x00, 0x00, 0x00, 0x00, 0x00, 0x00, 0x04,
    0x24, 0x1e, 0x1a, 0xd1, 0x2f, 0x26, 0x23, 0xff, 0x26, 0x1f, 0x1b, 0xfd, 0x26, 0x1e, 0x1a, 0xfd,
    0x25, 0x1d, 0x18, 0xfd, 0x17, 0x13, 0x14, 0xfd, 0x72, 0x44, 0x03, 0xfd, 0x6c, 0x3a, 0x02, 0xfd,
    0x85, 0x67, 0x14, 0xfd, 0xe6, 0xcb, 0x4d, 0xfd, 0xe7, 0xd5, 0x61, 0xfd, 0xc7, 0xae, 0x2d, 0xfd,
    0xb6, 0x9a, 0x13, 0xfd, 0xac, 0x90, 0x09, 0xfd, 0xa6, 0x89, 0x02, 0xfd, 0xa0, 0x83, 0x00, 0xfd,
    0xa0, 0x82, 0x00, 0xfd, 0xa0, 0x82, 0x00, 0xfd, 0x9d, 0x80, 0x00, 0xfd, 0x98, 0x7e, 0x08, 0xfd,
    0x98, 0x9d, 0x76, 0xfd, 0x62, 0x68, 0x88, 0xfd, 0x5b, 0x36, 0x1c, 0xfd, 0x18, 0x0f, 0x04, 0xfc,
    0x19, 0x13, 0x0f, 0xfd, 0x19, 0x13, 0x0f, 0xfc, 0x0f, 0x0c, 0x0c, 0xfc, 0x0d, 0x0b, 0x07, 0xfc,
    0x60, 0x35, 0x03, 0xfd, 0x86, 0x4e, 0x02, 0xfd, 0xc7, 0xa0, 0x00, 0xfd, 0xbc, 0xa0, 0x03, 0xfd,
    0x37, 0x2c, 0x08, 0xfd, 0x0e, 0x0b, 0x12, 0xfd, 0x19, 0x1c, 0x25, 0xfd, 0x11, 0x20, 0x3d, 0xfd,
    0x17, 0x15, 0x1e, 0xfd, 0x1f, 0x1c, 0x1c, 0xfd, 0x2b, 0x25, 0x24, 0xff, 0x23, 0x1d, 0x1a, 0xca,
    0x00, 0x00, 0x00, 0x02, 0x00, 0x00, 0x00, 0x00, 0x00, 0x00, 0x00, 0x00, 0x00, 0x00, 0x00, 0x00,
    0x00, 0x00, 0x00, 0x00, 0x00, 0x00, 0x00, 0x00, 0x00, 0x00, 0x00, 0x00, 0x00, 0x00, 0x00, 0x00,
    0x13, 0x0e, 0x09, 0x34, 0x28, 0x20, 0x1d, 0xfb, 0x2e, 0x25, 0x22, 0xff, 0x27, 0x1f, 0x1c, 0xfd,
    0x26, 0x1e, 0x1a, 0xfd, 0x20, 0x1a, 0x17, 0xfd, 0x24, 0x17, 0x0a, 0xfd, 0x36, 0x21, 0x06, 0xfd,
    0x57, 0x40, 0x30, 0xfd, 0xc1, 0xa4, 0x91, 0xfd, 0xef, 0xd5, 0xbe, 0xfd, 0xc0, 0x9d, 0x70, 0xfd,
    0x91, 0x6c, 0x36, 0xfd, 0x78, 0x59, 0x1a, 0xfd, 0x6c, 0x50, 0x0a, 0xfd, 0x5e, 0x43, 0x03, 0xfd,
    0x4f, 0x36, 0x02, 0xfd, 0x3e, 0x28, 0x03, 0xfd, 0x2f, 0x1c, 0x05, 0xfd, 0x30, 0x20, 0x1c, 0xfd,
    0x54, 0x57, 0x70, 0xfd, 0x50, 0x54, 0x67, 0xfd, 0x1f, 0x14, 0x0e, 0xfd, 0x16, 0x10, 0x0b, 0xfd,
    0x1e, 0x17, 0x13, 0xfd, 0x1e, 0x17, 0x13, 0xfd, 0x1c, 0x16, 0x12, 0xfd, 0x15, 0x11, 0x0f, 0xfc,
    0x08, 0x08, 0x0b, 0xfc, 0x17, 0x0e, 0x07, 0xfd, 0x18, 0x0a, 0x06, 0xfd, 0x0f, 0x06, 0x08, 0xfd,
    0x0e, 0x0a, 0x0e, 0xfd, 0x1e, 0x19, 0x16, 0xfd, 0x20, 0x1a, 0x18, 0xfd, 0x21, 0x19, 0x15, 0xfd,
    0x22, 0x1d, 0x1b, 0xfd, 0x29, 0x23, 0x22, 0xff, 0x27, 0x1f, 0x1b, 0xf8, 0x16, 0x10, 0x0b, 0x2e,
    0x00, 0x00, 0x00, 0x00, 0x00, 0x00, 0x00, 0x00, 0x00, 0x00, 0x00, 0x00, 0x00, 0x00, 0x00, 0x00,
    0x00, 0x00, 0x00, 0x00, 0x00, 0x00, 0x00, 0x00, 0x00, 0x00, 0x00, 0x00, 0x00, 0x00, 0x00, 0x00,
    0x00, 0x00, 0x00, 0x00, 0x18, 0x12, 0x0c, 0x55, 0x29, 0x21, 0x1c, 0xfe, 0x2f, 0x27, 0x22, 0xff,
    0x28, 0x20, 0x1c, 0xfd, 0x26, 0x1e, 0x1a, 0xfd, 0x1e, 0x19, 0x17, 0xfd, 0x15, 0x10, 0x0e, 0xfd,
    0x1c, 0x14, 0x0e, 0xfc, 0x3e, 0x32, 0x29, 0xfd, 0x62, 0x50, 0x40, 0xfd, 0x5c, 0x46, 0x33, 0xfd,
    0x4c, 0x37, 0x26, 0xfd, 0x3f, 0x2c, 0x1b, 0xfd, 0x36, 0x23, 0x12, 0xfd, 0x2e, 0x1b, 0x0b, 0xfd,
    0x29, 0x18, 0x08, 0xfd, 0x25, 0x16, 0x07, 0xfd, 0x22, 0x16, 0x09, 0xfd, 0x21, 0x18, 0x10, 0xfd,
    0x1b, 0x15, 0x13, 0xfd, 0x11, 0x0b, 0x08, 0xfd, 0x16, 0x11, 0x0e, 0xfd, 0x20, 0x19, 0x15, 0xfd,
    0x22, 0x1b, 0x17, 0xfd, 0x22, 0x1b, 0x17, 0xfd, 0x21, 0x1a, 0x16, 0xfd, 0x1f, 0x18, 0x15, 0xfd,
    0x1c, 0x16, 0x13, 0xfd, 0x17, 0x13, 0x11, 0xfd, 0x15, 0x11, 0x11, 0xfd, 0x19, 0x14, 0x13, 0xfd,
    0x1e, 0x18, 0x15, 0xfd, 0x21, 0x1b, 0x18, 0xfd, 0x23, 0x1c, 0x1a, 0xfd, 0x25, 0x1e, 0x1c, 0xfd,
    0x2c, 0x25, 0x21, 0xff, 0x26, 0x1f, 0x1a, 0xfb, 0x1a, 0x10, 0x0d, 0x4e, 0x00, 0x00, 0x00, 0x00,
    0x00, 0x00, 0x00, 0x00, 0x00, 0x00, 0x00, 0x00, 0x00, 0x00, 0x00, 0x00, 0x00, 0x00, 0x00, 0x00,
    0x00, 0x00, 0x00, 0x00, 0x00, 0x00, 0x00, 0x00, 0x00, 0x00, 0x00, 0x00, 0x00, 0x00, 0x00, 0x00,
    0x00, 0x00, 0x00, 0x00, 0x00, 0x00, 0x00, 0x00, 0x16, 0x0e, 0x0b, 0x45, 0x24, 0x1c, 0x18, 0xdd,
    0x2e, 0x25, 0x20, 0xff, 0x2d, 0x25, 0x20, 0xff, 0x29, 0x21, 0x1d, 0xff, 0x26, 0x1f, 0x1b, 0xfd,
    0x1f, 0x19, 0x17, 0xfd, 0x13, 0x0f, 0x0d, 0xfd, 0x0b, 0x07, 0x06, 0xfd, 0x0d, 0x0a, 0x08, 0xfd,
    0x12, 0x0d, 0x0a, 0xfd, 0x14, 0x0f, 0x0b, 0xfd, 0x15, 0x0f, 0x0b, 0xfd, 0x16, 0x10, 0x0b, 0xfd,
    0x16, 0x10, 0x0c, 0xfd, 0x16, 0x10, 0x0d, 0xfd, 0x16, 0x11, 0x0e, 0xfd, 0x17, 0x12, 0x0f, 0xfd,
    0x1a, 0x14, 0x11, 0xfd, 0x20, 0x1a, 0x16, 0xfd, 0x24, 0x1d, 0x19, 0xfd, 0x25, 0x1e, 0x1a, 0xfd,
    0x25, 0x1e, 0x1a, 0xfd, 0x26, 0x1e, 0x1a, 0xfd, 0x25, 0x1e, 0x1a, 0xfd, 0x24, 0x1d, 0x19, 0xfd,
    0x23, 0x1c, 0x19, 0xfd, 0x22, 0x1b, 0x18, 0xfd, 0x22, 0x1c, 0x18, 0xfd, 0x23, 0x1c, 0x19, 0xfd,
    0x24, 0x1e, 0x1a, 0xfd, 0x27, 0x20, 0x1d, 0xff, 0x2b, 0x23, 0x1f, 0xff, 0x2d, 0x24, 0x1f, 0xff,
    0x25, 0x1c, 0x16, 0xd9, 0x14, 0x10, 0x08, 0x3e, 0x00, 0x00, 0x00, 0x00, 0x00, 0x00, 0x00, 0x00,
    0x00, 0x00, 0x00, 0x00, 0x00, 0x00, 0x00, 0x00, 0x00, 0x00, 0x00, 0x00, 0x00, 0x00, 0x00, 0x00,
    0x00, 0x00, 0x00, 0x00, 0x00, 0x00, 0x00, 0x00, 0x00, 0x00, 0x00, 0x00, 0x00, 0x00, 0x00, 0x00,
    0x00, 0x00, 0x00, 0x00, 0x00, 0x00, 0x00, 0x00, 0x00, 0x00, 0x00, 0x00, 0x00, 0x00, 0x00, 0x0e,
    0x1d, 0x16, 0x10, 0x7b, 0x26, 0x1d, 0x17, 0xd6, 0x29, 0x20, 0x1b, 0xff, 0x2c, 0x23, 0x1d, 0xff,
    0x2d, 0x24, 0x1e, 0xff, 0x2d, 0x24, 0x1e, 0xff, 0x2c, 0x23, 0x1e, 0xff, 0x2b, 0x23, 0x1e, 0xff,
    0x2b, 0x23, 0x1d, 0xff, 0x2a, 0x21, 0x1c, 0xff, 0x2a, 0x22, 0x1d, 0xff, 0x2a, 0x22, 0x1d, 0xff,
    0x2a, 0x22, 0x1d, 0xff, 0x2b, 0x22, 0x1d, 0xff, 0x2c, 0x23, 0x1e, 0xff, 0x2c, 0x23, 0x1e, 0xff,
    0x2c, 0x23, 0x1e, 0xff, 0x2c, 0x23, 0x1e, 0xff, 0x2d, 0x24, 0x1e, 0xff, 0x2d, 0x24, 0x1e, 0xff,
    0x2d, 0x23, 0x1e, 0xff, 0x2d, 0x24, 0x1e, 0xff, 0x2d, 0x24, 0x1f, 0xff, 0x2c, 0x24, 0x1e, 0xff,
    0x2c, 0x23, 0x1e, 0xff, 0x2c, 0x23, 0x1e, 0xff, 0x2c, 0x23, 0x1e, 0xff, 0x2c, 0x24, 0x1e, 0xff,
    0x2b, 0x22, 0x1d, 0xff, 0x28, 0x1f, 0x1a, 0xff, 0x25, 0x1c, 0x16, 0xd5, 0x1d, 0x15, 0x0e, 0x77,
    0x00, 0x00, 0x00, 0x0c, 0x00, 0x00, 0x00, 0x00, 0x00, 0x00, 0x00, 0x00, 0x00, 0x00, 0x00, 0x00,
    0x00, 0x00, 0x00, 0x00, 0x00, 0x00, 0x00, 0x00, 0x00, 0x00, 0x00, 0x00, 0x00, 0x00, 0x00, 0x00,
    0x00, 0x00, 0x00, 0x00, 0x00, 0x00, 0x00, 0x00, 0x00, 0x00, 0x00, 0x00, 0x00, 0x00, 0x00, 0x00,
    0x00, 0x00, 0x00, 0x00, 0x00, 0x00, 0x00, 0x00, 0x00, 0x00, 0x00, 0x00, 0x00, 0x00, 0x00, 0x00,
    0x00, 0x00, 0x00, 0x00, 0x00, 0x00, 0x00, 0x03, 0x14, 0x0a, 0x05, 0x31, 0x1c, 0x13, 0x0b, 0x5a,
    0x1f, 0x16, 0x0f, 0x73, 0x20, 0x16, 0x10, 0x7f, 0x20, 0x18, 0x12, 0x7f, 0x20, 0x18, 0x10, 0x7f,
    0x1f, 0x17, 0x0f, 0x80, 0x1f, 0x17, 0x11, 0x80, 0x20, 0x18, 0x12, 0x7f, 0x20, 0x18, 0x10, 0x7f,
    0x1f, 0x17, 0x0f, 0x80, 0x20, 0x18, 0x10, 0x7f, 0x20, 0x18, 0x10, 0x7f, 0x1f, 0x17, 0x0f, 0x80,
    0x1e, 0x16, 0x10, 0x7f, 0x1e, 0x16, 0x10, 0x7f, 0x1e, 0x18, 0x10, 0x7f, 0x1e, 0x16, 0x10, 0x7f,
    0x1d, 0x15, 0x0f, 0x80, 0x1d, 0x15, 0x0f, 0x80, 0x1d, 0x15, 0x0f, 0x80, 0x1d, 0x17, 0x11, 0x80,
    0x1d, 0x17, 0x0f, 0x80, 0x1f, 0x17, 0x0f, 0x81, 0x1e, 0x16, 0x10, 0x7f, 0x1e, 0x15, 0x0f, 0x74,
    0x1c, 0x13, 0x0e, 0x5a, 0x15, 0x0a, 0x05, 0x30, 0x00, 0x00, 0x00, 0x02, 0x00, 0x00, 0x00, 0x00,
    0x00, 0x00, 0x00, 0x00, 0x00, 0x00, 0x00, 0x00, 0x00, 0x00, 0x00, 0x00, 0x00, 0x00, 0x00, 0x00,
    0x00, 0x00, 0x00, 0x00, 0x00, 0x00, 0x00, 0x00, 0x00, 0x00, 0x00, 0x00, 0x00, 0x00, 0x00, 0x00,
    0x00, 0x00, 0x00, 0x00, 0x00, 0x00, 0x00, 0x00, 0x00, 0x00, 0x00, 0x00, 0x00, 0x00, 0x00, 0x00,
    0x00, 0x00, 0x00, 0x00, 0x00, 0x00, 0x00, 0x00, 0x00, 0x00, 0x00, 0x00, 0x00, 0x00, 0x00, 0x00,
    0x00, 0x00, 0x00, 0x00, 0x00, 0x00, 0x00, 0x00, 0x00, 0x00, 0x00, 0x00, 0x00, 0x00, 0x00, 0x00,
    0x00, 0x00, 0x00, 0x00, 0x00, 0x00, 0x00, 0x00, 0x00, 0x00, 0x00, 0x00, 0x00, 0x00, 0x00, 0x00,
    0x00, 0x00, 0x00, 0x00, 0x00, 0x00, 0x00, 0x00, 0x00, 0x00, 0x00, 0x00, 0x00, 0x00, 0x00, 0x00,
    0x00, 0x00, 0x00, 0x00, 0x00, 0x00, 0x00, 0x00, 0x00, 0x00, 0x00, 0x00, 0x00, 0x00, 0x00, 0x00,
    0x00, 0x00, 0x00, 0x00, 0x00, 0x00, 0x00, 0x00, 0x00, 0x00, 0x00, 0x00, 0x00, 0x00, 0x00, 0x00,
    0x00, 0x00, 0x00, 0x00, 0x00, 0x00, 0x00, 0x00, 0x00, 0x00, 0x00, 0x00, 0x00, 0x00, 0x00, 0x00,
    0x00, 0x00, 0x00, 0x00, 0x00, 0x00, 0x00, 0x00, 0x00, 0x00, 0x00, 0x00, 0x00, 0x00, 0x00, 0x00,
    0x00, 0x00, 0x00, 0x00, 0x00, 0x00, 0x00, 0x00, 0x00, 0x00, 0x00, 0x00, 0x00, 0x00, 0x00, 0x00,
    0x00, 0x00, 0x00, 0x00, 0x00, 0x00, 0x00, 0x00, 0x00, 0x00, 0x00, 0x00, 0x00, 0x00, 0x00, 0x00,
    0x00, 0x00, 0x00, 0x00, 0x00, 0x00, 0x00, 0x00, 0x00, 0x00, 0x00, 0x00, 0x00, 0x00, 0x00, 0x00,
    0x00, 0x00, 0x00, 0x00, 0x00, 0x00, 0x00, 0x00, 0x00, 0x00, 0x00, 0x00, 0x00, 0x00, 0x00, 0x00,
    0x00, 0x00, 0x00, 0x00, 0x00, 0x00, 0x00, 0x00, 0x00, 0x00, 0x00, 0x00, 0x00, 0x00, 0x00, 0x00,
    0x00, 0x00, 0x00, 0x00, 0x00, 0x00, 0x00, 0x00, 0x00, 0x00, 0x00, 0x00, 0x00, 0x00, 0x00, 0x00,
    0x00, 0x00, 0x00, 0x00, 0x00, 0x00, 0x00, 0x00, 0x00, 0x00, 0x00, 0x00, 0x00, 0x00, 0x00, 0x00,
    0x00, 0x00, 0x00, 0x00, 0x00, 0x00, 0x00, 0x00, 0x00, 0x00, 0x00, 0x00, 0x00, 0x00, 0x00, 0x00,
    0x00, 0x00, 0x00, 0x00, 0x00, 0x00, 0x00, 0x00, 0x00, 0x00, 0x00, 0x00, 0x00, 0x00, 0x00, 0x00,
    0x00, 0x00, 0x00, 0x00, 0x00, 0x00, 0x00, 0x00, 0x00, 0x00, 0x00, 0x00, 0x00, 0x00, 0x00, 0x00,
    0x00, 0x00, 0x00, 0x00, 0x00, 0x00, 0x00, 0x00, 0x00, 0x00, 0x00, 0x00, 0x00, 0x00, 0x00, 0x00,
    0x00, 0x00, 0x00, 0x00, 0x00, 0x00, 0x00, 0x00, 0x00, 0x00, 0x00, 0x00, 0x00, 0x00, 0x00, 0x00,
    0x00, 0x00, 0x00, 0x00, 0x00, 0x00, 0x00, 0x00, 0x00, 0x00, 0x00, 0x00, 0x00, 0x00, 0x00, 0x00,
    0x00, 0x00, 0x00, 0x00, 0x00, 0x00, 0x00, 0x00, 0x00, 0x00, 0x00, 0x00, 0x00, 0x00, 0x00, 0x00,
    0x00, 0x00, 0x00, 0x00, 0x00, 0x00, 0x00, 0x00, 0x00, 0x00, 0x00, 0x00, 0x00, 0x00, 0x00, 0x00,
    0x00, 0x00, 0x00, 0x00, 0x00, 0x00, 0x00, 0x00, 0x00, 0x00, 0x00, 0x00, 0x00, 0x00, 0x00, 0x00,
    0x00, 0x00, 0x00, 0x00, 0x00, 0x00, 0x00, 0x00, 0x00, 0x00, 0x00, 0x00, 0x00, 0x00, 0x00, 0x00,
    0x00, 0x00, 0x00, 0x00, 0x00, 0x00, 0x00, 0x00, 0x00, 0x00, 0x00, 0x00, 0x00, 0x00, 0x00, 0x00,
    0x00, 0x00, 0x00, 0x00, 0x00, 0x00, 0x00, 0x00, 0x00, 0x00, 0x00, 0x00, 0x00, 0x00, 0x00, 0x00,
    0x00, 0x00, 0x00, 0x00, 0x00, 0x00, 0x00, 0x00, 0x00, 0x00, 0x00, 0x00, 0x00, 0x00, 0x00, 0x00,
    0x00, 0x00, 0x00, 0x00, 0x00, 0x00, 0x00, 0x00, 0x00, 0x00, 0x00, 0x00, 0x00, 0x00, 0x00, 0x00,
    0x00, 0x00, 0x00, 0x00, 0x00, 0x00, 0x00, 0x00, 0x00, 0x00, 0x00, 0x00, 0x00, 0x00, 0x00, 0x00,
    0x00, 0x00, 0x00, 0x00, 0x00, 0x00, 0x00, 0x00, 0x00, 0x00, 0x00, 0x00, 0x00, 0x00, 0x00, 0x00,
    0x00, 0x00, 0x00, 0x00, 0x00, 0x00, 0x00, 0x00, 0x00, 0x00, 0x00, 0x00, 0x00, 0x00, 0x00, 0x00,
    0x00, 0x00, 0x00, 0x00, 0x00, 0x00, 0x00, 0x00, 0x00, 0x00, 0x00, 0x00, 0x00, 0x00, 0x00, 0x00,
    0x00, 0x00, 0x00, 0x00, 0x00, 0x00, 0x00, 0x00, 0x00, 0x00, 0x00, 0x00, 0x00, 0x00, 0x00, 0x00,
    0x00, 0x00, 0x00, 0x00, 0x00, 0x00, 0x00, 0x00, 0x00, 0x00, 0x00, 0x00, 0x00, 0x00, 0x00, 0x00,
};

const lv_image_dsc_t toolbox_icon_audio_tool = {
    .header.cf = LV_COLOR_FORMAT_ARGB8888,
    .header.magic = LV_IMAGE_HEADER_MAGIC,
    .header.w = 48,
    .header.h = 48,
    .data_size = sizeof(toolbox_icon_audio_tool_map),
    .data = toolbox_icon_audio_tool_map,
};

const LV_ATTRIBUTE_MEM_ALIGN LV_ATTRIBUTE_LARGE_CONST LV_ATTRIBUTE_IMAGE_TOOLBOX_ICON uint8_t toolbox_icon_settings_map[] = {
    0x00, 0x00, 0x00, 0x00, 0x00, 0x00, 0x00, 0x00, 0x00, 0x00, 0x00, 0x00, 0x00, 0x00, 0x00, 0x00,
    0x00, 0x00, 0x00, 0x00, 0x00, 0x00, 0x00, 0x00, 0x00, 0x00, 0x00, 0x00, 0x00, 0x00, 0x00, 0x00,
    0x00, 0x00, 0x00, 0x00, 0x00, 0x00, 0x00, 0x00, 0x00, 0x00, 0x00, 0x00, 0x00, 0x00, 0x00, 0x00,
    0x00, 0x00, 0x00, 0x00, 0x00, 0x00, 0x00, 0x00, 0x00, 0x00, 0x00, 0x00, 0x00, 0x00, 0x00, 0x00,
    0x00, 0x00, 0x00, 0x00, 0x00, 0x00, 0x00, 0x00, 0x00, 0x00, 0x00, 0x00, 0x00, 0x00, 0x00, 0x00,
    0x00, 0x00, 0x00, 0x00, 0x00, 0x00, 0x00, 0x00, 0x00, 0x00, 0x00, 0x00, 0x00, 0x00, 0x00, 0x00,
    0x00, 0x00, 0x00, 0x00, 0x00, 0x00, 0x00, 0x00, 0x00, 0x00, 0x00, 0x00, 0x00, 0x00, 0x00, 0x00,
    0x00, 0x00, 0x00, 0x00, 0x00, 0x00, 0x00, 0x00, 0x00, 0x00, 0x00, 0x00, 0x00, 0x00, 0x00, 0x00,
    0x00, 0x00, 0x00, 0x00, 0x00, 0x00, 0x00, 0x00, 0x00, 0x00, 0x00, 0x00, 0x00, 0x00, 0x00, 0x00,
    0x00, 0x00, 0x00, 0x00, 0x00, 0x00, 0x00, 0x00, 0x00, 0x00, 0x00, 0x00, 0x00, 0x00, 0x00, 0x00,
    0x00, 0x00, 0x00, 0x00, 0x00, 0x00, 0x00, 0x00, 0x00, 0x00, 0x00, 0x00, 0x00, 0x00, 0x00, 0x00,
    0x00, 0x00, 0x00, 0x00, 0x00, 0x00, 0x00, 0x00, 0x00, 0x00, 0x00, 0x00, 0x00, 0x00, 0x00, 0x00,
    0x00, 0x00, 0x00, 0x00, 0x00, 0x00, 0x00, 0x00, 0x00, 0x00, 0x00, 0x00, 0x00, 0x00, 0x00, 0x00,
    0x00, 0x00, 0x00, 0x00, 0x00, 0x00, 0x00, 0x00, 0x00, 0x00, 0x00, 0x00, 0x00, 0x00, 0x00, 0x00,
    0x00, 0x00, 0x00, 0x00, 0x00, 0x00, 0x00, 0x00, 0x00, 0x00, 0x00, 0x00, 0x00, 0x00, 0x00, 0x00,
    0x00, 0x00, 0x00, 0x00, 0x00, 0x00, 0x00, 0x00, 0x00, 0x00, 0x00, 0x00, 0x00, 0x00, 0x00, 0x00,
    0x00, 0x00, 0x00, 0x00, 0x00, 0x00, 0x00, 0x00, 0x00, 0x00, 0x00, 0x00, 0x00, 0x00, 0x00, 0x00,
    0x00, 0x00, 0x00, 0x00, 0x00, 0x00, 0x00, 0x00, 0x00, 0x00, 0x00, 0x00, 0x00, 0x00, 0x00, 0x00,
    0x00, 0x00, 0x00, 0x00, 0x00, 0x00, 0x00, 0x00, 0x00, 0x00, 0x00, 0x00, 0x00, 0x00, 0x00, 0x00,
    0x00, 0x00, 0x00, 0x00, 0x00, 0x00, 0x00, 0x00, 0x00, 0x00, 0x00, 0x00, 0x00, 0x00, 0x00, 0x00,
    0x00, 0x00, 0x00, 0x00, 0x00, 0x00, 0x00, 0x00, 0x00, 0x00, 0x00, 0x00, 0x00, 0x00, 0x00, 0x00,
    0x00, 0x00, 0x00, 0x00, 0x00, 0x00, 0x00, 0x00, 0x00, 0x00, 0x00, 0x00, 0x00, 0x00, 0x00, 0x00,
    0x00, 0x00, 0x00, 0x00, 0x00, 0x00, 0x00, 0x00, 0x00, 0x00, 0x00, 0x00, 0x00, 0x00, 0x00, 0x00,
    0x00, 0x00, 0x00, 0x00, 0x00, 0x00, 0x00, 0x00, 0x00, 0x00, 0x00, 0x00, 0x00, 0x00, 0x00, 0x00,
    0x00, 0x00, 0x00, 0x00, 0x00, 0x00, 0x00, 0x00, 0x00, 0x00, 0x00, 0x00, 0x00, 0x00, 0x00, 0x00,
    0x00, 0x00, 0x00, 0x00, 0x00, 0x00, 0x00, 0x00, 0x00, 0x00, 0x00, 0x00, 0x00, 0x00, 0x00, 0x00,
    0x00, 0x00, 0x00, 0x00, 0x00, 0x00, 0x00, 0x00, 0x00, 0x00, 0x00, 0x00, 0x00, 0x00, 0x00, 0x00,
    0xb2, 0x99, 0x99, 0x0a, 0x9c, 0x89, 0x89, 0x0d, 0x9c, 0x89, 0x75, 0x0d, 0x9c, 0x89, 0x75, 0x0d,
    0x9c, 0x89, 0x75, 0x0d, 0x9c, 0x89, 0x75, 0x0d, 0x9c, 0x89, 0x75, 0x0d, 0x9c, 0x89, 0x75, 0x0d,
    0x9c, 0x89, 0x75, 0x0d, 0x9c, 0x89, 0x75, 0x0d, 0x9c, 0x89, 0x75, 0x0d, 0x9c, 0x89, 0x75, 0x0d,
    0x89, 0x89, 0x75, 0x0d, 0x89, 0x89, 0x75, 0x0d, 0x94, 0x7f, 0x7f, 0x0c, 0x89, 0x89, 0x75, 0x0d,
    0x89, 0x75, 0x75, 0x0d, 0x89, 0x89, 0x75, 0x0d, 0x89, 0x75, 0x75, 0x0d, 0x94, 0x94, 0x7f, 0x0c,
    0x89, 0x75, 0x75, 0x0d, 0x89, 0x75, 0x75, 0x0d, 0x89, 0x75, 0x75, 0x0d, 0xa2, 0x8b, 0x73, 0x0b,
    0xff, 0xff, 0xff, 0x01, 0x00, 0x00, 0x00, 0x00, 0x00, 0x00, 0x00, 0x00, 0x00, 0x00, 0x00, 0x00,
    0x00, 0x00, 0x00, 0x00, 0x00, 0x00, 0x00, 0x00, 0x00, 0x00, 0x00, 0x00, 0x00, 0x00, 0x00, 0x00,
    0x00, 0x00, 0x00, 0x00, 0x00, 0x00, 0x00, 0x00, 0x00, 0x00, 0x00, 0x00, 0x00, 0x00, 0x00, 0x00,
    0x00, 0x00, 0x00, 0x00, 0x00, 0x00, 0x00, 0x00, 0x00, 0x00, 0x00, 0x00, 0x00, 0x00, 0x00, 0x00,
    0x00, 0x00, 0x00, 0x00, 0x00, 0x00, 0x00, 0x00, 0x00, 0x00, 0x00, 0x00, 0x00, 0x00, 0x00, 0x00,
    0x7f, 0x66, 0x66, 0x0a, 0x75, 0x6a, 0x62, 0x5b, 0x6b, 0x5f, 0x59, 0xa6, 0x64, 0x59, 0x53, 0xd3,
    0x5b, 0x51, 0x4a, 0xe4, 0x54, 0x4b, 0x45, 0xe7, 0x53, 0x49, 0x44, 0xe7, 0x51, 0x47, 0x42, 0xe7,
    0x51, 0x47, 0x42, 0xe7, 0x51, 0x48, 0x42, 0xe7, 0x51, 0x47, 0x42, 0xe7, 0x50, 0x47, 0x42, 0xe7,
    0x50, 0x47, 0x41, 0xe7, 0x4f, 0x45, 0x40, 0xe7, 0x50, 0x46, 0x40, 0xe7, 0x4f, 0x46, 0x41, 0xe7,
    0x4f, 0x45, 0x40, 0xe7, 0x4e, 0x45, 0x3e, 0xe7, 0x4f, 0x46, 0x40, 0xe7, 0x4e, 0x45, 0x3e, 0xe7,
    0x4d, 0x44, 0x3e, 0xe7, 0x4e, 0x44, 0x3e, 0xe7, 0x4d, 0x44, 0x3e, 0xe7, 0x4d, 0x44, 0x3e, 0xe7,
    0x4c, 0x42, 0x3c, 0xe7, 0x4c, 0x43, 0x3c, 0xe7, 0x4c, 0x43, 0x3d, 0xe7, 0x4d, 0x45, 0x3e, 0xe5,
    0x51, 0x48, 0x42, 0xd7, 0x54, 0x4a, 0x45, 0xb1, 0x56, 0x4c, 0x45, 0x6a, 0x58, 0x4d, 0x42, 0x17,
    0x00, 0x00, 0x00, 0x00, 0x00, 0x00, 0x00, 0x00, 0x00, 0x00, 0x00, 0x00, 0x00, 0x00, 0x00, 0x00,
    0x00, 0x00, 0x00, 0x00, 0x00, 0x00, 0x00, 0x00, 0x00, 0x00, 0x00, 0x00, 0x00, 0x00, 0x00, 0x00,
    0x00, 0x00, 0x00, 0x00, 0x00, 0x00, 0x00, 0x00, 0x00, 0x00, 0x00, 0x00, 0x00, 0x00, 0x00, 0x00,
    0x00, 0x00, 0x00, 0x00, 0x00, 0x00, 0x00, 0x00, 0x00, 0x00, 0x00, 0x00, 0x73, 0x65, 0x60, 0x5f,
    0x67, 0x5c, 0x55, 0xdc, 0x56, 0x4c, 0x46, 0xff, 0x42, 0x3a, 0x34, 0xff, 0x37, 0x2f, 0x2b, 0xff,
    0x31, 0x2a, 0x26, 0xff, 0x30, 0x28, 0x24, 0xff, 0x2f, 0x28, 0x24, 0xff, 0x2f, 0x28, 0x23, 0xff,
    0x2e, 0x27, 0x23, 0xff, 0x2e, 0x28, 0x23, 0xff, 0x2e, 0x27, 0x23, 0xff, 0x2d, 0x27, 0x22, 0xff,
    0x2e, 0x27, 0x22, 0xff, 0x2d, 0x27, 0x22, 0xff, 0x2c, 0x26, 0x21, 0xff, 0x2c, 0x26, 0x21, 0xff,
    0x2d, 0x26, 0x21, 0xff, 0x2d, 0x26, 0x21, 0xff, 0x2d, 0x26, 0x22, 0xff, 0x2c, 0x25, 0x21, 0xff,
    0x2c, 0x25, 0x20, 0xff, 0x2b, 0x24, 0x20, 0xff, 0x2c, 0x25, 0x21, 0xff, 0x2c, 0x25, 0x21, 0xff,
    0x2b, 0x25, 0x20, 0xff, 0x2b, 0x25, 0x20, 0xff, 0x2b, 0x24, 0x20, 0xff, 0x2c, 0x25, 0x21, 0xff,
    0x2e, 0x27, 0x23, 0xff, 0x35, 0x2e, 0x29, 0xff, 0x41, 0x39, 0x34, 0xff, 0x49, 0x40, 0x3b, 0xec,
    0x4d, 0x42, 0x3e, 0x7a, 0x00, 0x00, 0x00, 0x01, 0x00, 0x00, 0x00, 0x00, 0x00, 0x00, 0x00, 0x00,
    0x00, 0x00, 0x00, 0x00, 0x00, 0x00, 0x00, 0x00, 0x00, 0x00, 0x00, 0x00, 0x00, 0x00, 0x00, 0x00,
    0x00, 0x00, 0x00, 0x00, 0x00, 0x00, 0x00, 0x00, 0x00, 0x00, 0x00, 0x00, 0x00, 0x00, 0x00, 0x00,
    0x00, 0x00, 0x00, 0x00, 0x55, 0x55, 0x55, 0x03, 0x69, 0x5d, 0x56, 0x9f, 0x5b, 0x51, 0x4a, 0xff,
    0x38, 0x30, 0x2c, 0xff, 0x2a, 0x23, 0x1f, 0xfe, 0x2c, 0x25, 0x21, 0xfd, 0x2e, 0x27, 0x22, 0xfd,
    0x2e, 0x27, 0x23, 0xfd, 0x2d, 0x26, 0x22, 0xfd, 0x2d, 0x26, 0x22, 0xfd, 0x2d, 0x26, 0x21, 0xfd,
    0x2c, 0x26, 0x22, 0xfd, 0x2d, 0x26, 0x22, 0xfd, 0x2d, 0x26, 0x22, 0xfd, 0x2c, 0x25, 0x21, 0xfd,
    0x2c, 0x25, 0x21, 0xfd, 0x2b, 0x25, 0x21, 0xfd, 0x2a, 0x23, 0x21, 0xfd, 0x29, 0x23, 0x20, 0xfd,
    0x29, 0x22, 0x20, 0xfd, 0x29, 0x22, 0x20, 0xfd, 0x2a, 0x23, 0x20, 0xfd, 0x2b, 0x24, 0x20, 0xfd,
    0x2b, 0x24, 0x1f, 0xfd, 0x2a, 0x23, 0x1f, 0xfd, 0x2a, 0x24, 0x20, 0xfd, 0x2b, 0x24, 0x20, 0xfd,
    0x2a, 0x24, 0x1f, 0xfd, 0x2a, 0x23, 0x1f, 0xfd, 0x2a, 0x23, 0x1f, 0xfd, 0x2a, 0x23, 0x1f, 0xfd,
    0x29, 0x22, 0x1e, 0xfd, 0x27, 0x21, 0x1c, 0xfd, 0x26, 0x1f, 0x1b, 0xfd, 0x2b, 0x24, 0x20, 0xff,
    0x3e, 0x36, 0x32, 0xff, 0x43, 0x3a, 0x35, 0xbd, 0x43, 0x35, 0x28, 0x13, 0x00, 0x00, 0x00, 0x00,
    0x00, 0x00, 0x00, 0x00, 0x00, 0x00, 0x00, 0x00, 0x00, 0x00, 0x00, 0x00, 0x00, 0x00, 0x00, 0x00,
    0x00, 0x00, 0x00, 0x00, 0x00, 0x00, 0x00, 0x00, 0x00, 0x00, 0x00, 0x00, 0x00, 0x00, 0x00, 0x00,
    0x00, 0x00, 0x00, 0x00, 0x61, 0x55, 0x4f, 0xad, 0x4f, 0x45, 0x40, 0xff, 0x2c, 0x25, 0x21, 0xff,
    0x2c, 0x25, 0x21, 0xfd, 0x2e, 0x27, 0x23, 0xfd, 0x2e, 0x27, 0x23, 0xfd, 0x2e, 0x27, 0x23, 0xfd,
    0x2e, 0x27, 0x22, 0xfd, 0x2e, 0x27, 0x22, 0xfd, 0x2e, 0x26, 0x22, 0xfd, 0x2e, 0x27, 0x22, 0xfd,
    0x2d, 0x27, 0x22, 0xfd, 0x2d, 0x26, 0x21, 0xfd, 0x2c, 0x25, 0x21, 0xfd, 0x2c, 0x26, 0x20, 0xfd,
    0x27, 0x21, 0x20, 0xfd, 0x1d, 0x16, 0x1b, 0xfd, 0x23, 0x1d, 0x1d, 0xfd, 0x22, 0x1c, 0x1d, 0xfd,
    0x22, 0x1c, 0x1c, 0xfd, 0x22, 0x1c, 0x1c, 0xfd, 0x1a, 0x14, 0x1d, 0xfd, 0x26, 0x20, 0x1f, 0xfd,
    0x2b, 0x24, 0x1f, 0xfd, 0x2a, 0x23, 0x1f, 0xfd, 0x2b, 0x24, 0x20, 0xfd, 0x2b, 0x24, 0x20, 0xfd,
    0x2a, 0x24, 0x1f, 0xfd, 0x2a, 0x23, 0x1f, 0xfd, 0x2a, 0x23, 0x1e, 0xfd, 0x2a, 0x23, 0x1e, 0xfd,
    0x2a, 0x23, 0x1e, 0xfd, 0x29, 0x22, 0x1e, 0xfd, 0x28, 0x21, 0x1d, 0xfc, 0x26, 0x20, 0x1c, 0xfc,
    0x26, 0x20, 0x1c, 0xfd, 0x35, 0x2d, 0x29, 0xff, 0x39, 0x32, 0x2e, 0xcb, 0x2a, 0x2a, 0x2a, 0x0c,
    0x00, 0x00, 0x00, 0x00, 0x00, 0x00, 0x00, 0x00, 0x00, 0x00, 0x00, 0x00, 0x00, 0x00, 0x00, 0x00,
    0x00, 0x00, 0x00, 0x00, 0x00, 0x00, 0x00, 0x00, 0x00, 0x00, 0x00, 0x00, 0x00, 0x00, 0x00, 0x00,
    0x60, 0x54, 0x4e, 0x82, 0x50, 0x46, 0x41, 0xff, 0x2a, 0x24, 0x20, 0xfe, 0x2e, 0x27, 0x23, 0xfd,
    0x2e, 0x27, 0x23, 0xfd, 0x2e, 0x27, 0x22, 0xfd, 0x2e, 0x27, 0x23, 0xfd, 0x2e, 0x27, 0x22, 0xfd,
    0x2e, 0x27, 0x22, 0xfd, 0x2e, 0x27, 0x21, 0xfd, 0x2d, 0x26, 0x22, 0xfd, 0x2d, 0x26, 0x21, 0xfd,
    0x2d, 0x26, 0x21, 0xfd, 0x2c, 0x25, 0x20, 0xfd, 0x2c, 0x25, 0x20, 0xfd, 0x27, 0x21, 0x1f, 0xfd,
    0x2a, 0x23, 0x1c, 0xfd, 0xa3, 0xa0, 0x29, 0xfd, 0xcf, 0xcb, 0x13, 0xfd, 0xcd, 0xc9, 0x10, 0xfd,
    0xcd, 0xc9, 0x11, 0xfd, 0xcf, 0xcb, 0x11, 0xfd, 0xa4, 0x9f, 0x0c, 0xfd, 0x29, 0x22, 0x17, 0xfd,
    0x24, 0x1e, 0x1d, 0xfd, 0x29, 0x22, 0x1e, 0xfd, 0x2a, 0x23, 0x1e, 0xfd, 0x29, 0x22, 0x1e, 0xfd,
    0x2a, 0x23, 0x1f, 0xfd, 0x29, 0x23, 0x1e, 0xfd, 0x29, 0x22, 0x1e, 0xfd, 0x29, 0x22, 0x1e, 0xfd,
    0x29, 0x22, 0x1e, 0xfd, 0x28, 0x22, 0x1d, 0xfd, 0x28, 0x21, 0x1d, 0xfc, 0x28, 0x21, 0x1d, 0xfd,
    0x28, 0x21, 0x1d, 0xfd, 0x25, 0x1f, 0x1b, 0xfd, 0x33, 0x2c, 0x28, 0xff, 0x34, 0x2c, 0x29, 0xa5,
    0x00, 0x00, 0x00, 0x00, 0x00, 0x00, 0x00, 0x00, 0x00, 0x00, 0x00, 0x00, 0x00, 0x00, 0x00, 0x00,
    0x00, 0x00, 0x00, 0x00, 0x00, 0x00, 0x00, 0x00, 0x00, 0x00, 0x00, 0x00, 0x5e, 0x53, 0x4d, 0x2b,
    0x50, 0x46, 0x41, 0xfd, 0x2e, 0x28, 0x24, 0xff, 0x2e, 0x27, 0x23, 0xfd, 0x2e, 0x27, 0x23, 0xfd,
    0x2c, 0x26, 0x22, 0xfd, 0x2d, 0x26, 0x22, 0xfd, 0x2d, 0x26, 0x22, 0xfd, 0x2d, 0x26, 0x22, 0xfd,
    0x2e, 0x27, 0x22, 0xfd, 0x2d, 0x26, 0x21, 0xfd, 0x2c, 0x25, 0x20, 0xfd, 0x2c, 0x25, 0x20, 0xfd,
    0x2c, 0x25, 0x20, 0xfd, 0x2c, 0x25, 0x20, 0xfd, 0x2a, 0x24, 0x1f, 0xfd, 0x17, 0x10, 0x1b, 0xfd,
    0x72, 0x6e, 0x19, 0xfd, 0xfe, 0xfe, 0x19, 0xfd, 0xfe, 0xf3, 0x00, 0xfc, 0xfe, 0xf4, 0x01, 0xfc,
    0xfe, 0xf3, 0x01, 0xfc, 0xfe, 0xf2, 0x01, 0xfc, 0xfe, 0xfe, 0x00, 0xfd, 0x6b, 0x63, 0x08, 0xfd,
    0x11, 0x0b, 0x18, 0xfd, 0x29, 0x22, 0x1d, 0xfc, 0x29, 0x22, 0x1d, 0xfd, 0x28, 0x21, 0x1d, 0xfd,
    0x28, 0x22, 0x1d, 0xfd, 0x28, 0x22, 0x1d, 0xfd, 0x28, 0x22, 0x1d, 0xfd, 0x28, 0x21, 0x1d, 0xfd,
    0x28, 0x21, 0x1d, 0xfd, 0x28, 0x21, 0x1d, 0xfd, 0x28, 0x21, 0x1d, 0xfc, 0x28, 0x21, 0x1d, 0xfc,
    0x27, 0x20, 0x1c, 0xfd, 0x26, 0x1f, 0x1b, 0xfd, 0x26, 0x1f, 0x1b, 0xfe, 0x33, 0x2c, 0x28, 0xff,
    0x2f, 0x28, 0x24, 0x46, 0x00, 0x00, 0x00, 0x00, 0x00, 0x00, 0x00, 0x00, 0x00, 0x00, 0x00, 0x00,
    0x00, 0x00, 0x00, 0x00, 0x00, 0x00, 0x00, 0x00, 0x00, 0x00, 0x00, 0x00, 0x52, 0x49, 0x43, 0xa3,
    0x3f, 0x37, 0x32, 0xff, 0x2a, 0x24, 0x20, 0xfc, 0x2e, 0x27, 0x22, 0xfd, 0x2c, 0x27, 0x22, 0xfc,
    0x2d, 0x27, 0x22, 0xfc, 0x2d, 0x26, 0x22, 0xfd, 0x2e, 0x27, 0x22, 0xfd, 0x2d, 0x26, 0x22, 0xfd,
    0x2e, 0x27, 0x22, 0xfd, 0x21, 0x1a, 0x1e, 0xfd, 0x1b, 0x14, 0x1d, 0xfd, 0x1c, 0x15, 0x1f, 0xfd,
    0x29, 0x23, 0x1f, 0xfd, 0x2b, 0x24, 0x1f, 0xfd, 0x29, 0x23, 0x1e, 0xfc, 0x10, 0x0a, 0x1a, 0xfd,
    0x89, 0x85, 0x0d, 0xfd, 0xfe, 0xfe, 0x01, 0xfd, 0xf4, 0xe6, 0x01, 0xfc, 0xf4, 0xe7, 0x02, 0xfc,
    0xf3, 0xe5, 0x02, 0xfd, 0xf3, 0xe6, 0x02, 0xfc, 0xfe, 0xf6, 0x01, 0xfd, 0x7c, 0x72, 0x02, 0xfd,
    0x07, 0x03, 0x12, 0xfd, 0x26, 0x20, 0x1b, 0xfc, 0x28, 0x21, 0x1c, 0xfc, 0x26, 0x20, 0x1c, 0xfd,
    0x18, 0x11, 0x19, 0xfd, 0x17, 0x10, 0x1a, 0xfd, 0x1c, 0x16, 0x1c, 0xfd, 0x29, 0x22, 0x1d, 0xfd,
    0x27, 0x21, 0x1c, 0xfd, 0x28, 0x21, 0x1d, 0xfd, 0x28, 0x22, 0x1d, 0xfc, 0x27, 0x21, 0x1c, 0xfc,
    0x27, 0x20, 0x1c, 0xfd, 0x26, 0x1f, 0x1b, 0xfc, 0x25, 0x1e, 0x1b, 0xfc, 0x2d, 0x25, 0x21, 0xff,
    0x2f, 0x29, 0x25, 0xc0, 0x00, 0x00, 0x00, 0x00, 0x00, 0x00, 0x00, 0x00, 0x00, 0x00, 0x00, 0x00,
    0x00, 0x00, 0x00, 0x00, 0x00, 0x00, 0x00, 0x00, 0x54, 0x46, 0x46, 0x12, 0x48, 0x3f, 0x3a, 0xf0,
    0x2f, 0x28, 0x24, 0xff, 0x2d, 0x26, 0x21, 0xfd, 0x2d, 0x27, 0x22, 0xfd, 0x2d, 0x27, 0x22, 0xfd,
    0x2d, 0x26, 0x22, 0xfd, 0x2c, 0x25, 0x20, 0xfd, 0x2c, 0x25, 0x20, 0xfd, 0x2d, 0x26, 0x21, 0xfd,
    0x18, 0x11, 0x1b, 0xfd, 0x54, 0x4e, 0x22, 0xfd, 0xb3, 0xb1, 0x1e, 0xfd, 0x7e, 0x7a, 0x0e, 0xfd,
    0x17, 0x10, 0x19, 0xfd, 0x23, 0x1d, 0x1d, 0xfd, 0x1c, 0x15, 0x1b, 0xfc, 0x06, 0x00, 0x14, 0xfc,
    0xa4, 0xa2, 0x19, 0xfd, 0xfe, 0xfb, 0x06, 0xfd, 0xf3, 0xe5, 0x01, 0xfd, 0xf3, 0xe5, 0x02, 0xfc,
    0xf4, 0xe6, 0x02, 0xfc, 0xf4, 0xe6, 0x02, 0xfc, 0xfe, 0xf6, 0x02, 0xfd, 0x9d, 0x94, 0x02, 0xfd,
    0x00, 0x00, 0x0e, 0xfd, 0x15, 0x0f, 0x19, 0xfd, 0x22, 0x1b, 0x1b, 0xfd, 0x16, 0x10, 0x16, 0xfd,
    0x80, 0x7b, 0x23, 0xfd, 0xb1, 0xaf, 0x11, 0xfd, 0x4d, 0x47, 0x10, 0xfd, 0x13, 0x0c, 0x1a, 0xfd,
    0x27, 0x20, 0x1b, 0xfd, 0x27, 0x20, 0x1b, 0xfd, 0x26, 0x20, 0x1b, 0xfd, 0x26, 0x1f, 0x1b, 0xfd,
    0x26, 0x20, 0x1b, 0xfd, 0x26, 0x1f, 0x1b, 0xfc, 0x25, 0x1f, 0x1a, 0xfc, 0x26, 0x20, 0x1b, 0xff,
    0x2c, 0x26, 0x22, 0xfc, 0x24, 0x24, 0x1d, 0x23, 0x00, 0x00, 0x00, 0x00, 0x00, 0x00, 0x00, 0x00,
    0x00, 0x00, 0x00, 0x00, 0x00, 0x00, 0x00, 0x00, 0x4c, 0x45, 0x3e, 0x49, 0x44, 0x3b, 0x36, 0xff,
    0x2a, 0x24, 0x20, 0xfe, 0x2e, 0x27, 0x22, 0xfd, 0x2d, 0x26, 0x22, 0xfd, 0x2c, 0x26, 0x21, 0xfd,
    0x2d, 0x26, 0x21, 0xfd, 0x2c, 0x25, 0x20, 0xfd, 0x2b, 0x25, 0x1f, 0xfd, 0x16, 0x0f, 0x1a, 0xfd,
    0x55, 0x50, 0x1f, 0xfd, 0xf4, 0xf3, 0x2e, 0xfd, 0xfe, 0xfe, 0x0a, 0xfc, 0xfe, 0xfe, 0x00, 0xfd,
    0x94, 0x8e, 0x09, 0xfd, 0x11, 0x0c, 0x15, 0xfd, 0x4a, 0x45, 0x1e, 0xfd, 0xae, 0xac, 0x23, 0xfd,
    0xf5, 0xef, 0x1e, 0xfd, 0xf5, 0xe8, 0x02, 0xfd, 0xf3, 0xe5, 0x02, 0xfd, 0xf3, 0xe5, 0x02, 0xfc,
    0xf3, 0xe5, 0x02, 0xfd, 0xf2, 0xe5, 0x02, 0xfd, 0xf4, 0xe6, 0x02, 0xfd, 0xf4, 0xeb, 0x03, 0xfd,
    0xb1, 0xaf, 0x08, 0xfd, 0x4f, 0x4b, 0x0f, 0xfd, 0x10, 0x0c, 0x13, 0xfd, 0x93, 0x90, 0x26, 0xfd,
    0xfe, 0xfe, 0x21, 0xfd, 0xfe, 0xfc, 0x02, 0xfc, 0xf2, 0xee, 0x02, 0xfd, 0x4d, 0x46, 0x0d, 0xfd,
    0x0e, 0x08, 0x18, 0xfd, 0x26, 0x1f, 0x1a, 0xfd, 0x26, 0x1f, 0x1b, 0xfd, 0x26, 0x1f, 0x1b, 0xfd,
    0x26, 0x1f, 0x1b, 0xfc, 0x25, 0x1f, 0x1b, 0xfc, 0x25, 0x1e, 0x1a, 0xfc, 0x24, 0x1d, 0x19, 0xfc,
    0x2c, 0x25, 0x21, 0xff, 0x28, 0x23, 0x1d, 0x5e, 0x00, 0x00, 0x00, 0x00, 0x00, 0x00, 0x00, 0x00,
    0x00, 0x00, 0x00, 0x00, 0x00, 0x00, 0x00, 0x00, 0x4a, 0x41, 0x3c, 0x71, 0x40, 0x38, 0x34, 0xff,
    0x2b, 0x25, 0x21, 0xfd, 0x2e, 0x27, 0x23, 0xfd, 0x2d, 0x26, 0x22, 0xfd, 0x2d, 0x26, 0x21, 0xfd,
    0x2c, 0x25, 0x20, 0xfd, 0x2c, 0x25, 0x1f, 0xfd, 0x1b, 0x14, 0x1c, 0xfd, 0x55, 0x50, 0x1f, 0xfd,
    0xf5, 0xf4, 0x2a, 0xfd, 0xfd, 0xf2, 0x04, 0xfd, 0xf3, 0xe6, 0x00, 0xfc, 0xf5, 0xe8, 0x02, 0xfc,
    0xfe, 0xf6, 0x01, 0xfc, 0xcf, 0xca, 0x11, 0xfd, 0xf7, 0xf0, 0x1f, 0xfd, 0xfe, 0xfa, 0x09, 0xfc,
    0xf5, 0xe6, 0x00, 0xfd, 0xf4, 0xe7, 0x02, 0xfd, 0xf8, 0xeb, 0x03, 0xfc, 0xf9, 0xec, 0x03, 0xfd,
    0xfa, 0xec, 0x03, 0xfd, 0xf7, 0xea, 0x03, 0xfd, 0xf4, 0xe7, 0x03, 0xfc, 0xf4, 0xe6, 0x02, 0xfc,
    0xfe, 0xf7, 0x02, 0xfc, 0xfa, 0xf2, 0x02, 0xfd, 0xd3, 0xce, 0x10, 0xfc, 0xfe, 0xf7, 0x1a, 0xfc,
    0xf5, 0xe6, 0x00, 0xfc, 0xf1, 0xe2, 0x02, 0xfc, 0xfb, 0xef, 0x02, 0xfc, 0xf1, 0xeb, 0x01, 0xfd,
    0x4a, 0x44, 0x0b, 0xfd, 0x14, 0x0d, 0x17, 0xfd, 0x26, 0x1f, 0x1a, 0xfc, 0x26, 0x1f, 0x1b, 0xfc,
    0x25, 0x1e, 0x1a, 0xfd, 0x24, 0x1e, 0x19, 0xfd, 0x25, 0x1e, 0x1a, 0xfc, 0x24, 0x1d, 0x19, 0xfc,
    0x2b, 0x24, 0x20, 0xff, 0x28, 0x22, 0x1e, 0x85, 0x00, 0x00, 0x00, 0x00, 0x00, 0x00, 0x00, 0x00,
    0x00, 0x00, 0x00, 0x00, 0x00, 0x00, 0x00, 0x00, 0x47, 0x3d, 0x39, 0x84, 0x3e, 0x36, 0x32, 0xff,
    0x2b, 0x25, 0x21, 0xfd, 0x2d, 0x26, 0x22, 0xfd, 0x2c, 0x26, 0x21, 0xfd, 0x2b, 0x25, 0x21, 0xfd,
    0x2b, 0x24, 0x20, 0xfd, 0x21, 0x1a, 0x1e, 0xfd, 0x40, 0x3b, 0x19, 0xfd, 0xf2, 0xf0, 0x27, 0xfd,
    0xfd, 0xf2, 0x04, 0xfd, 0xf2, 0xe4, 0x00, 0xfd, 0xf3, 0xe6, 0x02, 0xfd, 0xf3, 0xe6, 0x03, 0xfd,
    0xf3, 0xe6, 0x03, 0xfc, 0xfd, 0xf0, 0x02, 0xfc, 0xf6, 0xe8, 0x00, 0xfd, 0xf6, 0xe9, 0x01, 0xfc,
    0xfc, 0xee, 0x03, 0xfc, 0xf7, 0xe8, 0x02, 0xfc, 0xe7, 0xd8, 0x03, 0xfd, 0xd9, 0xcb, 0x03, 0xfd,
    0xd9, 0xcb, 0x02, 0xfd, 0xe9, 0xda, 0x02, 0xfd, 0xfb, 0xec, 0x04, 0xfd, 0xfd, 0xef, 0x03, 0xfc,
    0xf4, 0xe6, 0x02, 0xfc, 0xf4, 0xe7, 0x03, 0xfc, 0xfd, 0xef, 0x01, 0xfc, 0xf2, 0xe4, 0x00, 0xfc,
    0xf2, 0xe4, 0x02, 0xfc, 0xf2, 0xe4, 0x03, 0xfc, 0xf0, 0xe1, 0x02, 0xfc, 0xfb, 0xef, 0x02, 0xfc,
    0xef, 0xe5, 0x02, 0xfd, 0x34, 0x2e, 0x0d, 0xfd, 0x1a, 0x14, 0x18, 0xfc, 0x24, 0x1e, 0x1a, 0xfc,
    0x24, 0x1d, 0x19, 0xfd, 0x24, 0x1d, 0x1a, 0xfc, 0x25, 0x1e, 0x1a, 0xfc, 0x24, 0x1d, 0x19, 0xfd,
    0x2a, 0x23, 0x1f, 0xff, 0x27, 0x20, 0x1c, 0x96, 0x00, 0x00, 0x00, 0x00, 0x00, 0x00, 0x00, 0x00,
    0x00, 0x00, 0x00, 0x00, 0x00, 0x00, 0x00, 0x00, 0x45, 0x3c, 0x38, 0x87, 0x3d, 0x36, 0x31, 0xff,
    0x2c, 0x25, 0x21, 0xfd, 0x2e, 0x26, 0x22, 0xfd, 0x2d, 0x26, 0x21, 0xfd, 0x2c, 0x25, 0x21, 0xfd,
    0x2b, 0x24, 0x20, 0xfd, 0x17, 0x10, 0x1d, 0xfd, 0x68, 0x63, 0x11, 0xfd, 0xfe, 0xfe, 0x03, 0xfd,
    0xf2, 0xe4, 0x00, 0xfc, 0xf3, 0xe5, 0x02, 0xfc, 0xf2, 0xe5, 0x03, 0xfd, 0xf3, 0xe5, 0x03, 0xfd,
    0xf2, 0xe5, 0x03, 0xfc, 0xf4, 0xe6, 0x02, 0xfc, 0xfb, 0xed, 0x03, 0xfd, 0xee, 0xdf, 0x02, 0xfd,
    0xaa, 0x9e, 0x01, 0xfd, 0x5e, 0x56, 0x00, 0xfd, 0x31, 0x2d, 0x00, 0xfd, 0x20, 0x1d, 0x00, 0xfd,
    0x20, 0x1d, 0x00, 0xfd, 0x35, 0x30, 0x00, 0xfd, 0x66, 0x5e, 0x01, 0xfd, 0xb5, 0xa8, 0x02, 0xfd,
    0xf5, 0xe6, 0x03, 0xfd, 0xfa, 0xec, 0x04, 0xfc, 0xf1, 0xe4, 0x03, 0xfc, 0xf1, 0xe4, 0x03, 0xfd,
    0xf2, 0xe4, 0x03, 0xfc, 0xf0, 0xe3, 0x02, 0xfd, 0xf0, 0xe2, 0x02, 0xfc, 0xf3, 0xe4, 0x02, 0xfc,
    0xfe, 0xf3, 0x01, 0xfd, 0x50, 0x48, 0x05, 0xfd, 0x0e, 0x09, 0x14, 0xfd, 0x23, 0x1d, 0x19, 0xfc,
    0x24, 0x1d, 0x1a, 0xfd, 0x24, 0x1e, 0x1a, 0xfc, 0x24, 0x1d, 0x19, 0xfc, 0x23, 0x1d, 0x19, 0xfd,
    0x29, 0x22, 0x1e, 0xff, 0x27, 0x20, 0x1c, 0x96, 0x00, 0x00, 0x00, 0x00, 0x00, 0x00, 0x00, 0x00,
    0x00, 0x00, 0x00, 0x00, 0x00, 0x00, 0x00, 0x00, 0x43, 0x3a, 0x38, 0x87, 0x3d, 0x35, 0x31, 0xff,
    0x2c, 0x25, 0x21, 0xfd, 0x2e, 0x26, 0x22, 0xfd, 0x2c, 0x25, 0x21, 0xfd, 0x2b, 0x25, 0x20, 0xfd,
    0x2b, 0x24, 0x20, 0xfd, 0x24, 0x1d, 0x1d, 0xfc, 0x1e, 0x19, 0x10, 0xfd, 0xbb, 0xaf, 0x01, 0xfd,
    0xfe, 0xf7, 0x02, 0xfc, 0xf2, 0xe4, 0x03, 0xfc, 0xf2, 0xe5, 0x03, 0xfc, 0xf2, 0xe5, 0x03, 0xfc,
    0xf4, 0xe7, 0x03, 0xfc, 0xfc, 0xee, 0x03, 0xfd, 0xc9, 0xba, 0x02, 0xfd, 0x4a, 0x44, 0x00, 0xfd,
    0x01, 0x01, 0x01, 0xfd, 0x00, 0x00, 0x05, 0xfc, 0x03, 0x01, 0x09, 0xfd, 0x0a, 0x07, 0x0c, 0xfd,
    0x0b, 0x08, 0x0d, 0xfd, 0x06, 0x03, 0x0b, 0xfd, 0x00, 0x00, 0x08, 0xfc, 0x07, 0x05, 0x04, 0xfd,
    0x57, 0x50, 0x01, 0xfd, 0xd9, 0xcb, 0x02, 0xfd, 0xfe, 0xf0, 0x03, 0xfc, 0xf1, 0xe4, 0x03, 0xfc,
    0xf1, 0xe4, 0x03, 0xfc, 0xf1, 0xe3, 0x02, 0xfc, 0xf2, 0xe4, 0x02, 0xfc, 0xfe, 0xef, 0x02, 0xfd,
    0x9e, 0x91, 0x00, 0xfd, 0x0b, 0x09, 0x04, 0xfd, 0x19, 0x13, 0x12, 0xfd, 0x23, 0x1d, 0x18, 0xfc,
    0x24, 0x1d, 0x19, 0xfd, 0x23, 0x1d, 0x18, 0xfd, 0x23, 0x1d, 0x19, 0xfc, 0x23, 0x1c, 0x19, 0xfc,
    0x29, 0x22, 0x1e, 0xff, 0x25, 0x20, 0x1b, 0x95, 0x00, 0x00, 0x00, 0x00, 0x00, 0x00, 0x00, 0x00,
    0x00, 0x00, 0x00, 0x00, 0x00, 0x00, 0x00, 0x00, 0x42, 0x39, 0x35, 0x86, 0x3c, 0x35, 0x30, 0xff,
    0x2b, 0x25, 0x21, 0xfc, 0x2c, 0x25, 0x21, 0xfd, 0x2b, 0x24, 0x20, 0xfc, 0x2a, 0x23, 0x1f, 0xfd,
    0x2a, 0x23, 0x1f, 0xfd, 0x2a, 0x23, 0x1d, 0xfc, 0x18, 0x13, 0x18, 0xfd, 0x15, 0x10, 0x0a, 0xfd,
    0xb9, 0xae, 0x00, 0xfd, 0xfb, 0xf1, 0x02, 0xfc, 0xf2, 0xe5, 0x03, 0xfc, 0xf4, 0xe6, 0x03, 0xfc,
    0xfd, 0xef, 0x03, 0xfc, 0xb4, 0xa7, 0x01, 0xfd, 0x1b, 0x19, 0x00, 0xfd, 0x00, 0x00, 0x06, 0xfd,
    0x11, 0x0e, 0x10, 0xfd, 0x1e, 0x19, 0x17, 0xfd, 0x22, 0x1e, 0x1a, 0xfc, 0x25, 0x1f, 0x1c, 0xfd,
    0x26, 0x20, 0x1c, 0xfd, 0x25, 0x20, 0x1b, 0xfd, 0x22, 0x1d, 0x18, 0xfd, 0x17, 0x13, 0x13, 0xfd,
    0x00, 0x00, 0x0b, 0xfd, 0x28, 0x23, 0x02, 0xfd, 0xcd, 0xc0, 0x02, 0xfd, 0xfe, 0xf1, 0x03, 0xfc,
    0xf0, 0xe3, 0x03, 0xfc, 0xf2, 0xe4, 0x03, 0xfc, 0xfb, 0xeb, 0x03, 0xfc, 0xa0, 0x94, 0x01, 0xfd,
    0x07, 0x06, 0x02, 0xfd, 0x0c, 0x08, 0x0b, 0xfd, 0x20, 0x1a, 0x15, 0xfc, 0x23, 0x1d, 0x18, 0xfc,
    0x23, 0x1d, 0x19, 0xfc, 0x23, 0x1d, 0x18, 0xfc, 0x24, 0x1d, 0x19, 0xfc, 0x23, 0x1c, 0x18, 0xfc,
    0x28, 0x21, 0x1e, 0xff, 0x25, 0x1e, 0x1b, 0x96, 0x00, 0x00, 0x00, 0x00, 0x00, 0x00, 0x00, 0x00,
    0x00, 0x00, 0x00, 0x00, 0x00, 0x00, 0x00, 0x00, 0x40, 0x39, 0x35, 0x86, 0x3a, 0x33, 0x2f, 0xff,
    0x2a, 0x24, 0x20, 0xfc, 0x2b, 0x25, 0x20, 0xfd, 0x2a, 0x24, 0x1f, 0xfd, 0x2a, 0x23, 0x1f, 0xfd,
    0x2a, 0x23, 0x1e, 0xfd, 0x29, 0x22, 0x1d, 0xfc, 0x28, 0x21, 0x1b, 0xfc, 0x02, 0x00, 0x12, 0xfd,
    0x71, 0x6e, 0x10, 0xfd, 0xfe, 0xfe, 0x08, 0xfc, 0xf2, 0xe4, 0x01, 0xfc, 0xfc, 0xef, 0x03, 0xfc,
    0xc8, 0xba, 0x01, 0xfd, 0x19, 0x16, 0x00, 0xfd, 0x00, 0x00, 0x0a, 0xfd, 0x1b, 0x19, 0x18, 0xfc,
    0x21, 0x1e, 0x1f, 0xfd, 0x1e, 0x18, 0x1e, 0xfd, 0x1d, 0x16, 0x1e, 0xfd, 0x22, 0x18, 0x1c, 0xfd,
    0x26, 0x20, 0x20, 0xfd, 0x29, 0x25, 0x22, 0xfd, 0x29, 0x23, 0x1f, 0xfd, 0x28, 0x22, 0x1d, 0xfd,
    0x23, 0x1e, 0x1a, 0xfc, 0x08, 0x02, 0x0e, 0xfc, 0x2a, 0x25, 0x03, 0xfd, 0xe2, 0xd5, 0x02, 0xfd,
    0xf9, 0xec, 0x04, 0xfc, 0xf0, 0xe3, 0x03, 0xfc, 0xfe, 0xf4, 0x02, 0xfc, 0x5e, 0x58, 0x01, 0xfd,
    0x00, 0x00, 0x08, 0xfd, 0x1e, 0x18, 0x12, 0xfd, 0x21, 0x1b, 0x17, 0xfc, 0x22, 0x1c, 0x18, 0xfd,
    0x23, 0x1d, 0x18, 0xfd, 0x23, 0x1d, 0x18, 0xfc, 0x24, 0x1d, 0x19, 0xfc, 0x23, 0x1c, 0x18, 0xfc,
    0x28, 0x21, 0x1d, 0xff, 0x23, 0x1e, 0x1b, 0x95, 0x00, 0x00, 0x00, 0x00, 0x00, 0x00, 0x00, 0x00,
    0x00, 0x00, 0x00, 0x00, 0x00, 0x00, 0x00, 0x00, 0x40, 0x38, 0x34, 0x87, 0x3a, 0x33, 0x2f, 0xff,
    0x2a, 0x24, 0x1f, 0xfd, 0x2c, 0x25, 0x20, 0xfd, 0x2b, 0x24, 0x1f, 0xfd, 0x2b, 0x24, 0x1f, 0xfd,
    0x22, 0x1b, 0x1d, 0xfd, 0x18, 0x11, 0x1c, 0xfd, 0x10, 0x09, 0x1a, 0xfd, 0x15, 0x0f, 0x11, 0xfd,
    0xda, 0xd6, 0x19, 0xfd, 0xfb, 0xef, 0x04, 0xfc, 0xf7, 0xe9, 0x02, 0xfc, 0xf1, 0xe2, 0x03, 0xfc,
    0x45, 0x3f, 0x00, 0xfd, 0x00, 0x00, 0x0a, 0xfd, 0x1b, 0x1b, 0x1b, 0xfc, 0x17, 0x18, 0x22, 0xfd,
    0x10, 0x2d, 0x43, 0xfd, 0x26, 0x69, 0x7a, 0xfd, 0x27, 0x84, 0x92, 0xfd, 0x1c, 0x6b, 0x7b, 0xfd,
    0x18, 0x2d, 0x3d, 0xfd, 0x23, 0x19, 0x1d, 0xfd, 0x28, 0x25, 0x23, 0xfd, 0x28, 0x22, 0x1f, 0xfd,
    0x21, 0x17, 0x19, 0xfd, 0x1c, 0x20, 0x26, 0xfd, 0x01, 0x01, 0x13, 0xfc, 0x5f, 0x58, 0x03, 0xfd,
    0xfe, 0xf3, 0x02, 0xfd, 0xf2, 0xe3, 0x03, 0xfc, 0xfb, 0xee, 0x02, 0xfd, 0xcd, 0xc1, 0x02, 0xfd,
    0x04, 0x00, 0x09, 0xfd, 0x09, 0x03, 0x13, 0xfd, 0x10, 0x0a, 0x16, 0xfc, 0x1a, 0x14, 0x18, 0xfc,
    0x23, 0x1d, 0x18, 0xfc, 0x23, 0x1c, 0x18, 0xfc, 0x23, 0x1c, 0x18, 0xfc, 0x23, 0x1c, 0x18, 0xfc,
    0x28, 0x21, 0x1d, 0xff, 0x23, 0x1e, 0x1b, 0x96, 0x00, 0x00, 0x00, 0x00, 0x00, 0x00, 0x00, 0x00,
    0x00, 0x00, 0x00, 0x00, 0x00, 0x00, 0x00, 0x00, 0x40, 0x38, 0x34, 0x87, 0x39, 0x33, 0x2e, 0xff,
    0x29, 0x23, 0x1f, 0xfc, 0x2b, 0x24, 0x1f, 0xfd, 0x2a, 0x23, 0x1e, 0xfc, 0x20, 0x19, 0x1c, 0xfc,
    0x39, 0x33, 0x1c, 0xfd, 0x68, 0x65, 0x18, 0xfd, 0x63, 0x61, 0x12, 0xfd, 0x99, 0x97, 0x1d, 0xfd,
    0xfe, 0xf6, 0x0f, 0xfd, 0xf3, 0xe4, 0x00, 0xfc, 0xfe, 0xf0, 0x03, 0xfc, 0xa7, 0x9b, 0x01, 0xfd,
    0x00, 0x00, 0x05, 0xfd, 0x14, 0x14, 0x17, 0xfc, 0x14, 0x16, 0x22, 0xfd, 0x1f, 0x59, 0x70, 0xfd,
    0x61, 0xdc, 0xe4, 0xfd, 0x45, 0xf5, 0xfe, 0xfd, 0x22, 0xf0, 0xfe, 0xfd, 0x18, 0xee, 0xfe, 0xfd,
    0x11, 0xcf, 0xe5, 0xfd, 0x11, 0x4e, 0x63, 0xfd, 0x20, 0x14, 0x18, 0xfd, 0x1d, 0x22, 0x2b, 0xfd,
    0x28, 0x75, 0x84, 0xfd, 0x1c, 0xcc, 0xe2, 0xfd, 0x05, 0x4b, 0x6f, 0xfd, 0x0c, 0x03, 0x00, 0xfd,
    0xc7, 0xbd, 0x00, 0xfd, 0xfd, 0xf1, 0x03, 0xfc, 0xf1, 0xe3, 0x03, 0xfc, 0xf9, 0xec, 0x02, 0xfd,
    0x8d, 0x89, 0x06, 0xfd, 0x60, 0x5e, 0x0f, 0xfd, 0x65, 0x62, 0x10, 0xfd, 0x34, 0x2f, 0x11, 0xfc,
    0x18, 0x12, 0x16, 0xfc, 0x23, 0x1c, 0x17, 0xfc, 0x23, 0x1c, 0x18, 0xfc, 0x23, 0x1c, 0x18, 0xfc,
    0x28, 0x21, 0x1d, 0xff, 0x24, 0x1f, 0x1b, 0x94, 0x00, 0x00, 0x00, 0x00, 0x00, 0x00, 0x00, 0x00,
    0x00, 0x00, 0x00, 0x00, 0x00, 0x00, 0x00, 0x00, 0x40, 0x39, 0x35, 0x86, 0x39, 0x32, 0x2e, 0xff,
    0x29, 0x23, 0x1e, 0xfd, 0x2a, 0x23, 0x1f, 0xfd, 0x22, 0x1b, 0x1d, 0xfc, 0x33, 0x2e, 0x17, 0xfd,
    0xe3, 0xe0, 0x28, 0xfd, 0xfe, 0xfe, 0x0c, 0xfc, 0xfe, 0xfd, 0x06, 0xfd, 0xfe, 0xf9, 0x0a, 0xfd,
    0xf3, 0xe6, 0x03, 0xfc, 0xf5, 0xe7, 0x03, 0xfc, 0xf9, 0xea, 0x02, 0xfd, 0x56, 0x4f, 0x00, 0xfd,
    0x00, 0x00, 0x0d, 0xfc, 0x19, 0x16, 0x1b, 0xfc, 0x15, 0x46, 0x5d, 0xfc, 0x6b, 0xf1, 0xfa, 0xfd,
    0x2b, 0xe5, 0xfe, 0xfd, 0x00, 0xc7, 0xfd, 0xfd, 0x00, 0xc3, 0xfc, 0xfd, 0x00, 0xc1, 0xfc, 0xfd,
    0x03, 0xd5, 0xfe, 0xfc, 0x04, 0xce, 0xf6, 0xfd, 0x09, 0x30, 0x49, 0xfd, 0x23, 0xa5, 0xc1, 0xfd,
    0x1a, 0xec, 0xfe, 0xfd, 0x00, 0xa7, 0xee, 0xfd, 0x05, 0x2e, 0x4e, 0xfd, 0x04, 0x00, 0x07, 0xfc,
    0x76, 0x70, 0x03, 0xfd, 0xfe, 0xf9, 0x02, 0xfd, 0xf0, 0xe2, 0x03, 0xfc, 0xf1, 0xe3, 0x02, 0xfc,
    0xfe, 0xf7, 0x04, 0xfd, 0xfe, 0xfb, 0x06, 0xfd, 0xfe, 0xfd, 0x05, 0xfd, 0xe2, 0xda, 0x03, 0xfd,
    0x2b, 0x25, 0x0d, 0xfd, 0x19, 0x13, 0x16, 0xfc, 0x22, 0x1b, 0x17, 0xfc, 0x22, 0x1b, 0x17, 0xfc,
    0x27, 0x20, 0x1c, 0xff, 0x23, 0x1d, 0x19, 0x95, 0x00, 0x00, 0x00, 0x00, 0x00, 0x00, 0x00, 0x00,
    0x00, 0x00, 0x00, 0x00, 0x00, 0x00, 0x00, 0x00, 0x3e, 0x38, 0x34, 0x87, 0x38, 0x32, 0x2d, 0xff,
    0x29, 0x22, 0x1e, 0xfd, 0x2a, 0x22, 0x1e, 0xfd, 0x18, 0x11, 0x1c, 0xfd, 0x5c, 0x57, 0x11, 0xfd,
    0xfe, 0xfe, 0x04, 0xfd, 0xf4, 0xe5, 0x00, 0xfc, 0xf3, 0xe4, 0x01, 0xfc, 0xf3, 0xe5, 0x00, 0xfc,
    0xf3, 0xe5, 0x02, 0xfc, 0xf8, 0xea, 0x02, 0xfc, 0xe5, 0xd5, 0x01, 0xfd, 0x2a, 0x26, 0x03, 0xfd,
    0x0c, 0x0b, 0x14, 0xfd, 0x0f, 0x15, 0x24, 0xfc, 0x33, 0xad, 0xc2, 0xfd, 0x2a, 0xe9, 0xfe, 0xfd,
    0x00, 0xc2, 0xfc, 0xfc, 0x01, 0xc1, 0xfc, 0xfc, 0x01, 0xc0, 0xfc, 0xfc, 0x01, 0xbf, 0xfc, 0xfc,
    0x01, 0xbb, 0xfc, 0xfc, 0x01, 0xcf, 0xfe, 0xfc, 0x01, 0x7d, 0xab, 0xfd, 0x01, 0x6a, 0xa0, 0xfd,
    0x00, 0x61, 0xa0, 0xfd, 0x07, 0x0e, 0x25, 0xfd, 0x19, 0x10, 0x0d, 0xfc, 0x13, 0x0e, 0x17, 0xfc,
    0x44, 0x3f, 0x07, 0xfd, 0xf9, 0xf0, 0x02, 0xfd, 0xf4, 0xe5, 0x03, 0xfc, 0xf1, 0xe3, 0x02, 0xfc,
    0xf0, 0xe1, 0x02, 0xfd, 0xf0, 0xe1, 0x01, 0xfd, 0xf2, 0xe3, 0x01, 0xfc, 0xfd, 0xee, 0x00, 0xfd,
    0x4d, 0x46, 0x05, 0xfd, 0x0d, 0x08, 0x12, 0xfc, 0x21, 0x1b, 0x17, 0xfc, 0x21, 0x1a, 0x16, 0xfc,
    0x26, 0x1f, 0x1c, 0xff, 0x23, 0x1d, 0x19, 0x95, 0x00, 0x00, 0x00, 0x00, 0x00, 0x00, 0x00, 0x00,
    0x00, 0x00, 0x00, 0x00, 0x00, 0x00, 0x00, 0x00, 0x3c, 0x36, 0x32, 0x87, 0x37, 0x31, 0x2d, 0xff,
    0x28, 0x22, 0x1e, 0xfc, 0x29, 0x22, 0x1e, 0xfd, 0x18, 0x11, 0x1c, 0xfd, 0x59, 0x54, 0x0f, 0xfd,
    0xfe, 0xf8, 0x02, 0xfc, 0xf3, 0xe5, 0x01, 0xfc, 0xf3, 0xe5, 0x02, 0xfc, 0xf3, 0xe5, 0x02, 0xfc,
    0xf2, 0xe4, 0x02, 0xfc, 0xfa, 0xec, 0x02, 0xfc, 0xd3, 0xc5, 0x00, 0xfd, 0x1a, 0x16, 0x05, 0xfd,
    0x13, 0x0f, 0x15, 0xfd, 0x11, 0x29, 0x3b, 0xfd, 0x1c, 0xcf, 0xec, 0xfd, 0x00, 0xca, 0xfe, 0xfd,
    0x01, 0xbf, 0xfc, 0xfc, 0x01, 0xbd, 0xfc, 0xfc, 0x02, 0xbd, 0xfc, 0xfc, 0x01, 0xbb, 0xfc, 0xfc,
    0x01, 0xb8, 0xfc, 0xfc, 0x01, 0xc0, 0xfe, 0xfc, 0x00, 0x9b, 0xd8, 0xfd, 0x0a, 0x05, 0x13, 0xfd,
    0x17, 0x08, 0x0a, 0xfd, 0x22, 0x1a, 0x15, 0xfc, 0x27, 0x22, 0x1d, 0xfc, 0x1a, 0x15, 0x19, 0xfd,
    0x30, 0x2b, 0x0a, 0xfd, 0xec, 0xe4, 0x03, 0xfd, 0xf6, 0xe8, 0x02, 0xfc, 0xf1, 0xe2, 0x02, 0xfd,
    0xf1, 0xe2, 0x02, 0xfd, 0xf1, 0xe2, 0x02, 0xfd, 0xf2, 0xe4, 0x02, 0xfc, 0xf6, 0xe6, 0x01, 0xfd,
    0x47, 0x40, 0x03, 0xfd, 0x0b, 0x07, 0x10, 0xfc, 0x21, 0x1b, 0x17, 0xfc, 0x21, 0x1b, 0x17, 0xfc,
    0x26, 0x1f, 0x1b, 0xff, 0x21, 0x1c, 0x19, 0x96, 0x00, 0x00, 0x00, 0x00, 0x00, 0x00, 0x00, 0x00,
    0x00, 0x00, 0x00, 0x00, 0x00, 0x00, 0x00, 0x00, 0x3c, 0x37, 0x33, 0x86, 0x37, 0x30, 0x2c, 0xff,
    0x28, 0x22, 0x1e, 0xfc, 0x29, 0x22, 0x1e, 0xfd, 0x17, 0x11, 0x1b, 0xfd, 0x58, 0x53, 0x0f, 0xfd,
    0xfe, 0xf8, 0x04, 0xfd, 0xf3, 0xe4, 0x02, 0xfc, 0xf2, 0xe4, 0x02, 0xfc, 0xf2, 0xe4, 0x02, 0xfc,
    0xf2, 0xe3, 0x02, 0xfd, 0xfb, 0xec, 0x02, 0xfc, 0xd5, 0xc7, 0x00, 0xfd, 0x1c, 0x17, 0x06, 0xfd,
    0x15, 0x0f, 0x14, 0xfd, 0x12, 0x2b, 0x3b, 0xfd, 0x06, 0xc9, 0xf0, 0xfd, 0x00, 0xc3, 0xfe, 0xfd,
    0x01, 0xbb, 0xfc, 0xfc, 0x01, 0xba, 0xfc, 0xfc, 0x01, 0xb9, 0xfc, 0xfc, 0x01, 0xb6, 0xfc, 0xfc,
    0x01, 0xb4, 0xfc, 0xfc, 0x01, 0xb9, 0xfe, 0xfc, 0x00, 0x93, 0xdc, 0xfd, 0x0e, 0x18, 0x27, 0xfd,
    0x1f, 0x20, 0x26, 0xfd, 0x25, 0x17, 0x16, 0xfd, 0x27, 0x21, 0x1d, 0xfc, 0x1b, 0x16, 0x1a, 0xfd,
    0x30, 0x2b, 0x0b, 0xfd, 0xeb, 0xe4, 0x03, 0xfc, 0xf7, 0xe7, 0x02, 0xfc, 0xf0, 0xe2, 0x02, 0xfd,
    0xf1, 0xe2, 0x02, 0xfd, 0xf1, 0xe2, 0x02, 0xfd, 0xf1, 0xe2, 0x03, 0xfd, 0xf7, 0xe7, 0x02, 0xfc,
    0x47, 0x40, 0x03, 0xfd, 0x0b, 0x07, 0x10, 0xfc, 0x21, 0x1b, 0x17, 0xfc, 0x21, 0x1b, 0x17, 0xfc,
    0x26, 0x1f, 0x1b, 0xff, 0x23, 0x1c, 0x19, 0x96, 0x00, 0x00, 0x00, 0x00, 0x00, 0x00, 0x00, 0x00,
    0x00, 0x00, 0x00, 0x00, 0x00, 0x00, 0x00, 0x00, 0x3a, 0x34, 0x2f, 0x87, 0x36, 0x2f, 0x2b, 0xff,
    0x28, 0x22, 0x1d, 0xfd, 0x29, 0x22, 0x1d, 0xfc, 0x16, 0x0f, 0x1b, 0xfc, 0x5b, 0x56, 0x0e, 0xfd,
    0xfe, 0xfa, 0x03, 0xfd, 0xf3, 0xe5, 0x02, 0xfc, 0xf2, 0xe4, 0x02, 0xfc, 0xf3, 0xe4, 0x02, 0xfc,
    0xf2, 0xe4, 0x03, 0xfd, 0xf7, 0xe9, 0x02, 0xfc, 0xe7, 0xd9, 0x01, 0xfd, 0x2c, 0x27, 0x05, 0xfd,
    0x12, 0x0f, 0x15, 0xfd, 0x15, 0x17, 0x22, 0xfd, 0x01, 0xa6, 0xd2, 0xfd, 0x01, 0xcb, 0xfe, 0xfc,
    0x01, 0xb8, 0xfc, 0xfc, 0x01, 0xb7, 0xfc, 0xfc, 0x01, 0xb5, 0xfc, 0xfc, 0x01, 0xb2, 0xfc, 0xfc,
    0x01, 0xaf, 0xfc, 0xfc, 0x01, 0xbc, 0xfe, 0xfc, 0x00, 0x66, 0xae, 0xfd, 0x11, 0x89, 0xae, 0xfd,
    0x0a, 0xba, 0xdb, 0xfd, 0x0e, 0x52, 0x6a, 0xfd, 0x1e, 0x1c, 0x1f, 0xfd, 0x16, 0x11, 0x19, 0xfd,
    0x42, 0x3d, 0x0a, 0xfd, 0xf8, 0xf0, 0x07, 0xfc, 0xf4, 0xe4, 0x02, 0xfc, 0xf0, 0xe1, 0x02, 0xfd,
    0xf0, 0xe1, 0x02, 0xfd, 0xef, 0xe0, 0x02, 0xfd, 0xf1, 0xe2, 0x02, 0xfd, 0xf9, 0xe9, 0x02, 0xfd,
    0x4a, 0x43, 0x04, 0xfd, 0x0a, 0x06, 0x10, 0xfd, 0x21, 0x1a, 0x16, 0xfd, 0x21, 0x1b, 0x17, 0xfc,
    0x26, 0x1f, 0x1b, 0xff, 0x23, 0x1c, 0x19, 0x96, 0x00, 0x00, 0x00, 0x00, 0x00, 0x00, 0x00, 0x00,
    0x00, 0x00, 0x00, 0x00, 0x00, 0x00, 0x00, 0x00, 0x3a, 0x32, 0x2f, 0x87, 0x36, 0x2f, 0x2a, 0xff,
    0x28, 0x21, 0x1d, 0xfd, 0x28, 0x21, 0x1c, 0xfc, 0x19, 0x13, 0x1a, 0xfd, 0x46, 0x41, 0x0d, 0xfd,
    0xfe, 0xf8, 0x02, 0xfd, 0xfe, 0xf2, 0x02, 0xfc, 0xfe, 0xef, 0x03, 0xfc, 0xf9, 0xea, 0x03, 0xfd,
    0xf1, 0xe3, 0x02, 0xfc, 0xf2, 0xe4, 0x03, 0xfc, 0xfc, 0xef, 0x02, 0xfc, 0x56, 0x4e, 0x02, 0xfd,
    0x09, 0x06, 0x13, 0xfd, 0x1e, 0x13, 0x14, 0xfd, 0x07, 0x4f, 0x70, 0xfd, 0x00, 0xcd, 0xfe, 0xfd,
    0x01, 0xb8, 0xfe, 0xfc, 0x01, 0xb0, 0xfc, 0xfc, 0x01, 0xae, 0xfc, 0xfc, 0x01, 0xac, 0xfc, 0xfc,
    0x01, 0xb2, 0xfe, 0xfc, 0x01, 0xa9, 0xfe, 0xfd, 0x02, 0x1f, 0x43, 0xfd, 0x02, 0x51, 0x7a, 0xfc,
    0x00, 0xba, 0xfe, 0xfd, 0x00, 0xe0, 0xfe, 0xfd, 0x08, 0x6c, 0x99, 0xfd, 0x09, 0x00, 0x08, 0xfd,
    0x73, 0x6d, 0x0a, 0xfd, 0xfe, 0xfc, 0x0a, 0xfc, 0xef, 0xe0, 0x00, 0xfc, 0xf0, 0xe2, 0x02, 0xfc,
    0xf8, 0xe9, 0x02, 0xfd, 0xfb, 0xeb, 0x02, 0xfc, 0xfe, 0xf1, 0x03, 0xfc, 0xf2, 0xe1, 0x02, 0xfd,
    0x33, 0x2d, 0x04, 0xfd, 0x0f, 0x0a, 0x11, 0xfd, 0x21, 0x1a, 0x16, 0xfc, 0x21, 0x1b, 0x17, 0xfc,
    0x25, 0x1f, 0x1b, 0xff, 0x23, 0x1c, 0x19, 0x96, 0x00, 0x00, 0x00, 0x00, 0x00, 0x00, 0x00, 0x00,
    0x00, 0x00, 0x00, 0x00, 0x00, 0x00, 0x00, 0x00, 0x38, 0x31, 0x2d, 0x87, 0x34, 0x2d, 0x29, 0xff,
    0x27, 0x20, 0x1c, 0xfc, 0x27, 0x20, 0x1c, 0xfc, 0x25, 0x1e, 0x1b, 0xfc, 0x16, 0x10, 0x13, 0xfd,
    0x70, 0x66, 0x04, 0xfd, 0xb1, 0xa5, 0x01, 0xfd, 0xb0, 0xa4, 0x01, 0xfd, 0xd4, 0xc7, 0x02, 0xfd,
    0xf8, 0xea, 0x03, 0xfc, 0xf0, 0xe2, 0x03, 0xfc, 0xfe, 0xf4, 0x03, 0xfc, 0xab, 0xa1, 0x02, 0xfd,
    0x06, 0x03, 0x0c, 0xfd, 0x20, 0x1b, 0x1a, 0xfc, 0x17, 0x11, 0x16, 0xfd, 0x02, 0x5f, 0x91, 0xfd,
    0x00, 0xb6, 0xfe, 0xfd, 0x01, 0xb9, 0xfe, 0xfc, 0x01, 0xb4, 0xfe, 0xfc, 0x01, 0xb5, 0xfe, 0xfc,
    0x00, 0xa0, 0xf7, 0xfd, 0x00, 0x39, 0x6d, 0xfd, 0x13, 0x09, 0x08, 0xfd, 0x18, 0x0d, 0x0d, 0xfc,
    0x09, 0x20, 0x3a, 0xfc, 0x00, 0x6a, 0xa4, 0xfd, 0x00, 0x3c, 0x6a, 0xfd, 0x0c, 0x04, 0x02, 0xfd,
    0xc4, 0xbe, 0x13, 0xfd, 0xfd, 0xf3, 0x09, 0xfc, 0xef, 0xe1, 0x01, 0xfc, 0xf3, 0xe3, 0x02, 0xfd,
    0xc7, 0xb8, 0x02, 0xfd, 0xae, 0xa1, 0x01, 0xfd, 0xac, 0xa0, 0x01, 0xfd, 0x5d, 0x55, 0x00, 0xfd,
    0x07, 0x04, 0x07, 0xfd, 0x1b, 0x15, 0x12, 0xfc, 0x20, 0x1a, 0x16, 0xfc, 0x21, 0x1a, 0x16, 0xfc,
    0x25, 0x1e, 0x1a, 0xff, 0x22, 0x1b, 0x17, 0x95, 0x00, 0x00, 0x00, 0x00, 0x00, 0x00, 0x00, 0x00,
    0x00, 0x00, 0x00, 0x00, 0x00, 0x00, 0x00, 0x00, 0x38, 0x31, 0x2d, 0x87, 0x34, 0x2c, 0x28, 0xff,
    0x27, 0x20, 0x1c, 0xfd, 0x27, 0x20, 0x1b, 0xfc, 0x26, 0x1f, 0x1b, 0xfc, 0x21, 0x1b, 0x18, 0xfc,
    0x09, 0x05, 0x0f, 0xfd, 0x04, 0x01, 0x07, 0xfd, 0x00, 0x00, 0x04, 0xfc, 0x2a, 0x26, 0x03, 0xfd,
    0xf3, 0xe7, 0x02, 0xfd, 0xf5, 0xe7, 0x02, 0xfd, 0xf3, 0xe5, 0x03, 0xfd, 0xf8, 0xee, 0x02, 0xfd,
    0x4a, 0x44, 0x04, 0xfd, 0x0a, 0x06, 0x14, 0xfd, 0x23, 0x1e, 0x1a, 0xfc, 0x16, 0x0e, 0x11, 0xfd,
    0x06, 0x2c, 0x4d, 0xfd, 0x00, 0x5c, 0x98, 0xfd, 0x00, 0x68, 0xad, 0xfd, 0x00, 0x50, 0x8c, 0xfd,
    0x04, 0x1b, 0x38, 0xfd, 0x13, 0x09, 0x07, 0xfc, 0x23, 0x1e, 0x1a, 0xfd, 0x26, 0x20, 0x1b, 0xfd,
    0x21, 0x17, 0x11, 0xfc, 0x17, 0x09, 0x08, 0xfd, 0x01, 0x00, 0x06, 0xfd, 0x60, 0x5b, 0x0e, 0xfd,
    0xfe, 0xfb, 0x19, 0xfd, 0xf1, 0xe0, 0x00, 0xfd, 0xf7, 0xe8, 0x02, 0xfc, 0xd7, 0xc7, 0x01, 0xfd,
    0x16, 0x13, 0x00, 0xfd, 0x00, 0x00, 0x02, 0xfd, 0x00, 0x00, 0x03, 0xfc, 0x00, 0x00, 0x07, 0xfc,
    0x17, 0x12, 0x0f, 0xfc, 0x1f, 0x19, 0x15, 0xfc, 0x21, 0x1a, 0x16, 0xfc, 0x20, 0x1a, 0x16, 0xfc,
    0x24, 0x1e, 0x1a, 0xff, 0x22, 0x1b, 0x17, 0x95, 0x00, 0x00, 0x00, 0x00, 0x00, 0x00, 0x00, 0x00,
    0x00, 0x00, 0x00, 0x00, 0x00, 0x00, 0x00, 0x00, 0x39, 0x31, 0x2d, 0x86, 0x34, 0x2c, 0x28, 0xff,
    0x26, 0x1f, 0x1b, 0xfd, 0x26, 0x1f, 0x1b, 0xfd, 0x26, 0x1f, 0x1b, 0xfd, 0x25, 0x1e, 0x1a, 0xfd,
    0x23, 0x1c, 0x18, 0xfd, 0x1d, 0x18, 0x14, 0xfd, 0x19, 0x13, 0x11, 0xfd, 0x00, 0x00, 0x0c, 0xfc,
    0x92, 0x8a, 0x01, 0xfd, 0xfe, 0xf7, 0x02, 0xfd, 0xf0, 0xe2, 0x03, 0xfc, 0xfc, 0xf1, 0x03, 0xfc,
    0xd9, 0xd1, 0x02, 0xfd, 0x25, 0x1f, 0x08, 0xfd, 0x10, 0x0b, 0x17, 0xfd, 0x24, 0x1f, 0x1a, 0xfd,
    0x1f, 0x14, 0x0f, 0xfd, 0x16, 0x0a, 0x08, 0xfd, 0x13, 0x08, 0x07, 0xfd, 0x15, 0x09, 0x04, 0xfd,
    0x1d, 0x14, 0x0e, 0xfd, 0x24, 0x1e, 0x1a, 0xfc, 0x26, 0x1f, 0x1b, 0xfd, 0x25, 0x1f, 0x1a, 0xfd,
    0x25, 0x1e, 0x19, 0xfc, 0x10, 0x0a, 0x15, 0xfc, 0x35, 0x2f, 0x0a, 0xfd, 0xe7, 0xe4, 0x21, 0xfd,
    0xf9, 0xec, 0x07, 0xfd, 0xef, 0xe0, 0x01, 0xfd, 0xfe, 0xed, 0x02, 0xfc, 0x6c, 0x63, 0x01, 0xfd,
    0x00, 0x00, 0x04, 0xfd, 0x12, 0x0d, 0x0c, 0xfd, 0x18, 0x12, 0x0f, 0xfd, 0x1c, 0x16, 0x12, 0xfc,
    0x1f, 0x19, 0x15, 0xfd, 0x20, 0x1a, 0x16, 0xfc, 0x21, 0x1a, 0x16, 0xfc, 0x20, 0x19, 0x16, 0xfc,
    0x25, 0x1e, 0x1a, 0xff, 0x22, 0x1b, 0x17, 0x95, 0x00, 0x00, 0x00, 0x00, 0x00, 0x00, 0x00, 0x00,
    0x00, 0x00, 0x00, 0x00, 0x00, 0x00, 0x00, 0x00, 0x39, 0x31, 0x2d, 0x86, 0x33, 0x2b, 0x27, 0xff,
    0x25, 0x1e, 0x1a, 0xfd, 0x27, 0x1f, 0x1b, 0xfd, 0x26, 0x1f, 0x1b, 0xfd, 0x25, 0x1e, 0x1a, 0xfc,
    0x25, 0x1e, 0x1a, 0xfd, 0x25, 0x1e, 0x19, 0xfd, 0x1e, 0x18, 0x17, 0xfc, 0x06, 0x01, 0x0e, 0xfd,
    0x9a, 0x98, 0x1b, 0xfd, 0xfd, 0xf6, 0x07, 0xfd, 0xf0, 0xe2, 0x01, 0xfd, 0xf0, 0xe1, 0x02, 0xfc,
    0xfe, 0xf6, 0x03, 0xfc, 0xcf, 0xc9, 0x02, 0xfd, 0x30, 0x2a, 0x09, 0xfd, 0x0a, 0x05, 0x15, 0xfd,
    0x1f, 0x19, 0x19, 0xfd, 0x26, 0x1f, 0x1a, 0xfd, 0x26, 0x1f, 0x1a, 0xfd, 0x25, 0x1f, 0x1a, 0xfd,
    0x25, 0x1f, 0x1a, 0xfd, 0x24, 0x1e, 0x19, 0xfd, 0x24, 0x1e, 0x19, 0xfd, 0x1d, 0x17, 0x19, 0xfd,
    0x0b, 0x05, 0x12, 0xfd, 0x3c, 0x37, 0x0c, 0xfd, 0xdb, 0xd8, 0x24, 0xfd, 0xfe, 0xf4, 0x0f, 0xfd,
    0xee, 0xdd, 0x00, 0xfd, 0xef, 0xe0, 0x02, 0xfd, 0xfb, 0xed, 0x02, 0xfd, 0x88, 0x81, 0x02, 0xfd,
    0x00, 0x00, 0x09, 0xfd, 0x18, 0x13, 0x11, 0xfd, 0x20, 0x19, 0x15, 0xfd, 0x20, 0x19, 0x15, 0xfc,
    0x21, 0x1a, 0x16, 0xfd, 0x21, 0x1a, 0x16, 0xfc, 0x20, 0x1a, 0x16, 0xfc, 0x20, 0x19, 0x16, 0xfd,
    0x25, 0x1e, 0x1a, 0xff, 0x22, 0x1b, 0x17, 0x95, 0x00, 0x00, 0x00, 0x00, 0x00, 0x00, 0x00, 0x00,
    0x00, 0x00, 0x00, 0x00, 0x00, 0x00, 0x00, 0x00, 0x36, 0x2f, 0x2b, 0x87, 0x33, 0x2b, 0x27, 0xff,
    0x25, 0x1e, 0x1a, 0xfd, 0x26, 0x1f, 0x1b, 0xfc, 0x26, 0x1f, 0x1b, 0xfd, 0x26, 0x1f, 0x1a, 0xfc,
    0x24, 0x1e, 0x19, 0xfc, 0x22, 0x1b, 0x18, 0xfd, 0x15, 0x0f, 0x13, 0xfd, 0x98, 0x94, 0x22, 0xfd,
    0xfe, 0xfe, 0x19, 0xfd, 0xf2, 0xe2, 0x01, 0xfc, 0xf0, 0xe1, 0x02, 0xfd, 0xf0, 0xe2, 0x02, 0xfc,
    0xef, 0xe0, 0x02, 0xfc, 0xfe, 0xf5, 0x03, 0xfc, 0xe7, 0xe2, 0x02, 0xfd, 0x6e, 0x6a, 0x06, 0xfd,
    0x1d, 0x17, 0x0e, 0xfd, 0x0e, 0x08, 0x14, 0xfc, 0x13, 0x0d, 0x17, 0xfd, 0x16, 0x10, 0x18, 0xfd,
    0x15, 0x0f, 0x18, 0xfd, 0x12, 0x0b, 0x16, 0xfd, 0x0e, 0x08, 0x12, 0xfd, 0x22, 0x1c, 0x0d, 0xfd,
    0x79, 0x74, 0x13, 0xfd, 0xee, 0xea, 0x22, 0xfd, 0xfe, 0xf2, 0x0f, 0xfd, 0xee, 0xdd, 0x00, 0xfc,
    0xef, 0xe0, 0x02, 0xfd, 0xee, 0xde, 0x02, 0xfd, 0xef, 0xdf, 0x02, 0xfc, 0xfe, 0xf7, 0x02, 0xfd,
    0x8a, 0x83, 0x05, 0xfd, 0x0d, 0x08, 0x0e, 0xfd, 0x1e, 0x18, 0x15, 0xfc, 0x20, 0x1a, 0x16, 0xfc,
    0x20, 0x1a, 0x16, 0xfc, 0x21, 0x1a, 0x16, 0xfc, 0x20, 0x19, 0x16, 0xfd, 0x1f, 0x19, 0x15, 0xfd,
    0x24, 0x1e, 0x1a, 0xff, 0x20, 0x1b, 0x17, 0x95, 0x00, 0x00, 0x00, 0x00, 0x00, 0x00, 0x00, 0x00,
    0x00, 0x00, 0x00, 0x00, 0x00, 0x00, 0x00, 0x00, 0x35, 0x2d, 0x2b, 0x86, 0x31, 0x2a, 0x26, 0xff,
    0x25, 0x1e, 0x1b, 0xfd, 0x26, 0x1f, 0x1b, 0xfd, 0x25, 0x1e, 0x1a, 0xfd, 0x24, 0x1e, 0x1a, 0xfd,
    0x24, 0x1d, 0x19, 0xfc, 0x13, 0x0c, 0x16, 0xfd, 0x5a, 0x56, 0x12, 0xfd, 0xfe, 0xfe, 0x17, 0xfd,
    0xf2, 0xe2, 0x00, 0xfd, 0xef, 0xe0, 0x02, 0xfd, 0xef, 0xe0, 0x02, 0xfd, 0xf0, 0xe1, 0x02, 0xfc,
    0xf0, 0xe1, 0x02, 0xfd, 0xef, 0xe0, 0x02, 0xfc, 0xf9, 0xeb, 0x02, 0xfc, 0xfe, 0xfa, 0x02, 0xfd,
    0xd5, 0xd0, 0x04, 0xfd, 0x93, 0x8e, 0x08, 0xfd, 0x65, 0x60, 0x0a, 0xfd, 0x50, 0x4b, 0x0c, 0xfd,
    0x50, 0x4c, 0x0d, 0xfd, 0x67, 0x62, 0x0f, 0xfd, 0x98, 0x93, 0x13, 0xfd, 0xdb, 0xd6, 0x1a, 0xfd,
    0xfe, 0xfb, 0x18, 0xfd, 0xf6, 0xe7, 0x05, 0xfd, 0xee, 0xde, 0x00, 0xfc, 0xef, 0xdf, 0x03, 0xfd,
    0xee, 0xdf, 0x02, 0xfd, 0xee, 0xde, 0x02, 0xfd, 0xed, 0xdd, 0x02, 0xfc, 0xf1, 0xe0, 0x01, 0xfc,
    0xfe, 0xf6, 0x01, 0xfd, 0x46, 0x3f, 0x06, 0xfd, 0x0e, 0x09, 0x12, 0xfc, 0x20, 0x19, 0x15, 0xfd,
    0x1f, 0x19, 0x15, 0xfc, 0x20, 0x1a, 0x16, 0xfc, 0x20, 0x1a, 0x16, 0xfc, 0x1f, 0x19, 0x15, 0xfc,
    0x24, 0x1e, 0x1a, 0xff, 0x20, 0x1b, 0x17, 0x95, 0x00, 0x00, 0x00, 0x00, 0x00, 0x00, 0x00, 0x00,
    0x00, 0x00, 0x00, 0x00, 0x00, 0x00, 0x00, 0x00, 0x34, 0x2d, 0x29, 0x87, 0x31, 0x2a, 0x25, 0xff,
    0x24, 0x1e, 0x1a, 0xfd, 0x25, 0x1e, 0x1a, 0xfd, 0x24, 0x1d, 0x19, 0xfd, 0x24, 0x1d, 0x19, 0xfc,
    0x24, 0x1d, 0x19, 0xfc, 0x14, 0x0e, 0x17, 0xfd, 0x4d, 0x48, 0x0b, 0xfd, 0xfe, 0xf5, 0x00, 0xfd,
    0xf5, 0xe6, 0x02, 0xfc, 0xf0, 0xe1, 0x02, 0xfc, 0xef, 0xe0, 0x02, 0xfd, 0xef, 0xe0, 0x02, 0xfc,
    0xf1, 0xe3, 0x02, 0xfc, 0xf9, 0xea, 0x03, 0xfc, 0xf3, 0xe4, 0x02, 0xfd, 0xf0, 0xe0, 0x02, 0xfc,
    0xfa, 0xed, 0x03, 0xfc, 0xfe, 0xfa, 0x04, 0xfc, 0xfe, 0xf9, 0x05, 0xfc, 0xfc, 0xf5, 0x08, 0xfd,
    0xfc, 0xf5, 0x0b, 0xfd, 0xfe, 0xf9, 0x0e, 0xfc, 0xfe, 0xf9, 0x0d, 0xfc, 0xf9, 0xeb, 0x05, 0xfc,
    0xef, 0xdf, 0x00, 0xfc, 0xf2, 0xe2, 0x01, 0xfd, 0xf7, 0xe6, 0x02, 0xfd, 0xee, 0xde, 0x02, 0xfd,
    0xed, 0xdd, 0x02, 0xfd, 0xee, 0xde, 0x02, 0xfd, 0xed, 0xdd, 0x02, 0xfd, 0xf5, 0xe4, 0x02, 0xfd,
    0xea, 0xd9, 0x01, 0xfd, 0x33, 0x2d, 0x03, 0xfd, 0x0d, 0x09, 0x0f, 0xfd, 0x1f, 0x19, 0x15, 0xfc,
    0x20, 0x19, 0x15, 0xfc, 0x1f, 0x19, 0x15, 0xfc, 0x20, 0x19, 0x15, 0xfc, 0x1f, 0x19, 0x15, 0xfc,
    0x23, 0x1d, 0x19, 0xff, 0x20, 0x19, 0x16, 0x95, 0x00, 0x00, 0x00, 0x00, 0x00, 0x00, 0x00, 0x00,
    0x00, 0x00, 0x00, 0x00, 0x00, 0x00, 0x00, 0x00, 0x31, 0x2b, 0x27, 0x82, 0x30, 0x29, 0x25, 0xff,
    0x23, 0x1d, 0x19, 0xfd, 0x24, 0x1d, 0x19, 0xfd, 0x23, 0x1d, 0x19, 0xfd, 0x24, 0x1d, 0x1a, 0xfc,
    0x24, 0x1d, 0x19, 0xfc, 0x21, 0x1b, 0x17, 0xfc, 0x0b, 0x07, 0x10, 0xfd, 0x6d, 0x63, 0x03, 0xfd,
    0xfe, 0xef, 0x02, 0xfd, 0xf5, 0xe6, 0x03, 0xfc, 0xee, 0xdf, 0x02, 0xfc, 0xf2, 0xe3, 0x02, 0xfc,
    0xf3, 0xe3, 0x03, 0xfd, 0xc8, 0xb9, 0x02, 0xfd, 0xec, 0xdb, 0x02, 0xfd, 0xfe, 0xf0, 0x03, 0xfc,
    0xf2, 0xe3, 0x03, 0xfc, 0xee, 0xdf, 0x02, 0xfc, 0xef, 0xe0, 0x01, 0xfd, 0xf1, 0xe1, 0x01, 0xfd,
    0xf0, 0xe1, 0x01, 0xfd, 0xee, 0xde, 0x00, 0xfd, 0xee, 0xde, 0x00, 0xfc, 0xf3, 0xe4, 0x02, 0xfc,
    0xfd, 0xec, 0x03, 0xfc, 0xdf, 0xce, 0x02, 0xfd, 0xca, 0xbb, 0x02, 0xfd, 0xf8, 0xe8, 0x03, 0xfd,
    0xee, 0xdf, 0x02, 0xfc, 0xee, 0xde, 0x02, 0xfd, 0xf6, 0xe6, 0x03, 0xfd, 0xed, 0xdc, 0x02, 0xfd,
    0x51, 0x4a, 0x00, 0xfd, 0x00, 0x00, 0x05, 0xfd, 0x19, 0x14, 0x10, 0xfd, 0x1f, 0x18, 0x14, 0xfc,
    0x1f, 0x19, 0x15, 0xfc, 0x1f, 0x19, 0x15, 0xfc, 0x1f, 0x19, 0x15, 0xfc, 0x1e, 0x18, 0x15, 0xfd,
    0x23, 0x1d, 0x19, 0xff, 0x1f, 0x18, 0x16, 0x92, 0x00, 0x00, 0x00, 0x00, 0x00, 0x00, 0x00, 0x00,
    0x00, 0x00, 0x00, 0x00, 0x00, 0x00, 0x00, 0x00, 0x2c, 0x28, 0x23, 0x6c, 0x2f, 0x28, 0x25, 0xff,
    0x24, 0x1d, 0x19, 0xfd, 0x24, 0x1d, 0x19, 0xfd, 0x23, 0x1c, 0x19, 0xfd, 0x24, 0x1d, 0x19, 0xfc,
    0x23, 0x1d, 0x19, 0xfc, 0x22, 0x1c, 0x18, 0xfc, 0x1d, 0x17, 0x15, 0xfc, 0x00, 0x00, 0x0b, 0xfd,
    0x6c, 0x63, 0x03, 0xfd, 0xfe, 0xee, 0x02, 0xfd, 0xfe, 0xee, 0x03, 0xfc, 0xfe, 0xee, 0x03, 0xfc,
    0x92, 0x85, 0x01, 0xfd, 0x08, 0x07, 0x00, 0xfd, 0x35, 0x30, 0x01, 0xfd, 0x91, 0x86, 0x01, 0xfd,
    0xe8, 0xd9, 0x02, 0xfd, 0xf4, 0xe4, 0x03, 0xfc, 0xef, 0xe0, 0x02, 0xfd, 0xee, 0xdf, 0x02, 0xfd,
    0xef, 0xdf, 0x02, 0xfd, 0xef, 0xdf, 0x02, 0xfd, 0xf2, 0xe2, 0x02, 0xfd, 0xdb, 0xca, 0x02, 0xfd,
    0x82, 0x76, 0x01, 0xfd, 0x28, 0x24, 0x00, 0xfd, 0x0b, 0x0a, 0x01, 0xfd, 0xac, 0xa0, 0x02, 0xfd,
    0xfe, 0xf5, 0x03, 0xfd, 0xfc, 0xeb, 0x03, 0xfd, 0xec, 0xdb, 0x02, 0xfd, 0x51, 0x4a, 0x00, 0xfd,
    0x00, 0x00, 0x03, 0xfd, 0x14, 0x0f, 0x0d, 0xfd, 0x1d, 0x17, 0x13, 0xfc, 0x1f, 0x18, 0x14, 0xfc,
    0x1e, 0x18, 0x14, 0xfc, 0x1f, 0x19, 0x15, 0xfc, 0x20, 0x19, 0x15, 0xfc, 0x1f, 0x18, 0x14, 0xfd,
    0x24, 0x1d, 0x19, 0xff, 0x1c, 0x18, 0x14, 0x7d, 0x00, 0x00, 0x00, 0x00, 0x00, 0x00, 0x00, 0x00,
    0x00, 0x00, 0x00, 0x00, 0x00, 0x00, 0x00, 0x00, 0x23, 0x1f, 0x1b, 0x40, 0x2c, 0x26, 0x23, 0xff,
    0x25, 0x1e, 0x1a, 0xfe, 0x23, 0x1d, 0x19, 0xfc, 0x23, 0x1d, 0x19, 0xfd, 0x22, 0x1c, 0x18, 0xfc,
    0x22, 0x1c, 0x18, 0xfc, 0x22, 0x1c, 0x18, 0xfd, 0x22, 0x1b, 0x17, 0xfd, 0x1c, 0x16, 0x14, 0xfd,
    0x00, 0x00, 0x0a, 0xfc, 0x67, 0x5e, 0x02, 0xfd, 0xce, 0xc0, 0x01, 0xfd, 0x86, 0x7b, 0x00, 0xfd,
    0x03, 0x02, 0x01, 0xfd, 0x06, 0x03, 0x08, 0xfc, 0x04, 0x01, 0x0a, 0xfd, 0x00, 0x00, 0x05, 0xfd,
    0xa1, 0x9c, 0x03, 0xfd, 0xfe, 0xf4, 0x02, 0xfd, 0xee, 0xde, 0x02, 0xfd, 0xee, 0xde, 0x02, 0xfd,
    0xed, 0xdd, 0x02, 0xfd, 0xed, 0xdd, 0x02, 0xfd, 0xfd, 0xec, 0x02, 0xfd, 0x86, 0x7a, 0x00, 0xfd,
    0x00, 0x00, 0x02, 0xfd, 0x03, 0x00, 0x07, 0xfd, 0x08, 0x05, 0x0a, 0xfc, 0x0d, 0x0a, 0x06, 0xfd,
    0x9c, 0x91, 0x02, 0xfd, 0xc7, 0xb9, 0x01, 0xfd, 0x4e, 0x46, 0x00, 0xfd, 0x00, 0x00, 0x03, 0xfd,
    0x13, 0x0e, 0x0c, 0xfd, 0x1d, 0x17, 0x13, 0xfd, 0x1f, 0x18, 0x14, 0xfd, 0x1f, 0x19, 0x15, 0xfc,
    0x1e, 0x18, 0x14, 0xfc, 0x1e, 0x18, 0x15, 0xfc, 0x1f, 0x18, 0x14, 0xfc, 0x1e, 0x18, 0x14, 0xfd,
    0x22, 0x1c, 0x18, 0xff, 0x16, 0x12, 0x0f, 0x51, 0x00, 0x00, 0x00, 0x00, 0x00, 0x00, 0x00, 0x00,
    0x00, 0x00, 0x00, 0x00, 0x00, 0x00, 0x00, 0x00, 0x15, 0x15, 0x15, 0x0c, 0x29, 0x22, 0x1f, 0xea,
    0x27, 0x20, 0x1d, 0xff, 0x23, 0x1c, 0x18, 0xfd, 0x23, 0x1c, 0x18, 0xfc, 0x22, 0x1c, 0x18, 0xfc,
    0x22, 0x1c, 0x18, 0xfc, 0x22, 0x1b, 0x17, 0xfd, 0x22, 0x1b, 0x18, 0xfd, 0x21, 0x1b, 0x17, 0xfd,
    0x1c, 0x16, 0x13, 0xfd, 0x07, 0x03, 0x0c, 0xfd, 0x0b, 0x08, 0x05, 0xfd, 0x00, 0x00, 0x05, 0xfd,
    0x0f, 0x0b, 0x0b, 0xfd, 0x1c, 0x16, 0x12, 0xfd, 0x1d, 0x17, 0x13, 0xfd, 0x02, 0x00, 0x0d, 0xfc,
    0x97, 0x94, 0x06, 0xfd, 0xfe, 0xf6, 0x02, 0xfd, 0xed, 0xdd, 0x01, 0xfd, 0xee, 0xde, 0x02, 0xfd,
    0xee, 0xdd, 0x02, 0xfd, 0xed, 0xdd, 0x02, 0xfd, 0xfe, 0xed, 0x01, 0xfd, 0x7e, 0x74, 0x00, 0xfd,
    0x00, 0x00, 0x07, 0xfd, 0x19, 0x14, 0x10, 0xfd, 0x1d, 0x17, 0x12, 0xfd, 0x12, 0x0e, 0x0f, 0xfc,
    0x04, 0x01, 0x07, 0xfd, 0x08, 0x05, 0x03, 0xfd, 0x00, 0x00, 0x06, 0xfd, 0x14, 0x0f, 0x0d, 0xfc,
    0x1d, 0x17, 0x12, 0xfc, 0x1e, 0x18, 0x14, 0xfd, 0x1e, 0x18, 0x14, 0xfd, 0x1e, 0x18, 0x14, 0xfc,
    0x1e, 0x18, 0x14, 0xfc, 0x1f, 0x18, 0x15, 0xfc, 0x1e, 0x18, 0x14, 0xfc, 0x21, 0x1a, 0x17, 0xff,
    0x1c, 0x16, 0x13, 0xf4, 0x0b, 0x00, 0x00, 0x16, 0x00, 0x00, 0x00, 0x00, 0x00, 0x00, 0x00, 0x00,
    0x00, 0x00, 0x00, 0x00, 0x00, 0x00, 0x00, 0x00, 0x00, 0x00, 0x00, 0x00, 0x22, 0x1b, 0x1a, 0x93,
    0x2a, 0x23, 0x1f, 0xff, 0x22, 0x1b, 0x18, 0xfc, 0x22, 0x1b, 0x18, 0xfc, 0x22, 0x1b, 0x17, 0xfc,
    0x21, 0x1b, 0x17, 0xfc, 0x21, 0x1a, 0x17, 0xfc, 0x21, 0x1b, 0x17, 0xfd, 0x22, 0x1b, 0x17, 0xfd,
    0x21, 0x1b, 0x17, 0xfc, 0x1f, 0x19, 0x15, 0xfc, 0x18, 0x13, 0x12, 0xfd, 0x1a, 0x14, 0x11, 0xfd,
    0x1e, 0x18, 0x14, 0xfd, 0x20, 0x19, 0x15, 0xfd, 0x1f, 0x19, 0x15, 0xfc, 0x06, 0x01, 0x11, 0xfc,
    0x89, 0x83, 0x06, 0xfd, 0xfe, 0xfe, 0x02, 0xfd, 0xf4, 0xe4, 0x02, 0xfd, 0xf5, 0xe5, 0x02, 0xfd,
    0xf4, 0xe4, 0x02, 0xfd, 0xf5, 0xe4, 0x02, 0xfd, 0xfe, 0xf3, 0x03, 0xfd, 0x6b, 0x62, 0x01, 0xfd,
    0x00, 0x00, 0x09, 0xfd, 0x1d, 0x17, 0x13, 0xfd, 0x1e, 0x18, 0x14, 0xfc, 0x1e, 0x18, 0x14, 0xfc,
    0x1a, 0x14, 0x12, 0xfc, 0x15, 0x10, 0x0f, 0xfc, 0x1a, 0x14, 0x11, 0xfd, 0x1d, 0x17, 0x13, 0xfc,
    0x1e, 0x18, 0x14, 0xfc, 0x1e, 0x18, 0x14, 0xfd, 0x1d, 0x17, 0x14, 0xfc, 0x1e, 0x18, 0x14, 0xfc,
    0x1e, 0x18, 0x14, 0xfc, 0x1e, 0x18, 0x14, 0xfc, 0x1f, 0x18, 0x15, 0xfc, 0x23, 0x1d, 0x19, 0xff,
    0x15, 0x10, 0x0d, 0xa6, 0x00, 0x00, 0x00, 0x00, 0x00, 0x00, 0x00, 0x00, 0x00, 0x00, 0x00, 0x00,
    0x00, 0x00, 0x00, 0x00, 0x00, 0x00, 0x00, 0x00, 0x00, 0x00, 0x00, 0x00, 0x11, 0x11, 0x08, 0x1d,
    0x23, 0x1d, 0x1a, 0xf5, 0x26, 0x20, 0x1c, 0xff, 0x22, 0x1b, 0x18, 0xfc, 0x22, 0x1b, 0x18, 0xfd,
    0x21, 0x1b, 0x17, 0xfd, 0x21, 0x1a, 0x17, 0xfc, 0x21, 0x1b, 0x17, 0xfd, 0x21, 0x1b, 0x17, 0xfd,
    0x21, 0x1b, 0x17, 0xfd, 0x21, 0x1a, 0x16, 0xfd, 0x21, 0x1b, 0x16, 0xfd, 0x20, 0x1a, 0x16, 0xfc,
    0x20, 0x1a, 0x16, 0xfd, 0x1f, 0x19, 0x15, 0xfc, 0x20, 0x19, 0x15, 0xfc, 0x16, 0x10, 0x13, 0xfd,
    0x2a, 0x24, 0x09, 0xfd, 0xb5, 0xa8, 0x01, 0xfd, 0xcf, 0xc0, 0x01, 0xfd, 0xcc, 0xbd, 0x01, 0xfd,
    0xcc, 0xbd, 0x01, 0xfd, 0xd1, 0xc1, 0x01, 0xfd, 0xa2, 0x95, 0x01, 0xfd, 0x17, 0x14, 0x02, 0xfd,
    0x0f, 0x0a, 0x0c, 0xfd, 0x1e, 0x17, 0x13, 0xfd, 0x1f, 0x18, 0x14, 0xfc, 0x1f, 0x18, 0x14, 0xfc,
    0x1f, 0x19, 0x15, 0xfc, 0x1f, 0x18, 0x14, 0xfd, 0x1e, 0x18, 0x14, 0xfd, 0x1e, 0x18, 0x14, 0xfc,
    0x1e, 0x18, 0x14, 0xfd, 0x1e, 0x18, 0x14, 0xfd, 0x1e, 0x18, 0x14, 0xfc, 0x1e, 0x18, 0x14, 0xfc,
    0x1e, 0x18, 0x14, 0xfd, 0x1e, 0x17, 0x13, 0xfd, 0x23, 0x1c, 0x18, 0xff, 0x1b, 0x15, 0x12, 0xfc,
    0x06, 0x06, 0x00, 0x2a, 0x00, 0x00, 0x00, 0x00, 0x00, 0x00, 0x00, 0x00, 0x00, 0x00, 0x00, 0x00,
    0x00, 0x00, 0x00, 0x00, 0x00, 0x00, 0x00, 0x00, 0x00, 0x00, 0x00, 0x00, 0x00, 0x00, 0x00, 0x00,
    0x18, 0x13, 0x11, 0x68, 0x26, 0x1f, 0x1b, 0xff, 0x25, 0x1e, 0x1b, 0xfe, 0x21, 0x1b, 0x17, 0xfc,
    0x21, 0x1b, 0x17, 0xfd, 0x21, 0x1b, 0x17, 0xfc, 0x21, 0x1a, 0x17, 0xfd, 0x21, 0x1b, 0x17, 0xfc,
    0x20, 0x1a, 0x16, 0xfc, 0x21, 0x1b, 0x16, 0xfd, 0x20, 0x1a, 0x16, 0xfd, 0x20, 0x1a, 0x15, 0xfd,
    0x1f, 0x19, 0x15, 0xfd, 0x1f, 0x19, 0x15, 0xfd, 0x20, 0x1a, 0x16, 0xfc, 0x20, 0x1a, 0x15, 0xfd,
    0x12, 0x0d, 0x10, 0xfc, 0x08, 0x04, 0x07, 0xfd, 0x13, 0x10, 0x02, 0xfd, 0x11, 0x0e, 0x02, 0xfd,
    0x11, 0x0e, 0x01, 0xfd, 0x11, 0x0f, 0x01, 0xfd, 0x02, 0x00, 0x03, 0xfd, 0x0b, 0x07, 0x09, 0xfc,
    0x1b, 0x15, 0x11, 0xfd, 0x1e, 0x18, 0x14, 0xfc, 0x1f, 0x18, 0x15, 0xfc, 0x1f, 0x18, 0x14, 0xfc,
    0x1e, 0x18, 0x14, 0xfc, 0x1e, 0x18, 0x14, 0xfc, 0x1e, 0x18, 0x14, 0xfc, 0x1e, 0x18, 0x14, 0xfc,
    0x1e, 0x18, 0x14, 0xfd, 0x1e, 0x18, 0x14, 0xfc, 0x1e, 0x18, 0x14, 0xfc, 0x1e, 0x18, 0x14, 0xfc,
    0x1e, 0x17, 0x13, 0xfd, 0x22, 0x1b, 0x17, 0xfd, 0x1f, 0x18, 0x15, 0xff, 0x0e, 0x0a, 0x08, 0x78,
    0x00, 0x00, 0x00, 0x00, 0x00, 0x00, 0x00, 0x00, 0x00, 0x00, 0x00, 0x00, 0x00, 0x00, 0x00, 0x00,
    0x00, 0x00, 0x00, 0x00, 0x00, 0x00, 0x00, 0x00, 0x00, 0x00, 0x00, 0x00, 0x00, 0x00, 0x00, 0x00,
    0x00, 0x00, 0x00, 0x00, 0x17, 0x11, 0x0e, 0x8e, 0x24, 0x1d, 0x1a, 0xff, 0x25, 0x1f, 0x1b, 0xff,
    0x21, 0x1b, 0x17, 0xfc, 0x20, 0x1a, 0x17, 0xfc, 0x21, 0x1a, 0x16, 0xfd, 0x21, 0x1a, 0x17, 0xfd,
    0x21, 0x1a, 0x16, 0xfc, 0x21, 0x1a, 0x16, 0xfc, 0x20, 0x1a, 0x16, 0xfc, 0x20, 0x19, 0x15, 0xfd,
    0x1f, 0x19, 0x15, 0xfc, 0x20, 0x19, 0x15, 0xfc, 0x20, 0x1a, 0x16, 0xfc, 0x20, 0x1a, 0x15, 0xfd,
    0x1f, 0x19, 0x14, 0xfd, 0x18, 0x13, 0x12, 0xfd, 0x11, 0x0c, 0x0e, 0xfd, 0x10, 0x0b, 0x0d, 0xfd,
    0x0f, 0x0b, 0x0c, 0xfd, 0x10, 0x0b, 0x0d, 0xfd, 0x16, 0x10, 0x0e, 0xfd, 0x1c, 0x16, 0x12, 0xfd,
    0x1e, 0x18, 0x14, 0xfd, 0x1f, 0x18, 0x14, 0xfc, 0x1f, 0x18, 0x14, 0xfd, 0x1e, 0x18, 0x14, 0xfd,
    0x1e, 0x18, 0x14, 0xfc, 0x1e, 0x17, 0x13, 0xfc, 0x1e, 0x18, 0x13, 0xfc, 0x1e, 0x17, 0x14, 0xfd,
    0x1e, 0x17, 0x13, 0xfd, 0x1e, 0x17, 0x14, 0xfd, 0x1d, 0x17, 0x13, 0xfd, 0x1f, 0x18, 0x14, 0xfc,
    0x22, 0x1c, 0x17, 0xff, 0x1d, 0x17, 0x13, 0xff, 0x0d, 0x09, 0x06, 0x9c, 0x00, 0x00, 0x00, 0x00,
    0x00, 0x00, 0x00, 0x00, 0x00, 0x00, 0x00, 0x00, 0x00, 0x00, 0x00, 0x00, 0x00, 0x00, 0x00, 0x00,
    0x00, 0x00, 0x00, 0x00, 0x00, 0x00, 0x00, 0x00, 0x00, 0x00, 0x00, 0x00, 0x00, 0x00, 0x00, 0x00,
    0x00, 0x00, 0x00, 0x00, 0x00, 0x00, 0x00, 0x00, 0x12, 0x0e, 0x0a, 0x7f, 0x1d, 0x17, 0x14, 0xff,
    0x24, 0x1e, 0x1a, 0xff, 0x24, 0x1e, 0x1a, 0xfe, 0x22, 0x1c, 0x18, 0xfd, 0x22, 0x1b, 0x17, 0xfd,
    0x21, 0x1a, 0x16, 0xfc, 0x20, 0x1a, 0x16, 0xfc, 0x21, 0x1a, 0x16, 0xfd, 0x21, 0x1a, 0x16, 0xfd,
    0x20, 0x1a, 0x16, 0xfd, 0x20, 0x1a, 0x16, 0xfc, 0x21, 0x1a, 0x16, 0xfc, 0x20, 0x19, 0x16, 0xfd,
    0x1f, 0x19, 0x15, 0xfd, 0x20, 0x1a, 0x15, 0xfd, 0x20, 0x19, 0x15, 0xfd, 0x1e, 0x18, 0x14, 0xfd,
    0x1e, 0x18, 0x14, 0xfd, 0x1f, 0x18, 0x14, 0xfd, 0x1f, 0x18, 0x14, 0xfd, 0x1f, 0x18, 0x14, 0xfd,
    0x1f, 0x19, 0x15, 0xfd, 0x1f, 0x18, 0x14, 0xfd, 0x1f, 0x18, 0x14, 0xfd, 0x1e, 0x18, 0x14, 0xfd,
    0x1e, 0x18, 0x14, 0xfc, 0x1e, 0x18, 0x14, 0xfd, 0x1e, 0x18, 0x14, 0xfd, 0x1e, 0x18, 0x14, 0xfd,
    0x1e, 0x18, 0x14, 0xfd, 0x1f, 0x19, 0x15, 0xfd, 0x20, 0x1a, 0x16, 0xff, 0x20, 0x1a, 0x15, 0xff,
    0x17, 0x12, 0x0e, 0xff, 0x0b, 0x07, 0x05, 0x86, 0x00, 0x00, 0x00, 0x00, 0x00, 0x00, 0x00, 0x00,
    0x00, 0x00, 0x00, 0x00, 0x00, 0x00, 0x00, 0x00, 0x00, 0x00, 0x00, 0x00, 0x00, 0x00, 0x00, 0x00,
    0x00, 0x00, 0x00, 0x00, 0x00, 0x00, 0x00, 0x00, 0x00, 0x00, 0x00, 0x00, 0x00, 0x00, 0x00, 0x00,
    0x00, 0x00, 0x00, 0x00, 0x00, 0x00, 0x00, 0x00, 0x00, 0x00, 0x00, 0x00, 0x07, 0x03, 0x03, 0x40,
    0x12, 0x0e, 0x0c, 0xbf, 0x19, 0x14, 0x11, 0xff, 0x20, 0x1a, 0x16, 0xff, 0x22, 0x1c, 0x18, 0xff,
    0x22, 0x1b, 0x17, 0xff, 0x21, 0x1b, 0x17, 0xff, 0x21, 0x1b, 0x17, 0xff, 0x22, 0x1b, 0x17, 0xff,
    0x21, 0x1b, 0x17, 0xff, 0x22, 0x1b, 0x17, 0xff, 0x21, 0x1b, 0x17, 0xff, 0x21, 0x1a, 0x16, 0xff,
    0x21, 0x1a, 0x16, 0xff, 0x21, 0x1b, 0x17, 0xff, 0x21, 0x1b, 0x17, 0xff, 0x21, 0x1a, 0x16, 0xff,
    0x20, 0x1a, 0x16, 0xff, 0x20, 0x1a, 0x16, 0xff, 0x20, 0x19, 0x15, 0xff, 0x21, 0x1a, 0x16, 0xff,
    0x20, 0x1a, 0x16, 0xff, 0x20, 0x1a, 0x15, 0xff, 0x20, 0x1a, 0x15, 0xff, 0x1f, 0x19, 0x15, 0xff,
    0x20, 0x19, 0x15, 0xff, 0x20, 0x19, 0x15, 0xff, 0x20, 0x19, 0x15, 0xff, 0x20, 0x19, 0x15, 0xff,
    0x1f, 0x19, 0x15, 0xff, 0x1d, 0x17, 0x13, 0xff, 0x16, 0x11, 0x0e, 0xff, 0x0e, 0x0a, 0x07, 0xc1,
    0x03, 0x00, 0x00, 0x43, 0x00, 0x00, 0x00, 0x00, 0x00, 0x00, 0x00, 0x00, 0x00, 0x00, 0x00, 0x00,
    0x00, 0x00, 0x00, 0x00, 0x00, 0x00, 0x00, 0x00, 0x00, 0x00, 0x00, 0x00, 0x00, 0x00, 0x00, 0x00,
    0x00, 0x00, 0x00, 0x00, 0x00, 0x00, 0x00, 0x00, 0x00, 0x00, 0x00, 0x00, 0x00, 0x00, 0x00, 0x00,
    0x00, 0x00, 0x00, 0x00, 0x00, 0x00, 0x00, 0x00, 0x00, 0x00, 0x00, 0x00, 0x00, 0x00, 0x00, 0x00,
    0x00, 0x00, 0x00, 0x00, 0x04, 0x00, 0x00, 0x36, 0x0a, 0x08, 0x06, 0x7c, 0x0d, 0x0a, 0x07, 0xaa,
    0x0e, 0x0a, 0x07, 0xc0, 0x0f, 0x0b, 0x09, 0xc3, 0x0f, 0x0a, 0x09, 0xc2, 0x0e, 0x0b, 0x07, 0xc1,
    0x0e, 0x0a, 0x07, 0xc2, 0x0e, 0x0a, 0x07, 0xc3, 0x0e, 0x0a, 0x07, 0xc2, 0x0e, 0x0a, 0x07, 0xc3,
    0x0e, 0x0a, 0x07, 0xc2, 0x0e, 0x0a, 0x07, 0xc2, 0x0e, 0x0a, 0x07, 0xc2, 0x0e, 0x0a, 0x07, 0xc2,
    0x0e, 0x0a, 0x07, 0xc1, 0x0e, 0x0a, 0x07, 0xc1, 0x0e, 0x0a, 0x07, 0xc2, 0x0e, 0x0a, 0x07, 0xc2,
    0x0e, 0x0a, 0x07, 0xc2, 0x0e, 0x0a, 0x07, 0xc2, 0x0e, 0x0a, 0x07, 0xc2, 0x0e, 0x0a, 0x07, 0xc2,
    0x0e, 0x0a, 0x07, 0xc2, 0x0e, 0x0a, 0x07, 0xc3, 0x0e, 0x0a, 0x07, 0xc2, 0x0e, 0x0a, 0x08, 0xbe,
    0x0d, 0x09, 0x07, 0xa9, 0x0a, 0x06, 0x04, 0x7b, 0x04, 0x00, 0x00, 0x35, 0x00, 0x00, 0x00, 0x00,
    0x00, 0x00, 0x00, 0x00, 0x00, 0x00, 0x00, 0x00, 0x00, 0x00, 0x00, 0x00, 0x00, 0x00, 0x00, 0x00,
    0x00, 0x00, 0x00, 0x00, 0x00, 0x00, 0x00, 0x00, 0x00, 0x00, 0x00, 0x00, 0x00, 0x00, 0x00, 0x00,
    0x00, 0x00, 0x00, 0x00, 0x00, 0x00, 0x00, 0x00, 0x00, 0x00, 0x00, 0x00, 0x00, 0x00, 0x00, 0x00,
    0x00, 0x00, 0x00, 0x00, 0x00, 0x00, 0x00, 0x00, 0x00, 0x00, 0x00, 0x00, 0x00, 0x00, 0x00, 0x00,
    0x00, 0x00, 0x00, 0x00, 0x00, 0x00, 0x00, 0x00, 0x00, 0x00, 0x00, 0x00, 0x00, 0x00, 0x00, 0x00,
    0x00, 0x00, 0x00, 0x00, 0x00, 0x00, 0x00, 0x00, 0x00, 0x00, 0x00, 0x00, 0x00, 0x00, 0x00, 0x00,
    0x00, 0x00, 0x00, 0x00, 0x00, 0x00, 0x00, 0x00, 0x00, 0x00, 0x00, 0x00, 0x00, 0x00, 0x00, 0x00,
    0x00, 0x00, 0x00, 0x00, 0x00, 0x00, 0x00, 0x00, 0x00, 0x00, 0x00, 0x00, 0x00, 0x00, 0x00, 0x00,
    0x00, 0x00, 0x00, 0x00, 0x00, 0x00, 0x00, 0x00, 0x00, 0x00, 0x00, 0x00, 0x00, 0x00, 0x00, 0x00,
    0x00, 0x00, 0x00, 0x00, 0x00, 0x00, 0x00, 0x00, 0x00, 0x00, 0x00, 0x00, 0x00, 0x00, 0x00, 0x00,
    0x00, 0x00, 0x00, 0x00, 0x00, 0x00, 0x00, 0x00, 0x00, 0x00, 0x00, 0x00, 0x00, 0x00, 0x00, 0x00,
    0x00, 0x00, 0x00, 0x00, 0x00, 0x00, 0x00, 0x00, 0x00, 0x00, 0x00, 0x00, 0x00, 0x00, 0x00, 0x00,
    0x00, 0x00, 0x00, 0x00, 0x00, 0x00, 0x00, 0x00, 0x00, 0x00, 0x00, 0x00, 0x00, 0x00, 0x00, 0x00,
    0x00, 0x00, 0x00, 0x00, 0x00, 0x00, 0x00, 0x00, 0x00, 0x00, 0x00, 0x00, 0x00, 0x00, 0x00, 0x00,
    0x00, 0x00, 0x00, 0x00, 0x00, 0x00, 0x00, 0x00, 0x00, 0x00, 0x00, 0x00, 0x00, 0x00, 0x00, 0x00,
    0x00, 0x00, 0x00, 0x00, 0x00, 0x00, 0x00, 0x00, 0x00, 0x00, 0x00, 0x00, 0x00, 0x00, 0x00, 0x00,
    0x00, 0x00, 0x00, 0x00, 0x00, 0x00, 0x00, 0x00, 0x00, 0x00, 0x00, 0x00, 0x00, 0x00, 0x00, 0x00,
    0x00, 0x00, 0x00, 0x00, 0x00, 0x00, 0x00, 0x00, 0x00, 0x00, 0x00, 0x00, 0x00, 0x00, 0x00, 0x00,
    0x00, 0x00, 0x00, 0x00, 0x00, 0x00, 0x00, 0x00, 0x00, 0x00, 0x00, 0x00, 0x00, 0x00, 0x00, 0x00,
    0x00, 0x00, 0x00, 0x00, 0x00, 0x00, 0x00, 0x00, 0x00, 0x00, 0x00, 0x00, 0x00, 0x00, 0x00, 0x00,
    0x00, 0x00, 0x00, 0x00, 0x00, 0x00, 0x00, 0x00, 0x00, 0x00, 0x00, 0x00, 0x00, 0x00, 0x00, 0x00,
    0x00, 0x00, 0x00, 0x00, 0x00, 0x00, 0x00, 0x00, 0x00, 0x00, 0x00, 0x00, 0x00, 0x00, 0x00, 0x00,
    0x00, 0x00, 0x00, 0x00, 0x00, 0x00, 0x00, 0x00, 0x00, 0x00, 0x00, 0x00, 0x00, 0x00, 0x00, 0x00,
    0x00, 0x00, 0x00, 0x00, 0x00, 0x00, 0x00, 0x00, 0x00, 0x00, 0x00, 0x00, 0x00, 0x00, 0x00, 0x00,
    0x00, 0x00, 0x00, 0x00, 0x00, 0x00, 0x00, 0x00, 0x00, 0x00, 0x00, 0x00, 0x00, 0x00, 0x00, 0x00,
    0x00, 0x00, 0x00, 0x00, 0x00, 0x00, 0x00, 0x00, 0x00, 0x00, 0x00, 0x00, 0x00, 0x00, 0x00, 0x00,
    0x00, 0x00, 0x00, 0x00, 0x00, 0x00, 0x00, 0x00, 0x00, 0x00, 0x00, 0x00, 0x00, 0x00, 0x00, 0x00,
    0x00, 0x00, 0x00, 0x00, 0x00, 0x00, 0x00, 0x00, 0x00, 0x00, 0x00, 0x00, 0x00, 0x00, 0x00, 0x00,
    0x00, 0x00, 0x00, 0x00, 0x00, 0x00, 0x00, 0x00, 0x00, 0x00, 0x00, 0x00, 0x00, 0x00, 0x00, 0x00,
    0x00, 0x00, 0x00, 0x00, 0x00, 0x00, 0x00, 0x00, 0x00, 0x00, 0x00, 0x00, 0x00, 0x00, 0x00, 0x00,
    0x00, 0x00, 0x00, 0x00, 0x00, 0x00, 0x00, 0x00, 0x00, 0x00, 0x00, 0x00, 0x00, 0x00, 0x00, 0x00,
    0x00, 0x00, 0x00, 0x00, 0x00, 0x00, 0x00, 0x00, 0x00, 0x00, 0x00, 0x00, 0x00, 0x00, 0x00, 0x00,
    0x00, 0x00, 0x00, 0x00, 0x00, 0x00, 0x00, 0x00, 0x00, 0x00, 0x00, 0x00, 0x00, 0x00, 0x00, 0x00,
    0x00, 0x00, 0x00, 0x00, 0x00, 0x00, 0x00, 0x00, 0x00, 0x00, 0x00, 0x00, 0x00, 0x00, 0x00, 0x00,
    0x00, 0x00, 0x00, 0x00, 0x00, 0x00, 0x00, 0x00, 0x00, 0x00, 0x00, 0x00, 0x00, 0x00, 0x00, 0x00,
    0x00, 0x00, 0x00, 0x00, 0x00, 0x00, 0x00, 0x00, 0x00, 0x00, 0x00, 0x00, 0x00, 0x00, 0x00, 0x00,
    0x00, 0x00, 0x00, 0x00, 0x00, 0x00, 0x00, 0x00, 0x00, 0x00, 0x00, 0x00, 0x00, 0x00, 0x00, 0x00,
    0x00, 0x00, 0x00, 0x00, 0x00, 0x00, 0x00, 0x00, 0x00, 0x00, 0x00, 0x00, 0x00, 0x00, 0x00, 0x00,
    0x00, 0x00, 0x00, 0x00, 0x00, 0x00, 0x00, 0x00, 0x00, 0x00, 0x00, 0x00, 0x00, 0x00, 0x00, 0x00,
    0x00, 0x00, 0x00, 0x00, 0x00, 0x00, 0x00, 0x00, 0x00, 0x00, 0x00, 0x00, 0x00, 0x00, 0x00, 0x00,
    0x00, 0x00, 0x00, 0x00, 0x00, 0x00, 0x00, 0x00, 0x00, 0x00, 0x00, 0x00, 0x00, 0x00, 0x00, 0x00,
    0x00, 0x00, 0x00, 0x00, 0x00, 0x00, 0x00, 0x00, 0x00, 0x00, 0x00, 0x00, 0x00, 0x00, 0x00, 0x00,
    0x00, 0x00, 0x00, 0x00, 0x00, 0x00, 0x00, 0x00, 0x00, 0x00, 0x00, 0x00, 0x00, 0x00, 0x00, 0x00,
    0x00, 0x00, 0x00, 0x00, 0x00, 0x00, 0x00, 0x00, 0x00, 0x00, 0x00, 0x00, 0x00, 0x00, 0x00, 0x00,
    0x00, 0x00, 0x00, 0x00, 0x00, 0x00, 0x00, 0x00, 0x00, 0x00, 0x00, 0x00, 0x00, 0x00, 0x00, 0x00,
    0x00, 0x00, 0x00, 0x00, 0x00, 0x00, 0x00, 0x00, 0x00, 0x00, 0x00, 0x00, 0x00, 0x00, 0x00, 0x00,
    0x00, 0x00, 0x00, 0x00, 0x00, 0x00, 0x00, 0x00, 0x00, 0x00, 0x00, 0x00, 0x00, 0x00, 0x00, 0x00,
    0x00, 0x00, 0x00, 0x00, 0x00, 0x00, 0x00, 0x00, 0x00, 0x00, 0x00, 0x00, 0x00, 0x00, 0x00, 0x00,
    0x00, 0x00, 0x00, 0x00, 0x00, 0x00, 0x00, 0x00, 0x00, 0x00, 0x00, 0x00, 0x00, 0x00, 0x00, 0x00,
    0x00, 0x00, 0x00, 0x00, 0x00, 0x00, 0x00, 0x00, 0x00, 0x00, 0x00, 0x00, 0x00, 0x00, 0x00, 0x00,
};

const lv_image_dsc_t toolbox_icon_settings = {
    .header.cf = LV_COLOR_FORMAT_ARGB8888,
    .header.magic = LV_IMAGE_HEADER_MAGIC,
    .header.w = 48,
    .header.h = 48,
    .data_size = sizeof(toolbox_icon_settings_map),
    .data = toolbox_icon_settings_map,
};
